{
"type": "FeatureCollection",
"name": "geo_44_2",
"crs": { "type": "name", "properties": { "name": "urn:ogc:def:crs:OGC:1.3:CRS84" } },
"features": [
{ "type": "Feature", "properties": { "内容": "明野耳鼻咽喉科医院【2:診療所】【診療科目:耳鼻いんこう科_気管食道・耳鼻いんこう科_頭頸部・耳鼻いんこう科】大分県大分市明野東", "url": "https://www.iryou.teikyouseido.mhlw.go.jp/znk-web/juminkanja/S2430/initialize?prefCd=44&kikanCd=1016700000&kikanKbn=2", "url2": null }, "geometry": { "type": "Point", "coordinates": [ 131.65931, 33.221856 ] } },
{ "type": "Feature", "properties": { "内容": "あけのメディカルクリニック【2:診療所】【診療科目:内科_呼吸器内科_精神科】大分県大分市横尾", "url": "https://www.iryou.teikyouseido.mhlw.go.jp/znk-web/juminkanja/S2430/initialize?prefCd=44&kikanCd=1016800000&kikanKbn=2", "url2": "https://akenomedical.com/" }, "geometry": { "type": "Point", "coordinates": [ 131.649256, 33.217166 ] } },
{ "type": "Feature", "properties": { "内容": "医療法人　一淑会　麻生整形外科クリニック【2:診療所】【診療科目:整形外科_形成外科_リハビリテーション科】大分県大分市新春日町２－３－１３", "url": "https://www.iryou.teikyouseido.mhlw.go.jp/znk-web/juminkanja/S2430/initialize?prefCd=44&kikanCd=1016900000&kikanKbn=2", "url2": "https://aso-seikei.com/" }, "geometry": { "type": "Point", "coordinates": [ 131.590863, 33.232399 ] } },
{ "type": "Feature", "properties": { "内容": "安達産婦人科【2:診療所】【診療科目:産婦人科】大分県大分市宮崎", "url": "https://www.iryou.teikyouseido.mhlw.go.jp/znk-web/juminkanja/S2430/initialize?prefCd=44&kikanCd=1017100000&kikanKbn=2", "url2": "http://www.adachi-sosei.com/" }, "geometry": { "type": "Point", "coordinates": [ 131.605734, 33.197923 ] } },
{ "type": "Feature", "properties": { "内容": "阿部眼科医院【2:診療所】【診療科目:眼科】大分県大分市王子南町２－３４", "url": "https://www.iryou.teikyouseido.mhlw.go.jp/znk-web/juminkanja/S2430/initialize?prefCd=44&kikanCd=1017300000&kikanKbn=2", "url2": "https://abeganka.jp/" }, "geometry": { "type": "Point", "coordinates": [ 131.593724, 33.240177 ] } },
{ "type": "Feature", "properties": { "内容": "安部クリニック【2:診療所】【診療科目:内科_循環器内科_小児科_アレルギー科】大分県大分市三ケ田町３丁目３番２８号", "url": "https://www.iryou.teikyouseido.mhlw.go.jp/znk-web/juminkanja/S2430/initialize?prefCd=44&kikanCd=1017400000&kikanKbn=2", "url2": null }, "geometry": { "type": "Point", "coordinates": [ 131.589661, 33.214351 ] } },
{ "type": "Feature", "properties": { "内容": "大分あべハートクリニック　内科・循環器科・リハビリテーション科【2:診療所】【診療科目:内科_循環器内科_リハビリテーション科】大分県大分市萩原３丁目２２ー２８", "url": "https://www.iryou.teikyouseido.mhlw.go.jp/znk-web/juminkanja/S2430/initialize?prefCd=44&kikanCd=1017500000&kikanKbn=2", "url2": "https://www.dr-abe.com/" }, "geometry": { "type": "Point", "coordinates": [ 131.645547, 33.244606 ] } },
{ "type": "Feature", "properties": { "内容": "アリナガ美容外科・歯科【2:診療所】【診療科目:外科_形成外科_美容外科_皮膚科_麻酔科】大分県大分市中央町２－８－１０　ヴィアレテッツォビル　２Ｆ", "url": "https://www.iryou.teikyouseido.mhlw.go.jp/znk-web/juminkanja/S2430/initialize?prefCd=44&kikanCd=1017600000&kikanKbn=2", "url2": "http://www.ari-biyo.com" }, "geometry": { "type": "Point", "coordinates": [ 131.605609, 33.238227 ] } },
{ "type": "Feature", "properties": { "内容": "アンジェリッククリニック浦田【2:診療所】【診療科目:産婦人科】大分県大分市花津留", "url": "https://www.iryou.teikyouseido.mhlw.go.jp/znk-web/juminkanja/S2430/initialize?prefCd=44&kikanCd=1017800000&kikanKbn=2", "url2": "http://www.angelicurata.jp" }, "geometry": { "type": "Point", "coordinates": [ 131.633349, 33.243833 ] } },
{ "type": "Feature", "properties": { "内容": "あんどう糖尿病内科クリニック【2:診療所】【診療科目:内科_糖尿病内科】大分県大分市高松１－４－４", "url": "https://www.iryou.teikyouseido.mhlw.go.jp/znk-web/juminkanja/S2430/initialize?prefCd=44&kikanCd=1017900000&kikanKbn=2", "url2": "https://ando-tounyou.com/" }, "geometry": { "type": "Point", "coordinates": [ 131.655293, 33.244984 ] } },
{ "type": "Feature", "properties": { "内容": "ペインクリニック内科　いけべ医院【2:診療所】【診療科目:内科_呼吸器内科_循環器内科_ペインクリニック内科_リハビリテーション科_麻酔科】大分県大分市羽屋３丁目４番８号", "url": "https://www.iryou.teikyouseido.mhlw.go.jp/znk-web/juminkanja/S2430/initialize?prefCd=44&kikanCd=1018400000&kikanKbn=2", "url2": "http://www5f.biglobe.ne.jp/~ikebe-iin/" }, "geometry": { "type": "Point", "coordinates": [ 131.604173, 33.21521 ] } },
{ "type": "Feature", "properties": { "内容": "石和こどもクリニック【2:診療所】【診療科目:小児科】大分県大分市羽屋１丁目５番７号", "url": "https://www.iryou.teikyouseido.mhlw.go.jp/znk-web/juminkanja/S2430/initialize?prefCd=44&kikanCd=1018800000&kikanKbn=2", "url2": "ishiwa-cl.com" }, "geometry": { "type": "Point", "coordinates": [ 131.6002013, 33.2151237 ] } },
{ "type": "Feature", "properties": { "内容": "一番ケ瀬内科医院【2:診療所】【診療科目:内科_アレルギー科_リウマチ科_リハビリテーション科】大分県大分市大道町６－９", "url": "https://www.iryou.teikyouseido.mhlw.go.jp/znk-web/juminkanja/S2430/initialize?prefCd=44&kikanCd=1019100000&kikanKbn=2", "url2": null }, "geometry": { "type": "Point", "coordinates": [ 131.594764, 33.225702 ] } },
{ "type": "Feature", "properties": { "内容": "医療法人　伊東Ｋクリニック【2:診療所】【診療科目:内科_呼吸器内科_胃腸内科_放射線科】大分県大分市大字三芳クス神２１８８番地の１", "url": "https://www.iryou.teikyouseido.mhlw.go.jp/znk-web/juminkanja/S2430/initialize?prefCd=44&kikanCd=1019200000&kikanKbn=2", "url2": "http://www7a.biglobe.ne.jp/^ito-k-clinic/sub3.htm/" }, "geometry": { "type": "Point", "coordinates": [ 131.589951, 33.225669 ] } },
{ "type": "Feature", "properties": { "内容": "伊藤内科医院【2:診療所】【診療科目:内科_感染症内科_小児科】大分県大分市大石町４−１−２", "url": "https://www.iryou.teikyouseido.mhlw.go.jp/znk-web/juminkanja/S2430/initialize?prefCd=44&kikanCd=1019400000&kikanKbn=2", "url2": "http://ito-naika.net/" }, "geometry": { "type": "Point", "coordinates": [ 131.583295, 33.211727 ] } },
{ "type": "Feature", "properties": { "内容": "伊東レディースクリニック【2:診療所】【診療科目:産婦人科】大分県大分市大字森６６０番地の１", "url": "https://www.iryou.teikyouseido.mhlw.go.jp/znk-web/juminkanja/S2430/initialize?prefCd=44&kikanCd=1019600000&kikanKbn=2", "url2": "http://ito-ladies.jp" }, "geometry": { "type": "Point", "coordinates": [ 131.680167, 33.222115 ] } },
{ "type": "Feature", "properties": { "内容": "井上循環器科内科クリニック【2:診療所】【診療科目:内科_循環器内科】大分県大分市高松", "url": "https://www.iryou.teikyouseido.mhlw.go.jp/znk-web/juminkanja/S2430/initialize?prefCd=44&kikanCd=1019700000&kikanKbn=2", "url2": null }, "geometry": { "type": "Point", "coordinates": [ 131.655427, 33.2460378 ] } },
{ "type": "Feature", "properties": { "内容": "井野辺府内クリニック【2:診療所】【診療科目:内科_呼吸器内科_循環器内科_消化器内科_神経内科_リハビリテーション科】大分県大分市府内町１丁目３番２３号", "url": "https://www.iryou.teikyouseido.mhlw.go.jp/znk-web/juminkanja/S2430/initialize?prefCd=44&kikanCd=1019900000&kikanKbn=2", "url2": "http://www.inobe.or.jp/" }, "geometry": { "type": "Point", "coordinates": [ 131.610019, 33.235216 ] } },
{ "type": "Feature", "properties": { "内容": "医療法人　松寿堂　西の台医院【2:診療所】【診療科目:内科_循環器内科_消化器内科_小児科_リハビリテーション科】大分県大分市三芳１９５５番地", "url": "https://www.iryou.teikyouseido.mhlw.go.jp/znk-web/juminkanja/S2430/initialize?prefCd=44&kikanCd=1020100000&kikanKbn=2", "url2": null }, "geometry": { "type": "Point", "coordinates": [ 131.588874, 33.226384 ] } },
{ "type": "Feature", "properties": { "内容": "辛島内科・消化器内科【2:診療所】【診療科目:内科_呼吸器内科_消化器内科_リハビリテーション科】大分県大分市賀来新川二丁目１番１５号", "url": "https://www.iryou.teikyouseido.mhlw.go.jp/znk-web/juminkanja/S2430/initialize?prefCd=44&kikanCd=1020200000&kikanKbn=2", "url2": "http://www.clinic-kaku-oita.com/pc/index.html" }, "geometry": { "type": "Point", "coordinates": [ 131.573903, 33.212734 ] } },
{ "type": "Feature", "properties": { "内容": "医療法人　仁真会　真央クリニック【2:診療所】【診療科目:内科_漢方内科_脳神経外科_整形外科_精神科_リハビリテーション科】大分県大分市小池原１１６７番地１", "url": "https://www.iryou.teikyouseido.mhlw.go.jp/znk-web/juminkanja/S2430/initialize?prefCd=44&kikanCd=1020300000&kikanKbn=2", "url2": "http://www.shin-ou.jp/" }, "geometry": { "type": "Point", "coordinates": [ 131.661065, 33.241326 ] } },
{ "type": "Feature", "properties": { "内容": "社会医療法人　関愛会　こうざきクリニック【2:診療所】【診療科目:内科】大分県大分市本神崎２５１－８", "url": "https://www.iryou.teikyouseido.mhlw.go.jp/znk-web/juminkanja/S2430/initialize?prefCd=44&kikanCd=1020400000&kikanKbn=2", "url2": "https://www.sekiaikai.jp/contact/kouzaki-clinic/" }, "geometry": { "type": "Point", "coordinates": [ 131.79564, 33.233276 ] } },
{ "type": "Feature", "properties": { "内容": "医療法人社団　愛育会　曽根崎産婦人科医院【2:診療所】【診療科目:産科_婦人科】大分県大分市二又町一丁目２番７号", "url": "https://www.iryou.teikyouseido.mhlw.go.jp/znk-web/juminkanja/S2430/initialize?prefCd=44&kikanCd=1020600000&kikanKbn=2", "url2": "http://sonezaki-clinic.com" }, "geometry": { "type": "Point", "coordinates": [ 131.594627, 33.215804 ] } },
{ "type": "Feature", "properties": { "内容": "岩永こどもクリニック【2:診療所】【診療科目:小児科】大分県大分市賀来南", "url": "https://www.iryou.teikyouseido.mhlw.go.jp/znk-web/juminkanja/S2430/initialize?prefCd=44&kikanCd=1020700000&kikanKbn=2", "url2": "http://www.oitagunshi-ishikai.jp/iryokikan/iwanaga.htm" }, "geometry": { "type": "Point", "coordinates": [ 131.560821, 33.211503 ] } },
{ "type": "Feature", "properties": { "内容": "富士見が丘さくらクリニック【2:診療所】【診療科目:内科】大分県大分市富士見が丘東５丁目１０番１２号", "url": "https://www.iryou.teikyouseido.mhlw.go.jp/znk-web/juminkanja/S2430/initialize?prefCd=44&kikanCd=1020800000&kikanKbn=2", "url2": null }, "geometry": { "type": "Point", "coordinates": [ 131.543802, 33.181642 ] } },
{ "type": "Feature", "properties": { "内容": "うえお乳腺外科【2:診療所】【診療科目:外科】大分県大分市二又町１−３−５", "url": "https://www.iryou.teikyouseido.mhlw.go.jp/znk-web/juminkanja/S2430/initialize?prefCd=44&kikanCd=1020900000&kikanKbn=2", "url2": "http://www.oita-mamma.jp/index.html" }, "geometry": { "type": "Point", "coordinates": [ 131.59544, 33.215533 ] } },
{ "type": "Feature", "properties": { "内容": "植田泌尿器科医院【2:診療所】【診療科目:腎臓・泌尿器科】大分県大分市大在中央２丁目５番１１号", "url": "https://www.iryou.teikyouseido.mhlw.go.jp/znk-web/juminkanja/S2430/initialize?prefCd=44&kikanCd=1021100000&kikanKbn=2", "url2": null }, "geometry": { "type": "Point", "coordinates": [ 131.7217566, 33.2438519 ] } },
{ "type": "Feature", "properties": { "内容": "上野醫院【2:診療所】【診療科目:内科_消化器内科_外科_整形外科】大分県大分市田中町三丁目２番１４号", "url": "https://www.iryou.teikyouseido.mhlw.go.jp/znk-web/juminkanja/S2430/initialize?prefCd=44&kikanCd=1021300000&kikanKbn=2", "url2": "https://oitauenoclinic.amebaownd.com/" }, "geometry": { "type": "Point", "coordinates": [ 131.595024, 33.211452 ] } },
{ "type": "Feature", "properties": { "内容": "内林皮フ科医院【2:診療所】【診療科目:皮膚科】大分県大分市城崎町１丁目５番２６号", "url": "https://www.iryou.teikyouseido.mhlw.go.jp/znk-web/juminkanja/S2430/initialize?prefCd=44&kikanCd=1021600000&kikanKbn=2", "url2": null }, "geometry": { "type": "Point", "coordinates": [ 131.615535, 33.239894 ] } },
{ "type": "Feature", "properties": { "内容": "宇都宮整形外科医院【2:診療所】【診療科目:整形外科_リウマチ科_リハビリテーション科】大分県大分市光吉１２０７番地の１", "url": "https://www.iryou.teikyouseido.mhlw.go.jp/znk-web/juminkanja/S2430/initialize?prefCd=44&kikanCd=1021700000&kikanKbn=2", "url2": null }, "geometry": { "type": "Point", "coordinates": [ 131.602707, 33.19572 ] } },
{ "type": "Feature", "properties": { "内容": "宇野内科医院【2:診療所】【診療科目:内科_糖尿病内科_内分泌内科_呼吸器内科_循環器内科_胃腸内科】大分県大分市萩原", "url": "https://www.iryou.teikyouseido.mhlw.go.jp/znk-web/juminkanja/S2430/initialize?prefCd=44&kikanCd=1021800000&kikanKbn=2", "url2": "http://www.unonaika.net/" }, "geometry": { "type": "Point", "coordinates": [ 131.640662, 33.243515 ] } },
{ "type": "Feature", "properties": { "内容": "えもと内科クリニック【2:診療所】【診療科目:内科_呼吸器内科_循環器内科_消化器内科】大分県大分市府内町２－５－３７", "url": "https://www.iryou.teikyouseido.mhlw.go.jp/znk-web/juminkanja/S2430/initialize?prefCd=44&kikanCd=1022000000&kikanKbn=2", "url2": "http://www.emoto-naika-clinic.com/" }, "geometry": { "type": "Point", "coordinates": [ 131.6109, 33.236472 ] } },
{ "type": "Feature", "properties": { "内容": "おおいた健診センター（大分市小児夜間急患センター）【2:診療所】【診療科目:小児科】大分県大分市宮崎１４１５番地", "url": "https://www.iryou.teikyouseido.mhlw.go.jp/znk-web/juminkanja/S2430/initialize?prefCd=44&kikanCd=1022900000&kikanKbn=2", "url2": "http://www.oita-h-cuc.jp" }, "geometry": { "type": "Point", "coordinates": [ 131.610081, 33.194624 ] } },
{ "type": "Feature", "properties": { "内容": "大分こども療育センター【2:診療所】【診療科目:小児科_児童精神科_歯科】大分県大分市片島２９９６－１", "url": "https://www.iryou.teikyouseido.mhlw.go.jp/znk-web/juminkanja/S2430/initialize?prefCd=44&kikanCd=1023000000&kikanKbn=2", "url2": "https://www.oita-kodomo.net" }, "geometry": { "type": "Point", "coordinates": [ 131.634235, 33.206143 ] } },
{ "type": "Feature", "properties": { "内容": "大分内科腎クリニック【2:診療所】【診療科目:内科_糖尿病内科_腎臓内科_人工透析内科】大分県大分市顕徳町３－１－５", "url": "https://www.iryou.teikyouseido.mhlw.go.jp/znk-web/juminkanja/S2430/initialize?prefCd=44&kikanCd=1023200000&kikanKbn=2", "url2": "http://oitanaika-jinclinic.jp/" }, "geometry": { "type": "Point", "coordinates": [ 131.616257, 33.231817 ] } },
{ "type": "Feature", "properties": { "内容": "大分皮膚科【2:診療所】【診療科目:皮膚科_美容皮膚科】大分県大分市高砂町２番５０号", "url": "https://www.iryou.teikyouseido.mhlw.go.jp/znk-web/juminkanja/S2430/initialize?prefCd=44&kikanCd=1023300000&kikanKbn=2", "url2": null }, "geometry": { "type": "Point", "coordinates": [ 131.602242, 33.238149 ] } },
{ "type": "Feature", "properties": { "内容": "大分みぞぐち眼科【2:診療所】【診療科目:眼科_麻酔科】大分県大分市中央町２丁目３番１９号大津ビル２階", "url": "https://www.iryou.teikyouseido.mhlw.go.jp/znk-web/juminkanja/S2430/initialize?prefCd=44&kikanCd=1023400000&kikanKbn=2", "url2": null }, "geometry": { "type": "Point", "coordinates": [ 131.606366, 33.235871 ] } },
{ "type": "Feature", "properties": { "内容": "大分療育クリニック【2:診療所】【診療科目:小児科_児童精神科_精神科_歯科_歯科口腔外科_リハビリテーション科】大分県大分市大字国分字六重原５６７番地３", "url": "https://www.iryou.teikyouseido.mhlw.go.jp/znk-web/juminkanja/S2430/initialize?prefCd=44&kikanCd=1023500000&kikanKbn=2", "url2": "http://beppu-hattatsu.jp/" }, "geometry": { "type": "Point", "coordinates": [ 131.549778, 33.195209 ] } },
{ "type": "Feature", "properties": { "内容": "大川産婦人科・高砂【2:診療所】【診療科目:産婦人科_産婦人科（生殖医療）】大分県大分市高砂町１番５号", "url": "https://www.iryou.teikyouseido.mhlw.go.jp/znk-web/juminkanja/S2430/initialize?prefCd=44&kikanCd=1023800000&kikanKbn=2", "url2": "https://okawa-obgyn.com" }, "geometry": { "type": "Point", "coordinates": [ 131.601845, 33.23753 ] } },
{ "type": "Feature", "properties": { "内容": "大川小児科・高砂【2:診療所】【診療科目:小児科_小児外科】大分県大分市高砂町１番５号", "url": "https://www.iryou.teikyouseido.mhlw.go.jp/znk-web/juminkanja/S2430/initialize?prefCd=44&kikanCd=1023900000&kikanKbn=2", "url2": "https://okawa-obgyn.com/syounika/" }, "geometry": { "type": "Point", "coordinates": [ 131.601851, 33.237508 ] } },
{ "type": "Feature", "properties": { "内容": "大在こどもクリニック【2:診療所】【診療科目:小児科】大分県大分市横田１丁目１３番１７号", "url": "https://www.iryou.teikyouseido.mhlw.go.jp/znk-web/juminkanja/S2430/initialize?prefCd=44&kikanCd=1024100000&kikanKbn=2", "url2": "https://ozaikodomo.com/" }, "geometry": { "type": "Point", "coordinates": [ 131.721176, 33.249049 ] } },
{ "type": "Feature", "properties": { "内容": "大在耳鼻科内科医院【2:診療所】【診療科目:耳鼻いんこう科_アレルギー科】大分県大分市汐見２丁目１番１号", "url": "https://www.iryou.teikyouseido.mhlw.go.jp/znk-web/juminkanja/S2430/initialize?prefCd=44&kikanCd=1024200000&kikanKbn=2", "url2": "http://www.ohzai-jibinaika.com" }, "geometry": { "type": "Point", "coordinates": [ 131.731286, 33.244955 ] } },
{ "type": "Feature", "properties": { "内容": "社会医療法人帰巖会　大嶋医院【2:診療所】【診療科目:内科_胃腸内科_外科_整形外科_リハビリテーション科_麻酔科】大分県大分市竹中２６６６番地", "url": "https://www.iryou.teikyouseido.mhlw.go.jp/znk-web/juminkanja/S2430/initialize?prefCd=44&kikanCd=1024300000&kikanKbn=2", "url2": null }, "geometry": { "type": "Point", "coordinates": [ 131.653987, 33.133167 ] } },
{ "type": "Feature", "properties": { "内容": "大塚眼科医院【2:診療所】【診療科目:眼科】大分県大分市田中町三丁目１２番６９号", "url": "https://www.iryou.teikyouseido.mhlw.go.jp/znk-web/juminkanja/S2430/initialize?prefCd=44&kikanCd=1024400000&kikanKbn=2", "url2": "http://www.otsuka-eyeclinic.jp/" }, "geometry": { "type": "Point", "coordinates": [ 131.591269, 33.20856 ] } },
{ "type": "Feature", "properties": { "内容": "おおつかクリニック【2:診療所】【診療科目:内科_外科_形成外科_皮膚科_リハビリテーション科】大分県大分市住吉町１－２－１６", "url": "https://www.iryou.teikyouseido.mhlw.go.jp/znk-web/juminkanja/S2430/initialize?prefCd=44&kikanCd=1024500000&kikanKbn=2", "url2": "http://www.otsuka-mc.jp/" }, "geometry": { "type": "Point", "coordinates": [ 131.60517, 33.245638 ] } },
{ "type": "Feature", "properties": { "内容": "大塚内科リウマチ科クリニック【2:診療所】【診療科目:内科_リウマチ科】大分県大分市玉沢７０３－１", "url": "https://www.iryou.teikyouseido.mhlw.go.jp/znk-web/juminkanja/S2430/initialize?prefCd=44&kikanCd=1024700000&kikanKbn=2", "url2": null }, "geometry": { "type": "Point", "coordinates": [ 131.580278, 33.186406 ] } },
{ "type": "Feature", "properties": { "内容": "おおの皮ふ科・小児外科【2:診療所】【診療科目:小児外科_皮膚科】大分県大分市賀来北３－１－１１", "url": "https://www.iryou.teikyouseido.mhlw.go.jp/znk-web/juminkanja/S2430/initialize?prefCd=44&kikanCd=1024900000&kikanKbn=2", "url2": null }, "geometry": { "type": "Point", "coordinates": [ 131.563767, 33.212295 ] } },
{ "type": "Feature", "properties": { "内容": "医療法人　大場整形外科【2:診療所】【診療科目:整形外科_リハビリテーション科】大分県大分市明野北１丁目１番１１号", "url": "https://www.iryou.teikyouseido.mhlw.go.jp/znk-web/juminkanja/S2430/initialize?prefCd=44&kikanCd=1025100000&kikanKbn=2", "url2": "http://www.ohba-clinic.jp/" }, "geometry": { "type": "Point", "coordinates": [ 131.653288, 33.225852 ] } },
{ "type": "Feature", "properties": { "内容": "おかだ眼科【2:診療所】【診療科目:眼科】大分県大分市今津留３丁目４番３０号", "url": "https://www.iryou.teikyouseido.mhlw.go.jp/znk-web/juminkanja/S2430/initialize?prefCd=44&kikanCd=1025200000&kikanKbn=2", "url2": null }, "geometry": { "type": "Point", "coordinates": [ 131.628123, 33.241655 ] } },
{ "type": "Feature", "properties": { "内容": "すずかけ岡本クリニック【2:診療所】【診療科目:内科_糖尿病内科】大分県大分市千代町２ー３ー４５", "url": "https://www.iryou.teikyouseido.mhlw.go.jp/znk-web/juminkanja/S2430/initialize?prefCd=44&kikanCd=1025700000&kikanKbn=2", "url2": "http://okamoto-iclinic.wix.com/suzukakeok" }, "geometry": { "type": "Point", "coordinates": [ 131.606175, 33.243385 ] } },
{ "type": "Feature", "properties": { "内容": "岡本皮ふ科クリニック【2:診療所】【診療科目:皮膚科】大分県大分市大在中央２丁目６番３号", "url": "https://www.iryou.teikyouseido.mhlw.go.jp/znk-web/juminkanja/S2430/initialize?prefCd=44&kikanCd=1026000000&kikanKbn=2", "url2": "http://www.citydo.com/sp/097-528-9245" }, "geometry": { "type": "Point", "coordinates": [ 131.72248, 33.243197 ] } },
{ "type": "Feature", "properties": { "内容": "小串整形外科【2:診療所】【診療科目:整形外科】大分県大分市牧１－２－１４", "url": "https://www.iryou.teikyouseido.mhlw.go.jp/znk-web/juminkanja/S2430/initialize?prefCd=44&kikanCd=1026100000&kikanKbn=2", "url2": null }, "geometry": { "type": "Point", "coordinates": [ 131.636089, 33.240259 ] } },
{ "type": "Feature", "properties": { "内容": "お元気でクリニックこれいし【2:診療所】【診療科目:内科_アレルギー科_リハビリテーション科】大分県大分市田中町２丁目１７番１号", "url": "https://www.iryou.teikyouseido.mhlw.go.jp/znk-web/juminkanja/S2430/initialize?prefCd=44&kikanCd=1026200000&kikanKbn=2", "url2": "https://website2.infomity.net/8312142" }, "geometry": { "type": "Point", "coordinates": [ 131.589608, 33.208824 ] } },
{ "type": "Feature", "properties": { "内容": "おの内科クリニック【2:診療所】【診療科目:内科_呼吸器内科_循環器内科_消化器内科_小児科_精神科】大分県大分市鴛野", "url": "https://www.iryou.teikyouseido.mhlw.go.jp/znk-web/juminkanja/S2430/initialize?prefCd=44&kikanCd=1026300000&kikanKbn=2", "url2": null }, "geometry": { "type": "Point", "coordinates": [ 131.614301, 33.187236 ] } },
{ "type": "Feature", "properties": { "内容": "おの英伸クリニック【2:診療所】【診療科目:内科_代謝内科_糖尿病・代謝内科_消化器内科_胃腸内科_内視鏡内科_肛門外科】大分県大分市王子南町８番２３号　Ｍ＆Ｍ王子南１０２", "url": "https://www.iryou.teikyouseido.mhlw.go.jp/znk-web/juminkanja/S2430/initialize?prefCd=44&kikanCd=1026400000&kikanKbn=2", "url2": null }, "geometry": { "type": "Point", "coordinates": [ 131.591964, 33.241451 ] } },
{ "type": "Feature", "properties": { "内容": "織部消化器科【2:診療所】【診療科目:内科_消化器内科_外科】大分県大分市森３８６番地", "url": "https://www.iryou.teikyouseido.mhlw.go.jp/znk-web/juminkanja/S2430/initialize?prefCd=44&kikanCd=1026500000&kikanKbn=2", "url2": "https://oribe-shokaki.sakura.ne.jp/" }, "geometry": { "type": "Point", "coordinates": [ 131.680691, 33.215723 ] } },
{ "type": "Feature", "properties": { "内容": "織部内科クリニック【2:診療所】【診療科目:内科_糖尿病内科_循環器内科_消化器内科】大分県大分市大手町２－１－１５", "url": "https://www.iryou.teikyouseido.mhlw.go.jp/znk-web/juminkanja/S2430/initialize?prefCd=44&kikanCd=1026600000&kikanKbn=2", "url2": null }, "geometry": { "type": "Point", "coordinates": [ 131.612633, 33.236853 ] } },
{ "type": "Feature", "properties": { "内容": "前島リウマチ内科クリニック【2:診療所】【診療科目:内科_リウマチ科】大分県大分市東大道", "url": "https://www.iryou.teikyouseido.mhlw.go.jp/znk-web/juminkanja/S2430/initialize?prefCd=44&kikanCd=1026700000&kikanKbn=2", "url2": "https://maeshima-rc.com/" }, "geometry": { "type": "Point", "coordinates": [ 131.603356, 33.231647 ] } },
{ "type": "Feature", "properties": { "内容": "尾渡眼科医院【2:診療所】【診療科目:眼科】大分県大分市千代町", "url": "https://www.iryou.teikyouseido.mhlw.go.jp/znk-web/juminkanja/S2430/initialize?prefCd=44&kikanCd=1026800000&kikanKbn=2", "url2": null }, "geometry": { "type": "Point", "coordinates": [ 131.604999, 33.242438 ] } },
{ "type": "Feature", "properties": { "内容": "蔭山眼科【2:診療所】【診療科目:眼科】大分県大分市南鶴崎２－２－２４", "url": "https://www.iryou.teikyouseido.mhlw.go.jp/znk-web/juminkanja/S2430/initialize?prefCd=44&kikanCd=1027300000&kikanKbn=2", "url2": "http://eyecontact0001.s2.weblife.me/" }, "geometry": { "type": "Point", "coordinates": [ 131.690782, 33.239883 ] } },
{ "type": "Feature", "properties": { "内容": "鹿子嶋医院【2:診療所】【診療科目:内科_消化器内科_胃腸内科_老年内科】大分県大分市碩田町", "url": "https://www.iryou.teikyouseido.mhlw.go.jp/znk-web/juminkanja/S2430/initialize?prefCd=44&kikanCd=1027400000&kikanKbn=2", "url2": null }, "geometry": { "type": "Point", "coordinates": [ 131.614094, 33.246652 ] } },
{ "type": "Feature", "properties": { "内容": "かさぎ泌尿器科医院【2:診療所】【診療科目:皮膚科_泌尿器科】大分県大分市中戸次４８４０－３", "url": "https://www.iryou.teikyouseido.mhlw.go.jp/znk-web/juminkanja/S2430/initialize?prefCd=44&kikanCd=1027600000&kikanKbn=2", "url2": "http://www.kasagi-hinyoukika.jp" }, "geometry": { "type": "Point", "coordinates": [ 131.658525, 33.140803 ] } },
{ "type": "Feature", "properties": { "内容": "医療法人展寿会　梶本医院【2:診療所】【診療科目:内科_循環器内科_消化器内科】大分県大分市ふじが丘南", "url": "https://www.iryou.teikyouseido.mhlw.go.jp/znk-web/juminkanja/S2430/initialize?prefCd=44&kikanCd=1027700000&kikanKbn=2", "url2": null }, "geometry": { "type": "Point", "coordinates": [ 131.607995, 33.187316 ] } },
{ "type": "Feature", "properties": { "内容": "春日皮膚科クリニック【2:診療所】【診療科目:皮膚科】大分県大分市南春日町５番２１号", "url": "https://www.iryou.teikyouseido.mhlw.go.jp/znk-web/juminkanja/S2430/initialize?prefCd=44&kikanCd=1027800000&kikanKbn=2", "url2": "https://www.kasuga-hifuka.com" }, "geometry": { "type": "Point", "coordinates": [ 131.592735, 33.235369 ] } },
{ "type": "Feature", "properties": { "内容": "かつた内科・内視鏡クリニック【2:診療所】【診療科目:内科_呼吸器内科_循環器内科_胃腸内科】大分県大分市毛井２４５－１", "url": "https://www.iryou.teikyouseido.mhlw.go.jp/znk-web/juminkanja/S2430/initialize?prefCd=44&kikanCd=1027900000&kikanKbn=2", "url2": "http://www.katsuta-cl.com/" }, "geometry": { "type": "Point", "coordinates": [ 131.671307, 33.188965 ] } },
{ "type": "Feature", "properties": { "内容": "医療法人かなや小児科【2:診療所】【診療科目:小児科】大分県大分市下郡東１丁目４ー８", "url": "https://www.iryou.teikyouseido.mhlw.go.jp/znk-web/juminkanja/S2430/initialize?prefCd=44&kikanCd=1028100000&kikanKbn=2", "url2": "http://www.kanaya-syonika.com/" }, "geometry": { "type": "Point", "coordinates": [ 131.63663, 33.230714 ] } },
{ "type": "Feature", "properties": { "内容": "かやしま内科【2:診療所】【診療科目:内科_糖尿病・内分泌内科_糖尿病・代謝内科_代謝・内分泌内科】大分県大分市古ケ鶴２丁目１番１号", "url": "https://www.iryou.teikyouseido.mhlw.go.jp/znk-web/juminkanja/S2430/initialize?prefCd=44&kikanCd=1028400000&kikanKbn=2", "url2": "http://www.kayashima-naika.com" }, "geometry": { "type": "Point", "coordinates": [ 131.630337, 33.237695 ] } },
{ "type": "Feature", "properties": { "内容": "辛島内科クリニック【2:診療所】【診療科目:内科_呼吸器内科_循環器内科_消化器内科_外科_肛門外科_小児科_放射線科】大分県大分市千代町２丁目１番１号", "url": "https://www.iryou.teikyouseido.mhlw.go.jp/znk-web/juminkanja/S2430/initialize?prefCd=44&kikanCd=1028500000&kikanKbn=2", "url2": null }, "geometry": { "type": "Point", "coordinates": [ 131.60619, 33.242465 ] } },
{ "type": "Feature", "properties": { "内容": "河野泌尿器科医院【2:診療所】【診療科目:内科_性感染症内科_腎臓内科_小児泌尿器科_皮膚科_泌尿器科_男性泌尿器科】大分県大分市賀来北", "url": "https://www.iryou.teikyouseido.mhlw.go.jp/znk-web/juminkanja/S2430/initialize?prefCd=44&kikanCd=1028600000&kikanKbn=2", "url2": null }, "geometry": { "type": "Point", "coordinates": [ 131.562714, 33.213098 ] } },
{ "type": "Feature", "properties": { "内容": "医療法人社団　神崎循環器クリニック【2:診療所】【診療科目:内科_循環器内科】大分県大分市府内町３丁目７番３６号", "url": "https://www.iryou.teikyouseido.mhlw.go.jp/znk-web/juminkanja/S2430/initialize?prefCd=44&kikanCd=1028800000&kikanKbn=2", "url2": "http://kanzaki-clinic.ne.jp/" }, "geometry": { "type": "Point", "coordinates": [ 131.61045, 33.237578 ] } },
{ "type": "Feature", "properties": { "内容": "医療法人　孟和会　岸眼科【2:診療所】【診療科目:眼科】大分県大分市大在中央１丁目４番１０号", "url": "https://www.iryou.teikyouseido.mhlw.go.jp/znk-web/juminkanja/S2430/initialize?prefCd=44&kikanCd=1028900000&kikanKbn=2", "url2": null }, "geometry": { "type": "Point", "coordinates": [ 131.717699, 33.246958 ] } },
{ "type": "Feature", "properties": { "内容": "木村医院【2:診療所】【診療科目:内科_消化器内科_外科_肛門外科_リハビリテーション科】大分県大分市東春日町３－２２", "url": "https://www.iryou.teikyouseido.mhlw.go.jp/znk-web/juminkanja/S2430/initialize?prefCd=44&kikanCd=1029100000&kikanKbn=2", "url2": null }, "geometry": { "type": "Point", "coordinates": [ 131.599731, 33.239693 ] } },
{ "type": "Feature", "properties": { "内容": "国東循環器クリニック【2:診療所】【診療科目:内科_糖尿病内科_循環器内科_腎臓内科_人工透析内科】大分県大分市上宗方４１７－６", "url": "https://www.iryou.teikyouseido.mhlw.go.jp/znk-web/juminkanja/S2430/initialize?prefCd=44&kikanCd=1029800000&kikanKbn=2", "url2": "http://kunisaki-clinic.com" }, "geometry": { "type": "Point", "coordinates": [ 131.582203, 33.19858 ] } },
{ "type": "Feature", "properties": { "内容": "医療法人顕寿会　国東整形外科医院【2:診療所】【診療科目:整形外科_リウマチ科_リハビリテーション科】大分県大分市上宗方", "url": "https://www.iryou.teikyouseido.mhlw.go.jp/znk-web/juminkanja/S2430/initialize?prefCd=44&kikanCd=1029900000&kikanKbn=2", "url2": "https://www.kunisakiseikei.com/" }, "geometry": { "type": "Point", "coordinates": [ 131.579754, 33.195999 ] } },
{ "type": "Feature", "properties": { "内容": "くぼた高江クリニック【2:診療所】【診療科目:内科_呼吸器内科_循環器内科_消化器内科】大分県大分市高江南３－１－１", "url": "https://www.iryou.teikyouseido.mhlw.go.jp/znk-web/juminkanja/S2430/initialize?prefCd=44&kikanCd=1030000000&kikanKbn=2", "url2": "https://www.kubotatc.com" }, "geometry": { "type": "Point", "coordinates": [ 131.614237, 33.163846 ] } },
{ "type": "Feature", "properties": { "内容": "栗林医院【2:診療所】【診療科目:内科】大分県大分市久原中央１丁目７番１２号", "url": "https://www.iryou.teikyouseido.mhlw.go.jp/znk-web/juminkanja/S2430/initialize?prefCd=44&kikanCd=1030200000&kikanKbn=2", "url2": "http://www.kuribayashi-iin.com" }, "geometry": { "type": "Point", "coordinates": [ 131.754249, 33.236673 ] } },
{ "type": "Feature", "properties": { "内容": "形成外科白山クリニック【2:診療所】【診療科目:形成外科_美容外科_皮膚科_美容皮膚科】大分県大分市府内町１丁目２－１　第２トレンドビル６Ｆ", "url": "https://www.iryou.teikyouseido.mhlw.go.jp/znk-web/juminkanja/S2430/initialize?prefCd=44&kikanCd=1030300000&kikanKbn=2", "url2": "http://www.e-hakusan.jp" }, "geometry": { "type": "Point", "coordinates": [ 131.607733, 33.235766 ] } },
{ "type": "Feature", "properties": { "内容": "健眼会　野田眼科【2:診療所】【診療科目:眼科】大分県大分市東春日町７－１６", "url": "https://www.iryou.teikyouseido.mhlw.go.jp/znk-web/juminkanja/S2430/initialize?prefCd=44&kikanCd=1030400000&kikanKbn=2", "url2": "http://noda-ganka.jp" }, "geometry": { "type": "Point", "coordinates": [ 131.610718, 33.231796 ] } },
{ "type": "Feature", "properties": { "内容": "玄同内科医院【2:診療所】【診療科目:内科_呼吸器内科_循環器内科_胃腸内科】大分県大分市横瀬４９３番地の１", "url": "https://www.iryou.teikyouseido.mhlw.go.jp/znk-web/juminkanja/S2430/initialize?prefCd=44&kikanCd=1030500000&kikanKbn=2", "url2": "http://www.gendounaika.com" }, "geometry": { "type": "Point", "coordinates": [ 131.554375, 33.187499 ] } },
{ "type": "Feature", "properties": { "内容": "こば健康クリニック【2:診療所】【診療科目:内科_胃腸内科_外科_肛門外科】大分県大分市明野南１丁目２３６４ー１", "url": "https://www.iryou.teikyouseido.mhlw.go.jp/znk-web/juminkanja/S2430/initialize?prefCd=44&kikanCd=1031700000&kikanKbn=2", "url2": "http://kobaclinic.com" }, "geometry": { "type": "Point", "coordinates": [ 131.651633, 33.224411 ] } },
{ "type": "Feature", "properties": { "内容": "駒田皮ふ科クリニック【2:診療所】【診療科目:皮膚科】大分県大分市大字森町２４７－１", "url": "https://www.iryou.teikyouseido.mhlw.go.jp/znk-web/juminkanja/S2430/initialize?prefCd=44&kikanCd=1031800000&kikanKbn=2", "url2": "https://www.komada-skin-clinic.com/" }, "geometry": { "type": "Point", "coordinates": [ 131.68048, 33.228284 ] } },
{ "type": "Feature", "properties": { "内容": "医療法人　近藤整形外科【2:診療所】【診療科目:整形外科_リハビリテーション科】大分県大分市寺崎町１丁目１番６号", "url": "https://www.iryou.teikyouseido.mhlw.go.jp/znk-web/juminkanja/S2430/initialize?prefCd=44&kikanCd=1032000000&kikanKbn=2", "url2": null }, "geometry": { "type": "Point", "coordinates": [ 131.661744, 33.245382 ] } },
{ "type": "Feature", "properties": { "内容": "さかき眼科【2:診療所】【診療科目:眼科】大分県大分市玉沢７０８番地１", "url": "https://www.iryou.teikyouseido.mhlw.go.jp/znk-web/juminkanja/S2430/initialize?prefCd=44&kikanCd=1032200000&kikanKbn=2", "url2": null }, "geometry": { "type": "Point", "coordinates": [ 131.581131, 33.186767 ] } },
{ "type": "Feature", "properties": { "内容": "坂ノ市こどもクリニック【2:診療所】【診療科目:小児科】大分県大分市坂ノ市西１－７－８", "url": "https://www.iryou.teikyouseido.mhlw.go.jp/znk-web/juminkanja/S2430/initialize?prefCd=44&kikanCd=1032300000&kikanKbn=2", "url2": "http://www.sakanoichi.com/" }, "geometry": { "type": "Point", "coordinates": [ 131.747511, 33.230315 ] } },
{ "type": "Feature", "properties": { "内容": "さかまき内科医院【2:診療所】【診療科目:内科_糖尿病内科_代謝内科_糖尿病・代謝内科】大分県大分市大在浜２－７－１", "url": "https://www.iryou.teikyouseido.mhlw.go.jp/znk-web/juminkanja/S2430/initialize?prefCd=44&kikanCd=1032600000&kikanKbn=2", "url2": null }, "geometry": { "type": "Point", "coordinates": [ 131.730494, 33.242133 ] } },
{ "type": "Feature", "properties": { "内容": "佐々木医院【2:診療所】【診療科目:耳鼻いんこう科_リハビリテーション科】大分県大分市荷揚町２番１５号", "url": "https://www.iryou.teikyouseido.mhlw.go.jp/znk-web/juminkanja/S2430/initialize?prefCd=44&kikanCd=1032900000&kikanKbn=2", "url2": null }, "geometry": { "type": "Point", "coordinates": [ 131.608256, 33.239936 ] } },
{ "type": "Feature", "properties": { "内容": "医療法人一明会貞永産婦人科医院【2:診療所】【診療科目:産婦人科】大分県大分市生石２丁目１番１８号", "url": "https://www.iryou.teikyouseido.mhlw.go.jp/znk-web/juminkanja/S2430/initialize?prefCd=44&kikanCd=1033000000&kikanKbn=2", "url2": "http://sadanaga-ladies.com" }, "geometry": { "type": "Point", "coordinates": [ 131.584269, 33.245043 ] } },
{ "type": "Feature", "properties": { "内容": "佐藤クリニック【2:診療所】【診療科目:耳鼻いんこう科】大分県大分市金池町２－８－１８", "url": "https://www.iryou.teikyouseido.mhlw.go.jp/znk-web/juminkanja/S2430/initialize?prefCd=44&kikanCd=1033200000&kikanKbn=2", "url2": null }, "geometry": { "type": "Point", "coordinates": [ 131.610265, 33.2337763 ] } },
{ "type": "Feature", "properties": { "内容": "さとう神経内科・内科クリニック【2:診療所】【診療科目:内科_神経内科_リハビリテーション科】大分県大分市下郡北１－４－１４", "url": "https://www.iryou.teikyouseido.mhlw.go.jp/znk-web/juminkanja/S2430/initialize?prefCd=44&kikanCd=1033500000&kikanKbn=2", "url2": "https://www.satoshinkeinaika-naikaclinic.com/" }, "geometry": { "type": "Point", "coordinates": [ 131.628623, 33.228671 ] } },
{ "type": "Feature", "properties": { "内容": "佐藤内科循環器科医院【2:診療所】【診療科目:内科_循環器内科】大分県大分市大道町３－４－１", "url": "https://www.iryou.teikyouseido.mhlw.go.jp/znk-web/juminkanja/S2430/initialize?prefCd=44&kikanCd=1033700000&kikanKbn=2", "url2": null }, "geometry": { "type": "Point", "coordinates": [ 131.599409, 33.231797 ] } },
{ "type": "Feature", "properties": { "内容": "サトウ皮膚科医院【2:診療所】【診療科目:皮膚科】大分県大分市金池南１丁目１−２２　イエステーション大分駅南２階", "url": "https://www.iryou.teikyouseido.mhlw.go.jp/znk-web/juminkanja/S2430/initialize?prefCd=44&kikanCd=1033800000&kikanKbn=2", "url2": null }, "geometry": { "type": "Point", "coordinates": [ 131.609111, 33.235623 ] } },
{ "type": "Feature", "properties": { "内容": "三楽会濱田クリニック【2:診療所】【診療科目:胃腸内科_肛門外科_心療内科_麻酔科】大分県大分市府内町１－６－３８", "url": "https://www.iryou.teikyouseido.mhlw.go.jp/znk-web/juminkanja/S2430/initialize?prefCd=44&kikanCd=1033900000&kikanKbn=2", "url2": "http://www.hamadaclinic.com" }, "geometry": { "type": "Point", "coordinates": [ 131.610789, 33.235891 ] } },
{ "type": "Feature", "properties": { "内容": "シーサイドクリニックオオイタ【2:診療所】【診療科目:内科_消化器内科_リハビリテーション科】大分県大分市生石川向３７－７", "url": "https://www.iryou.teikyouseido.mhlw.go.jp/znk-web/juminkanja/S2430/initialize?prefCd=44&kikanCd=1034000000&kikanKbn=2", "url2": null }, "geometry": { "type": "Point", "coordinates": [ 131.580071, 33.246692 ] } },
{ "type": "Feature", "properties": { "内容": "椎迫泌尿器科【2:診療所】【診療科目:性感染症内科_人工透析内科_小児泌尿器科_皮膚泌尿器科_泌尿器科_男性泌尿器科_腎臓・泌尿器科】大分県大分市三芳１０５５－２", "url": "https://www.iryou.teikyouseido.mhlw.go.jp/znk-web/juminkanja/S2430/initialize?prefCd=44&kikanCd=1034100000&kikanKbn=2", "url2": "http://www.shiizako.com/" }, "geometry": { "type": "Point", "coordinates": [ 131.584453, 33.224378 ] } },
{ "type": "Feature", "properties": { "内容": "敷戸耳鼻咽喉科医院【2:診療所】【診療科目:耳鼻いんこう科】大分県大分市寒田８８３－１", "url": "https://www.iryou.teikyouseido.mhlw.go.jp/znk-web/juminkanja/S2430/initialize?prefCd=44&kikanCd=1034200000&kikanKbn=2", "url2": null }, "geometry": { "type": "Point", "coordinates": [ 131.609737, 33.186499 ] } },
{ "type": "Feature", "properties": { "内容": "嶋田循環器科内科【2:診療所】【診療科目:内科_循環器内科】大分県大分市大在中央１－１０－１７", "url": "https://www.iryou.teikyouseido.mhlw.go.jp/znk-web/juminkanja/S2430/initialize?prefCd=44&kikanCd=1034400000&kikanKbn=2", "url2": null }, "geometry": { "type": "Point", "coordinates": [ 131.731567, 33.23639 ] } },
{ "type": "Feature", "properties": { "内容": "しみず小児科【2:診療所】【診療科目:小児科】大分県大分市下郡中央２－１－１", "url": "https://www.iryou.teikyouseido.mhlw.go.jp/znk-web/juminkanja/S2430/initialize?prefCd=44&kikanCd=1034600000&kikanKbn=2", "url2": "https://shimizu-syounika.com/" }, "geometry": { "type": "Point", "coordinates": [ 131.632098, 33.227249 ] } },
{ "type": "Feature", "properties": { "内容": "首藤耳鼻咽喉科【2:診療所】【診療科目:小児耳鼻いんこう科_耳鼻いんこう科_気管食道・耳鼻いんこう科_アレルギー科】大分県大分市津守１２組２", "url": "https://www.iryou.teikyouseido.mhlw.go.jp/znk-web/juminkanja/S2430/initialize?prefCd=44&kikanCd=1034800000&kikanKbn=2", "url2": "http://shuto-clinic.jp" }, "geometry": { "type": "Point", "coordinates": [ 131.618936, 33.213764 ] } },
{ "type": "Feature", "properties": { "内容": "循環器・内科　平田医院【2:診療所】【診療科目:内科_糖尿病内科_循環器内科_心臓内科_消化器内科】大分県大分市王子中町", "url": "https://www.iryou.teikyouseido.mhlw.go.jp/znk-web/juminkanja/S2430/initialize?prefCd=44&kikanCd=1035000000&kikanKbn=2", "url2": "http://hirataiin.jimdo.com/" }, "geometry": { "type": "Point", "coordinates": [ 131.593138, 33.243477 ] } },
{ "type": "Feature", "properties": { "内容": "正内科医院【2:診療所】【診療科目:内科_糖尿病・代謝内科_循環器内科_消化器内科_胃腸内科_肝臓内科】大分県大分市賀来北３丁目１番３号", "url": "https://www.iryou.teikyouseido.mhlw.go.jp/znk-web/juminkanja/S2430/initialize?prefCd=44&kikanCd=1035100000&kikanKbn=2", "url2": "http://www.sho-naika.com/" }, "geometry": { "type": "Point", "coordinates": [ 131.563983, 33.212329 ] } },
{ "type": "Feature", "properties": { "内容": "医療法人ナーサティア　城南クリニック【2:診療所】【診療科目:内科_小児科_アレルギー科】大分県大分市城南東２丁目２－１", "url": "https://www.iryou.teikyouseido.mhlw.go.jp/znk-web/juminkanja/S2430/initialize?prefCd=44&kikanCd=1035200000&kikanKbn=2", "url2": null }, "geometry": { "type": "Point", "coordinates": [ 131.584828, 33.218348 ] } },
{ "type": "Feature", "properties": { "内容": "庄の原クリニック【2:診療所】【診療科目:内科_糖尿病・内分泌内科_呼吸器内科_循環器内科】大分県大分市庄の原", "url": "https://www.iryou.teikyouseido.mhlw.go.jp/znk-web/juminkanja/S2430/initialize?prefCd=44&kikanCd=1035300000&kikanKbn=2", "url2": null }, "geometry": { "type": "Point", "coordinates": [ 131.572959, 33.221844 ] } },
{ "type": "Feature", "properties": { "内容": "心葉消化器外科【2:診療所】【診療科目:内科_消化器内科_外科_消化器外科】大分県大分市下郡中央３－１０－１４", "url": "https://www.iryou.teikyouseido.mhlw.go.jp/znk-web/juminkanja/S2430/initialize?prefCd=44&kikanCd=1035600000&kikanKbn=2", "url2": "http://www.shinyo-geka.or.jp" }, "geometry": { "type": "Point", "coordinates": [ 131.636023, 33.224571 ] } },
{ "type": "Feature", "properties": { "内容": "すみ循環器内科クリニック【2:診療所】【診療科目:内科_糖尿病内科_代謝内科_内分泌内科_脂質代謝内科_糖尿病・代謝内科_呼吸器内科_循環器内科_老年内科】大分県大分市下郡南１丁目３－７", "url": "https://www.iryou.teikyouseido.mhlw.go.jp/znk-web/juminkanja/S2430/initialize?prefCd=44&kikanCd=1035800000&kikanKbn=2", "url2": "http://www.oct-net.ne.jp/~sumiclin/" }, "geometry": { "type": "Point", "coordinates": [ 131.630781, 33.22449 ] } },
{ "type": "Feature", "properties": { "内容": "セント・ルカ産婦人科【2:診療所】【診療科目:産婦人科_婦人科_産婦人科（生殖医療）_麻酔科】大分県大分市東大道１丁目４番５号", "url": "https://www.iryou.teikyouseido.mhlw.go.jp/znk-web/juminkanja/S2430/initialize?prefCd=44&kikanCd=1036000000&kikanKbn=2", "url2": "http://www.st-luke.jp/" }, "geometry": { "type": "Point", "coordinates": [ 131.603889, 33.233236 ] } },
{ "type": "Feature", "properties": { "内容": "そのだ内科・外科クリニック【2:診療所】【診療科目:内科_消化器内科_外科_ペインクリニック外科_リハビリテーション科_麻酔科】大分県大分市大道町３－３－１", "url": "https://www.iryou.teikyouseido.mhlw.go.jp/znk-web/juminkanja/S2430/initialize?prefCd=44&kikanCd=1036300000&kikanKbn=2", "url2": "http:/sonoda-naikageka.com" }, "geometry": { "type": "Point", "coordinates": [ 131.599337, 33.230686 ] } },
{ "type": "Feature", "properties": { "内容": "ソフィアクリニック【2:診療所】【診療科目:小児科_産婦人科】大分県大分市牧３－１５０", "url": "https://www.iryou.teikyouseido.mhlw.go.jp/znk-web/juminkanja/S2430/initialize?prefCd=44&kikanCd=1036400000&kikanKbn=2", "url2": "http://www.sophia-c.jp/" }, "geometry": { "type": "Point", "coordinates": [ 131.643173, 33.241397 ] } },
{ "type": "Feature", "properties": { "内容": "大南クリニック【2:診療所】【診療科目:内科_循環器内科_胃腸内科_外科_肛門外科_小児科_リハビリテーション科_麻酔科】大分県大分市大字中判田１８６４", "url": "https://www.iryou.teikyouseido.mhlw.go.jp/znk-web/juminkanja/S2430/initialize?prefCd=44&kikanCd=1036600000&kikanKbn=2", "url2": null }, "geometry": { "type": "Point", "coordinates": [ 131.634483, 33.165899 ] } },
{ "type": "Feature", "properties": { "内容": "高城こうのクリニック【2:診療所】【診療科目:内科_循環器内科_ペインクリニック内科_整形外科_リハビリテーション科_麻酔科】大分県大分市城東町１１―３０", "url": "https://www.iryou.teikyouseido.mhlw.go.jp/znk-web/juminkanja/S2430/initialize?prefCd=44&kikanCd=1036800000&kikanKbn=2", "url2": null }, "geometry": { "type": "Point", "coordinates": [ 131.648924, 33.241878 ] } },
{ "type": "Feature", "properties": { "内容": "高瀬医院【2:診療所】【診療科目:内科_消化器内科】大分県大分市府内町３－７－２８", "url": "https://www.iryou.teikyouseido.mhlw.go.jp/znk-web/juminkanja/S2430/initialize?prefCd=44&kikanCd=1036900000&kikanKbn=2", "url2": null }, "geometry": { "type": "Point", "coordinates": [ 131.937561, 33.408517 ] } },
{ "type": "Feature", "properties": { "内容": "たかだ耳鼻咽喉科クリニック【2:診療所】【診療科目:小児科_耳鼻いんこう科】大分県大分市田尻４２０－２", "url": "https://www.iryou.teikyouseido.mhlw.go.jp/znk-web/juminkanja/S2430/initialize?prefCd=44&kikanCd=1037000000&kikanKbn=2", "url2": null }, "geometry": { "type": "Point", "coordinates": [ 131.592918200000014, 33.1873103 ] } },
{ "type": "Feature", "properties": { "内容": "たかはし泌尿器科【2:診療所】【診療科目:内科_性感染症内科_消化器内科_胃腸内科_腎臓内科_人工透析内科_内視鏡内科_小児泌尿器科_皮膚科_皮膚泌尿器科_泌尿器科_男性泌尿器科_腎臓・泌尿器科_リハビリテーション科】大分県大分市寒田１０５４番地の１", "url": "https://www.iryou.teikyouseido.mhlw.go.jp/znk-web/juminkanja/S2430/initialize?prefCd=44&kikanCd=1037100000&kikanKbn=2", "url2": "http://www.takahashi-hp.net/" }, "geometry": { "type": "Point", "coordinates": [ 131.612334, 33.189877 ] } },
{ "type": "Feature", "properties": { "内容": "高山内科医院【2:診療所】【診療科目:内科_呼吸器内科_循環器内科_胃腸内科_小児科】大分県大分市大字寒田字軒田１１１６－３", "url": "https://www.iryou.teikyouseido.mhlw.go.jp/znk-web/juminkanja/S2430/initialize?prefCd=44&kikanCd=1037200000&kikanKbn=2", "url2": null }, "geometry": { "type": "Point", "coordinates": [ 131.612585, 33.189606 ] } },
{ "type": "Feature", "properties": { "内容": "たけうち小児科【2:診療所】【診療科目:アレルギー疾患内科_小児科】大分県大分市田尻４１９－２", "url": "https://www.iryou.teikyouseido.mhlw.go.jp/znk-web/juminkanja/S2430/initialize?prefCd=44&kikanCd=1037400000&kikanKbn=2", "url2": "http://www.oct-net.ne.jp/sansui/" }, "geometry": { "type": "Point", "coordinates": [ 131.592586, 33.187721 ] } },
{ "type": "Feature", "properties": { "内容": "医療法人　竹内皮ふ科【2:診療所】【診療科目:皮膚科】大分県大分市田中町２－７－２４", "url": "https://www.iryou.teikyouseido.mhlw.go.jp/znk-web/juminkanja/S2430/initialize?prefCd=44&kikanCd=1037500000&kikanKbn=2", "url2": "http://takeuchihifuka.jp" }, "geometry": { "type": "Point", "coordinates": [ 131.58992, 33.208841 ] } },
{ "type": "Feature", "properties": { "内容": "竹下粧子クリニック【2:診療所】【診療科目:内科_精神科_心療内科】大分県大分市中島西１－１－２４　中島ビル２Ｆ", "url": "https://www.iryou.teikyouseido.mhlw.go.jp/znk-web/juminkanja/S2430/initialize?prefCd=44&kikanCd=1037600000&kikanKbn=2", "url2": null }, "geometry": { "type": "Point", "coordinates": [ 131.608758, 33.242608 ] } },
{ "type": "Feature", "properties": { "内容": "田中耳鼻咽喉科クリニック【2:診療所】【診療科目:耳鼻いんこう科_アレルギー科】大分県大分市牧３－１１－１０", "url": "https://www.iryou.teikyouseido.mhlw.go.jp/znk-web/juminkanja/S2430/initialize?prefCd=44&kikanCd=1037900000&kikanKbn=2", "url2": "https://tanakajibika-oita.com/" }, "geometry": { "type": "Point", "coordinates": [ 131.6443, 33.242097 ] } },
{ "type": "Feature", "properties": { "内容": "織部泌尿器科【2:診療所】【診療科目:泌尿器科】大分県大分市森５５０－１", "url": "https://www.iryou.teikyouseido.mhlw.go.jp/znk-web/juminkanja/S2430/initialize?prefCd=44&kikanCd=1038100000&kikanKbn=2", "url2": "http://oribe-hinyoukika.sakura.ne.jp/" }, "geometry": { "type": "Point", "coordinates": [ 131.680167, 33.222115 ] } },
{ "type": "Feature", "properties": { "内容": "谷村胃腸科・小児科医院【2:診療所】【診療科目:内科_消化器内科_外科_肛門外科_小児科_小児皮膚科_アレルギー科】大分県大分市竹下１丁目９番２２号", "url": "https://www.iryou.teikyouseido.mhlw.go.jp/znk-web/juminkanja/S2430/initialize?prefCd=44&kikanCd=1038200000&kikanKbn=2", "url2": "http://tanimura.oita.jp" }, "geometry": { "type": "Point", "coordinates": [ 131.728734, 33.242264 ] } },
{ "type": "Feature", "properties": { "内容": "たねだ内科【2:診療所】【診療科目:内科_循環器内科_胃腸内科_形成外科_美容外科_皮膚科_美容皮膚科_放射線科】大分県大分市豊饒二３番２３号", "url": "https://www.iryou.teikyouseido.mhlw.go.jp/znk-web/juminkanja/S2430/initialize?prefCd=44&kikanCd=1038400000&kikanKbn=2", "url2": "http://www.oct-net.ne.jp/~taneda/" }, "geometry": { "type": "Point", "coordinates": [ 131.598358, 33.20974 ] } },
{ "type": "Feature", "properties": { "内容": "たまい小児科【2:診療所】【診療科目:小児科_アレルギー科】大分県大分市毛井３１０番地１", "url": "https://www.iryou.teikyouseido.mhlw.go.jp/znk-web/juminkanja/S2430/initialize?prefCd=44&kikanCd=1038500000&kikanKbn=2", "url2": "http://www.tamai-syounika.com/pc/" }, "geometry": { "type": "Point", "coordinates": [ 131.671918, 33.189704 ] } },
{ "type": "Feature", "properties": { "内容": "田村医院田村皮膚科クリニック【2:診療所】【診療科目:皮膚科_美容皮膚科_泌尿器科】大分県大分市中央町１－１－１６", "url": "https://www.iryou.teikyouseido.mhlw.go.jp/znk-web/juminkanja/S2430/initialize?prefCd=44&kikanCd=1038600000&kikanKbn=2", "url2": null }, "geometry": { "type": "Point", "coordinates": [ 131.606845, 33.235566 ] } },
{ "type": "Feature", "properties": { "内容": "医療法人啓弘会　田村山下眼科【2:診療所】【診療科目:眼科】大分県大分市森５９０－１", "url": "https://www.iryou.teikyouseido.mhlw.go.jp/znk-web/juminkanja/S2430/initialize?prefCd=44&kikanCd=1038700000&kikanKbn=2", "url2": null }, "geometry": { "type": "Point", "coordinates": [ 131.679913, 33.221147 ] } },
{ "type": "Feature", "properties": { "内容": "直耕団吉野診療所【2:診療所】【診療科目:内科_小児科】大分県大分市奥３１番地", "url": "https://www.iryou.teikyouseido.mhlw.go.jp/znk-web/juminkanja/S2430/initialize?prefCd=44&kikanCd=1038900000&kikanKbn=2", "url2": null }, "geometry": { "type": "Point", "coordinates": [ 131.68906, 33.113489 ] } },
{ "type": "Feature", "properties": { "内容": "大分府内レディースクリニック【2:診療所】【診療科目:内科_婦人科】大分県大分市府内町", "url": "https://www.iryou.teikyouseido.mhlw.go.jp/znk-web/juminkanja/S2430/initialize?prefCd=44&kikanCd=1039000000&kikanKbn=2", "url2": "https://oita-funai-ladies-clinic.com" }, "geometry": { "type": "Point", "coordinates": [ 131.60915, 33.236441 ] } },
{ "type": "Feature", "properties": { "内容": "つざき循環器・麻酔科クリニック【2:診療所】【診療科目:内科_呼吸器内科_循環器内科_ペインクリニック内科_神経科_リハビリテーション科_救急科_麻酔科】大分県大分市大字猪野１１０１－６", "url": "https://www.iryou.teikyouseido.mhlw.go.jp/znk-web/juminkanja/S2430/initialize?prefCd=44&kikanCd=1039100000&kikanKbn=2", "url2": null }, "geometry": { "type": "Point", "coordinates": [ 131.664568, 33.226544 ] } },
{ "type": "Feature", "properties": { "内容": "医療法人　津田皮膚科クリニック【2:診療所】【診療科目:皮膚科】大分県大分市明野南１丁目２７番２号", "url": "https://www.iryou.teikyouseido.mhlw.go.jp/znk-web/juminkanja/S2430/initialize?prefCd=44&kikanCd=1039200000&kikanKbn=2", "url2": "https://oitagunshi-ishikai.jp/clinic/tsuda/" }, "geometry": { "type": "Point", "coordinates": [ 131.649042, 33.221208 ] } },
{ "type": "Feature", "properties": { "内容": "つるさきクリニック【2:診療所】【診療科目:内科_循環器内科_婦人科】大分県大分市南鶴崎２丁目６番５号", "url": "https://www.iryou.teikyouseido.mhlw.go.jp/znk-web/juminkanja/S2430/initialize?prefCd=44&kikanCd=1039300000&kikanKbn=2", "url2": "http://www.kakuyukai.com/" }, "geometry": { "type": "Point", "coordinates": [ 131.690674, 33.239083 ] } },
{ "type": "Feature", "properties": { "内容": "つる皮ふ科医院【2:診療所】【診療科目:皮膚科】大分県大分市中島西１丁目１番地２４号　中島ビル１階", "url": "https://www.iryou.teikyouseido.mhlw.go.jp/znk-web/juminkanja/S2430/initialize?prefCd=44&kikanCd=1039400000&kikanKbn=2", "url2": "http://turu-inoue.com" }, "geometry": { "type": "Point", "coordinates": [ 131.616211, 33.222605 ] } },
{ "type": "Feature", "properties": { "内容": "天心堂へつぎ診療所【2:診療所】【診療科目:内科_糖尿病・内分泌内科_循環器内科_神経内科_眼科_耳鼻いんこう科】大分県大分市大字中戸次５１８５－２", "url": "https://www.iryou.teikyouseido.mhlw.go.jp/znk-web/juminkanja/S2430/initialize?prefCd=44&kikanCd=1039500000&kikanKbn=2", "url2": "https://www.tenshindo.org/" }, "geometry": { "type": "Point", "coordinates": [ 131.655767, 33.154746 ] } },
{ "type": "Feature", "properties": { "内容": "得丸内科・消化器内科【2:診療所】【診療科目:内科_糖尿病・代謝内科_呼吸器内科_循環器内科_消化器内科_胃腸内科_アレルギー科】大分県大分市牧３－１３ー１", "url": "https://www.iryou.teikyouseido.mhlw.go.jp/znk-web/juminkanja/S2430/initialize?prefCd=44&kikanCd=1041200000&kikanKbn=2", "url2": null }, "geometry": { "type": "Point", "coordinates": [ 131.645816, 33.24162 ] } },
{ "type": "Feature", "properties": { "内容": "内科阿部医院【2:診療所】【診療科目:内科_糖尿病内科_循環器内科_消化器内科_腎臓内科】大分県大分市中春日町１６ー１３", "url": "https://www.iryou.teikyouseido.mhlw.go.jp/znk-web/juminkanja/S2430/initialize?prefCd=44&kikanCd=1041500000&kikanKbn=2", "url2": "http://www.naikaabeiin.com/" }, "geometry": { "type": "Point", "coordinates": [ 131.594449, 33.240405 ] } },
{ "type": "Feature", "properties": { "内容": "医療法人　内科津田かおるクリニック【2:診療所】【診療科目:内科_代謝内科_内分泌内科_脂質代謝内科_糖尿病・内分泌内科】大分県大分市横尾４１３１－１", "url": "https://www.iryou.teikyouseido.mhlw.go.jp/znk-web/juminkanja/S2430/initialize?prefCd=44&kikanCd=1041700000&kikanKbn=2", "url2": "https://tsudakaoru.com/" }, "geometry": { "type": "Point", "coordinates": [ 131.660285, 33.208675 ] } },
{ "type": "Feature", "properties": { "内容": "長浜内科クリニック【2:診療所】【診療科目:内科_循環器内科_消化器内科】大分県大分市長浜町１－９－１５　Ｍ＆Ｍ長浜２０３", "url": "https://www.iryou.teikyouseido.mhlw.go.jp/znk-web/juminkanja/S2430/initialize?prefCd=44&kikanCd=1042000000&kikanKbn=2", "url2": null }, "geometry": { "type": "Point", "coordinates": [ 131.615516, 33.238692 ] } },
{ "type": "Feature", "properties": { "内容": "よしどめ内科・神経内科クリニック【2:診療所】【診療科目:内科_神経内科_リハビリテーション科】大分県大分市新春日町１丁目１番２９", "url": "https://www.iryou.teikyouseido.mhlw.go.jp/znk-web/juminkanja/S2430/initialize?prefCd=44&kikanCd=1042100000&kikanKbn=2", "url2": null }, "geometry": { "type": "Point", "coordinates": [ 131.595382, 33.234199 ] } },
{ "type": "Feature", "properties": { "内容": "菜の花クリニック【2:診療所】【診療科目:内科_呼吸器内科_循環器内科_消化器内科_眼科】大分県大分市佐賀関２２６６番地", "url": "https://www.iryou.teikyouseido.mhlw.go.jp/znk-web/juminkanja/S2430/initialize?prefCd=44&kikanCd=1042400000&kikanKbn=2", "url2": "http://www.oasis-hp.jp" }, "geometry": { "type": "Point", "coordinates": [ 131.876302, 33.249206 ] } },
{ "type": "Feature", "properties": { "内容": "きたまち消化器・肛門外科【2:診療所】【診療科目:消化器内科_肛門外科】大分県大分市明野北１－７－１", "url": "https://www.iryou.teikyouseido.mhlw.go.jp/znk-web/juminkanja/S2430/initialize?prefCd=44&kikanCd=1042500000&kikanKbn=2", "url2": "https://www.kitamachi-cl.jp/" }, "geometry": { "type": "Point", "coordinates": [ 131.652067, 33.22729 ] } },
{ "type": "Feature", "properties": { "内容": "南原クリニック【2:診療所】【診療科目:内科_糖尿病内科_糖尿病・代謝内科_気管食道内科_消化器内科_胃腸内科_腫瘍内科_内視鏡内科_外科_肛門外科】大分県大分市新春日町２－４－３", "url": "https://www.iryou.teikyouseido.mhlw.go.jp/znk-web/juminkanja/S2430/initialize?prefCd=44&kikanCd=1042600000&kikanKbn=2", "url2": "http://nanbara-cl.com/" }, "geometry": { "type": "Point", "coordinates": [ 131.590408, 33.232621 ] } },
{ "type": "Feature", "properties": { "内容": "のつはる診療所【2:診療所】【診療科目:内科_循環器内科_外科_整形外科_リハビリテーション科】大分県大分市野津原９０６番地の１", "url": "https://www.iryou.teikyouseido.mhlw.go.jp/znk-web/juminkanja/S2430/initialize?prefCd=44&kikanCd=1042800000&kikanKbn=2", "url2": null }, "geometry": { "type": "Point", "coordinates": [ 131.530063, 33.161646 ] } },
{ "type": "Feature", "properties": { "内容": "ハートクリニック【2:診療所】【診療科目:内科_循環器内科】大分県大分市光吉", "url": "https://www.iryou.teikyouseido.mhlw.go.jp/znk-web/juminkanja/S2430/initialize?prefCd=44&kikanCd=1042900000&kikanKbn=2", "url2": "http://www.heart-cl.com" }, "geometry": { "type": "Point", "coordinates": [ 131.603273, 33.192379 ] } },
{ "type": "Feature", "properties": { "内容": "博愛診療所【2:診療所】【診療科目:内科_神経内科_精神科】大分県大分市野田８１８番地", "url": "https://www.iryou.teikyouseido.mhlw.go.jp/znk-web/juminkanja/S2430/initialize?prefCd=44&kikanCd=1043000000&kikanKbn=2", "url2": "http://www.hakuai.org/" }, "geometry": { "type": "Point", "coordinates": [ 131.541742, 33.196967 ] } },
{ "type": "Feature", "properties": { "内容": "馬場クリニック【2:診療所】【診療科目:内科_精神科_神経科_心療内科】大分県大分市府内町１ー６ー３５", "url": "https://www.iryou.teikyouseido.mhlw.go.jp/znk-web/juminkanja/S2430/initialize?prefCd=44&kikanCd=1043500000&kikanKbn=2", "url2": "https://baba-dr.com/" }, "geometry": { "type": "Point", "coordinates": [ 131.611103, 33.235922 ] } },
{ "type": "Feature", "properties": { "内容": "濱田皮膚科医院【2:診療所】【診療科目:皮膚科_美容皮膚科】大分県大分市南鶴崎", "url": "https://www.iryou.teikyouseido.mhlw.go.jp/znk-web/juminkanja/S2430/initialize?prefCd=44&kikanCd=1043600000&kikanKbn=2", "url2": "http://www.hamada-hifuka.jp/" }, "geometry": { "type": "Point", "coordinates": [ 131.68986, 33.239261 ] } },
{ "type": "Feature", "properties": { "内容": "東九州泌尿器科【2:診療所】【診療科目:内科_肛門外科_泌尿器科】大分県大分市明野高尾２丁目２７－３", "url": "https://www.iryou.teikyouseido.mhlw.go.jp/znk-web/juminkanja/S2430/initialize?prefCd=44&kikanCd=1043700000&kikanKbn=2", "url2": "http://fc00041120172010.web3.blks.jp/" }, "geometry": { "type": "Point", "coordinates": [ 131.649422, 33.21674 ] } },
{ "type": "Feature", "properties": { "内容": "ひがし内科医院【2:診療所】【診療科目:内科_糖尿病内科_代謝内科_内分泌内科_呼吸器内科_循環器内科_消化器内科】大分県大分市上宗方", "url": "https://www.iryou.teikyouseido.mhlw.go.jp/znk-web/juminkanja/S2430/initialize?prefCd=44&kikanCd=1043800000&kikanKbn=2", "url2": "https://www.higashinaika.com" }, "geometry": { "type": "Point", "coordinates": [ 131.581125, 33.198266 ] } },
{ "type": "Feature", "properties": { "内容": "日野医院【2:診療所】【診療科目:内科_胃腸内科】大分県大分市宮崎８３２－４", "url": "https://www.iryou.teikyouseido.mhlw.go.jp/znk-web/juminkanja/S2430/initialize?prefCd=44&kikanCd=1044000000&kikanKbn=2", "url2": "http://hino-cl.com" }, "geometry": { "type": "Point", "coordinates": [ 131.607823, 33.198617 ] } },
{ "type": "Feature", "properties": { "内容": "皮膚科市川医院【2:診療所】【診療科目:皮膚科】大分県大分市中央町", "url": "https://www.iryou.teikyouseido.mhlw.go.jp/znk-web/juminkanja/S2430/initialize?prefCd=44&kikanCd=1044100000&kikanKbn=2", "url2": "https://hifuka-ichikawa.com/" }, "geometry": { "type": "Point", "coordinates": [ 131.604999, 33.238373 ] } },
{ "type": "Feature", "properties": { "内容": "平岡外科医院【2:診療所】【診療科目:内科_胃腸内科_外科_肛門外科_整形外科_リハビリテーション科】大分県大分市宮崎", "url": "https://www.iryou.teikyouseido.mhlw.go.jp/znk-web/juminkanja/S2430/initialize?prefCd=44&kikanCd=1044400000&kikanKbn=2", "url2": "http://www.hiraoka-geka.com" }, "geometry": { "type": "Point", "coordinates": [ 131.610781, 33.196321 ] } },
{ "type": "Feature", "properties": { "内容": "ひらた医院【2:診療所】【診療科目:内科_胃腸内科_外科_肛門外科】大分県大分市田尻４７８", "url": "https://www.iryou.teikyouseido.mhlw.go.jp/znk-web/juminkanja/S2430/initialize?prefCd=44&kikanCd=1044600000&kikanKbn=2", "url2": "https://www.hirataiin.com" }, "geometry": { "type": "Point", "coordinates": [ 131.593954200000013, 33.189158 ] } },
{ "type": "Feature", "properties": { "内容": "深川内科クリニック【2:診療所】【診療科目:内科_心療内科】大分県大分市中央町２丁目１番１７号　ブンゴヤ本社ビル３０１号", "url": "https://www.iryou.teikyouseido.mhlw.go.jp/znk-web/juminkanja/S2430/initialize?prefCd=44&kikanCd=1044700000&kikanKbn=2", "url2": "https://www.fukagawa-clinic.com/" }, "geometry": { "type": "Point", "coordinates": [ 131.605761, 33.235888 ] } },
{ "type": "Feature", "properties": { "内容": "医療法人　福沢眼科【2:診療所】【診療科目:眼科】大分県大分市二又２丁目６番４４号", "url": "https://www.iryou.teikyouseido.mhlw.go.jp/znk-web/juminkanja/S2430/initialize?prefCd=44&kikanCd=1044800000&kikanKbn=2", "url2": null }, "geometry": { "type": "Point", "coordinates": [ 131.591988, 33.21409 ] } },
{ "type": "Feature", "properties": { "内容": "医療法人　福田内科医院【2:診療所】【診療科目:内科_糖尿病内科_呼吸器内科_循環器内科_消化器内科】大分県大分市坂ノ市西２丁目１番５号", "url": "https://www.iryou.teikyouseido.mhlw.go.jp/znk-web/juminkanja/S2430/initialize?prefCd=44&kikanCd=1045000000&kikanKbn=2", "url2": null }, "geometry": { "type": "Point", "coordinates": [ 131.748666, 33.22851 ] } },
{ "type": "Feature", "properties": { "内容": "福光医院【2:診療所】【診療科目:内科_胃腸内科_外科_肛門外科_整形外科_心療内科】大分県大分市下郡１８５４番地の１", "url": "https://www.iryou.teikyouseido.mhlw.go.jp/znk-web/juminkanja/S2430/initialize?prefCd=44&kikanCd=1045100000&kikanKbn=2", "url2": "http://www.fukumitsu-iin.com" }, "geometry": { "type": "Point", "coordinates": [ 131.634673, 33.231837 ] } },
{ "type": "Feature", "properties": { "内容": "藤井医院　皮膚科・形成外科【2:診療所】【診療科目:形成外科_皮膚科】大分県大分市府内町２－１－２２", "url": "https://www.iryou.teikyouseido.mhlw.go.jp/znk-web/juminkanja/S2430/initialize?prefCd=44&kikanCd=1045200000&kikanKbn=2", "url2": null }, "geometry": { "type": "Point", "coordinates": [ 131.608297, 33.236772 ] } },
{ "type": "Feature", "properties": { "内容": "藤垣クリニック【2:診療所】【診療科目:内科_リハビリテーション科_麻酔科】大分県大分市大字羽田１９４－３", "url": "https://www.iryou.teikyouseido.mhlw.go.jp/znk-web/juminkanja/S2430/initialize?prefCd=44&kikanCd=1045300000&kikanKbn=2", "url2": "http://fujigaki.d2.r-cms.jp/" }, "geometry": { "type": "Point", "coordinates": [ 131.636815, 33.217672 ] } },
{ "type": "Feature", "properties": { "内容": "ふじさお内科クリニック【2:診療所】【診療科目:内科_呼吸器内科_循環器内科_消化器内科_アレルギー疾患内科_小児科_心療内科_リウマチ科】大分県大分市長浜町", "url": "https://www.iryou.teikyouseido.mhlw.go.jp/znk-web/juminkanja/S2430/initialize?prefCd=44&kikanCd=1045400000&kikanKbn=2", "url2": "http://www.fujisao.sakura.ne.jp" }, "geometry": { "type": "Point", "coordinates": [ 131.616185, 33.235975 ] } },
{ "type": "Feature", "properties": { "内容": "藤沢小児科・アレルギー科医院【2:診療所】【診療科目:小児科_アレルギー科】大分県大分市森５４１－１", "url": "https://www.iryou.teikyouseido.mhlw.go.jp/znk-web/juminkanja/S2430/initialize?prefCd=44&kikanCd=1045500000&kikanKbn=2", "url2": null }, "geometry": { "type": "Point", "coordinates": [ 131.679665199999988, 33.2234092 ] } },
{ "type": "Feature", "properties": { "内容": "藤島クリニック【2:診療所】【診療科目:内科_外科】大分県大分市大字荏隈６８９番地の８", "url": "https://www.iryou.teikyouseido.mhlw.go.jp/znk-web/juminkanja/S2430/initialize?prefCd=44&kikanCd=1045600000&kikanKbn=2", "url2": "https://www.big-advance.site/s/207/1488" }, "geometry": { "type": "Point", "coordinates": [ 131.577856, 33.215695 ] } },
{ "type": "Feature", "properties": { "内容": "医療法人　ふじしま整形外科【2:診療所】【診療科目:整形外科_リウマチ科_リハビリテーション科_麻酔科】大分県大分市中判田１５−９５", "url": "https://www.iryou.teikyouseido.mhlw.go.jp/znk-web/juminkanja/S2430/initialize?prefCd=44&kikanCd=1045700000&kikanKbn=2", "url2": "http://fujishima-orthopedics.com/index.html" }, "geometry": { "type": "Point", "coordinates": [ 131.635238, 33.169477 ] } },
{ "type": "Feature", "properties": { "内容": "藤本整形外科医院【2:診療所】【診療科目:整形外科_リハビリテーション科】大分県大分市賀来北２丁目１０－１８", "url": "https://www.iryou.teikyouseido.mhlw.go.jp/znk-web/juminkanja/S2430/initialize?prefCd=44&kikanCd=1045900000&kikanKbn=2", "url2": "http://fujimoto-seikei.net" }, "geometry": { "type": "Point", "coordinates": [ 131.566923, 33.212768 ] } },
{ "type": "Feature", "properties": { "内容": "府内耳鼻咽喉科【2:診療所】【診療科目:内科_気管食道外科_形成外科_耳鼻いんこう科_アレルギー科】大分県大分市府内町２丁目３ー３０　ヴィーナスビル２階", "url": "https://www.iryou.teikyouseido.mhlw.go.jp/znk-web/juminkanja/S2430/initialize?prefCd=44&kikanCd=1046100000&kikanKbn=2", "url2": "https://funai-ent.com/" }, "geometry": { "type": "Point", "coordinates": [ 131.609155, 33.236402 ] } },
{ "type": "Feature", "properties": { "内容": "古国府クリニック【2:診療所】【診療科目:内分泌内科_糖尿病・代謝内科_精神科_神経科_心療内科】大分県大分市古国府五丁目１番３３号", "url": "https://www.iryou.teikyouseido.mhlw.go.jp/znk-web/juminkanja/S2430/initialize?prefCd=44&kikanCd=1046200000&kikanKbn=2", "url2": "http://furugoucl.g1.xrea.com/" }, "geometry": { "type": "Point", "coordinates": [ 131.606303, 33.215971 ] } },
{ "type": "Feature", "properties": { "内容": "ぶんどう耳鼻咽喉科クリニック【2:診療所】【診療科目:耳鼻いんこう科_アレルギー科】大分県大分市賀来北２−５−１２", "url": "https://www.iryou.teikyouseido.mhlw.go.jp/znk-web/juminkanja/S2430/initialize?prefCd=44&kikanCd=1046400000&kikanKbn=2", "url2": "http://www.bundo-ent.com/bundo-ent/HOME.html" }, "geometry": { "type": "Point", "coordinates": [ 131.568811, 33.215407 ] } },
{ "type": "Feature", "properties": { "内容": "朋友クリニック【2:診療所】【診療科目:内科_胃腸内科_外科_大腸・肛門外科_整形外科_精神科_リハビリテーション科】大分県大分市下宗方", "url": "https://www.iryou.teikyouseido.mhlw.go.jp/znk-web/juminkanja/S2430/initialize?prefCd=44&kikanCd=1046700000&kikanKbn=2", "url2": "http://clinic.oita-hoyu.com" }, "geometry": { "type": "Point", "coordinates": [ 131.589313, 33.19618 ] } },
{ "type": "Feature", "properties": { "内容": "ほしの整形外科クリニック【2:診療所】【診療科目:整形外科_リウマチ科】大分県大分市今津留３－２－３", "url": "https://www.iryou.teikyouseido.mhlw.go.jp/znk-web/juminkanja/S2430/initialize?prefCd=44&kikanCd=1046800000&kikanKbn=2", "url2": null }, "geometry": { "type": "Point", "coordinates": [ 131.627323, 33.241442 ] } },
{ "type": "Feature", "properties": { "内容": "細川内科クリニック【2:診療所】【診療科目:内科_血液内科_小児科_アレルギー科】大分県大分市千代町１丁目２番３５号", "url": "https://www.iryou.teikyouseido.mhlw.go.jp/znk-web/juminkanja/S2430/initialize?prefCd=44&kikanCd=1046900000&kikanKbn=2", "url2": null }, "geometry": { "type": "Point", "coordinates": [ 131.606772, 33.243657 ] } },
{ "type": "Feature", "properties": { "内容": "医療法人　堀耳鼻咽喉科クリニック【2:診療所】【診療科目:気管食道・耳鼻いんこう科_アレルギー科】大分県大分市羽田１１２番地１", "url": "https://www.iryou.teikyouseido.mhlw.go.jp/znk-web/juminkanja/S2430/initialize?prefCd=44&kikanCd=1047100000&kikanKbn=2", "url2": "http://www.hori-jibi.com/" }, "geometry": { "type": "Point", "coordinates": [ 131.637549, 33.217725 ] } },
{ "type": "Feature", "properties": { "内容": "堀内科【2:診療所】【診療科目:内科】大分県大分市三佐１丁目７番８号", "url": "https://www.iryou.teikyouseido.mhlw.go.jp/znk-web/juminkanja/S2430/initialize?prefCd=44&kikanCd=1047200000&kikanKbn=2", "url2": null }, "geometry": { "type": "Point", "coordinates": [ 131.677716, 33.252042 ] } },
{ "type": "Feature", "properties": { "内容": "堀永産婦人科医院【2:診療所】【診療科目:産婦人科】大分県大分市府内町２－５－１３", "url": "https://www.iryou.teikyouseido.mhlw.go.jp/znk-web/juminkanja/S2430/initialize?prefCd=44&kikanCd=1047300000&kikanKbn=2", "url2": "http://horinaga.net/" }, "geometry": { "type": "Point", "coordinates": [ 131.610822, 33.236819 ] } },
{ "type": "Feature", "properties": { "内容": "牧野皮膚科形成外科内科医院【2:診療所】【診療科目:内科_消化器内科_形成外科_美容外科_小児科_皮膚科_美容皮膚科_麻酔科】大分県大分市明野東２－３２－２７", "url": "https://www.iryou.teikyouseido.mhlw.go.jp/znk-web/juminkanja/S2430/initialize?prefCd=44&kikanCd=1047400000&kikanKbn=2", "url2": "http://www.makinoclinic.com/" }, "geometry": { "type": "Point", "coordinates": [ 131.659977, 33.224339 ] } },
{ "type": "Feature", "properties": { "内容": "松岡メディカルクリニック【2:診療所】【診療科目:内科_呼吸器内科_循環器内科_消化器内科_腎臓内科_整形外科_リウマチ科_リハビリテーション科】大分県大分市松岡１８２４－１", "url": "https://www.iryou.teikyouseido.mhlw.go.jp/znk-web/juminkanja/S2430/initialize?prefCd=44&kikanCd=1047700000&kikanKbn=2", "url2": "http://www.matuoka.net" }, "geometry": { "type": "Point", "coordinates": [ 131.663697, 33.178652 ] } },
{ "type": "Feature", "properties": { "内容": "まつお内科クリニック【2:診療所】【診療科目:内科_呼吸器内科_循環器内科_消化器内科】大分県大分市中島東２丁目３番７号", "url": "https://www.iryou.teikyouseido.mhlw.go.jp/znk-web/juminkanja/S2430/initialize?prefCd=44&kikanCd=1047800000&kikanKbn=2", "url2": "https://sites.google.com/view/matsuonaika-clinic" }, "geometry": { "type": "Point", "coordinates": [ 131.615488, 33.245007 ] } },
{ "type": "Feature", "properties": { "内容": "松坂さとう消化器内科【2:診療所】【診療科目:内科_呼吸器内科_循環器内科_胃腸内科_リハビリテーション科_放射線科】大分県大分市大道町１－２－１", "url": "https://www.iryou.teikyouseido.mhlw.go.jp/znk-web/juminkanja/S2430/initialize?prefCd=44&kikanCd=1047900000&kikanKbn=2", "url2": null }, "geometry": { "type": "Point", "coordinates": [ 131.603778, 33.233639 ] } },
{ "type": "Feature", "properties": { "内容": "松田クリニック【2:診療所】【診療科目:内科_糖尿病内科_脳神経内科_呼吸器内科_循環器内科_消化器内科_腎臓内科_小児科_皮膚科_アレルギー科_リウマチ科】大分県大分市下徳丸東上鶴１１４－１", "url": "https://www.iryou.teikyouseido.mhlw.go.jp/znk-web/juminkanja/S2430/initialize?prefCd=44&kikanCd=1048000000&kikanKbn=2", "url2": null }, "geometry": { "type": "Point", "coordinates": [ 131.689125, 33.211191 ] } },
{ "type": "Feature", "properties": { "内容": "松本内科循環器科クリニック【2:診療所】【診療科目:内科_呼吸器内科_循環器内科_消化器内科_腎臓内科_人工透析内科_心療内科_アレルギー科】大分県大分市下郡北３丁目２１番２５号", "url": "https://www.iryou.teikyouseido.mhlw.go.jp/znk-web/juminkanja/S2430/initialize?prefCd=44&kikanCd=1048200000&kikanKbn=2", "url2": "http://www.matsumoto-naika.com/" }, "geometry": { "type": "Point", "coordinates": [ 131.633806, 33.230575 ] } },
{ "type": "Feature", "properties": { "内容": "松山医院大分腎臓内科【2:診療所】【診療科目:内科_腎臓内科_人工透析内科_リハビリテーション科】大分県大分市田尻４５７－１", "url": "https://www.iryou.teikyouseido.mhlw.go.jp/znk-web/juminkanja/S2430/initialize?prefCd=44&kikanCd=1048300000&kikanKbn=2", "url2": "http://www.matsuyama-iin.com" }, "geometry": { "type": "Point", "coordinates": [ 131.59445, 33.187391 ] } },
{ "type": "Feature", "properties": { "内容": "丸井整形外科医院【2:診療所】【診療科目:整形外科_リウマチ科_リハビリテーション科】大分県大分市東鶴崎１－６－２３", "url": "https://www.iryou.teikyouseido.mhlw.go.jp/znk-web/juminkanja/S2430/initialize?prefCd=44&kikanCd=1048500000&kikanKbn=2", "url2": null }, "geometry": { "type": "Point", "coordinates": [ 131.694995, 33.23968 ] } },
{ "type": "Feature", "properties": { "内容": "医療法人社団芳樹会みうら皮ふ科クリニック【2:診療所】【診療科目:形成外科_皮膚科】大分県大分市大字玉沢字垣添７０７番地の１", "url": "https://www.iryou.teikyouseido.mhlw.go.jp/znk-web/juminkanja/S2430/initialize?prefCd=44&kikanCd=1048700000&kikanKbn=2", "url2": "https://www.miura-cl.com" }, "geometry": { "type": "Point", "coordinates": [ 131.582463499999989, 33.1892008 ] } },
{ "type": "Feature", "properties": { "内容": "見塩　医院【2:診療所】【診療科目:内科_ペインクリニック内科_麻酔科】大分県大分市坂ノ市中央３－５－８", "url": "https://www.iryou.teikyouseido.mhlw.go.jp/znk-web/juminkanja/S2430/initialize?prefCd=44&kikanCd=1048800000&kikanKbn=2", "url2": null }, "geometry": { "type": "Point", "coordinates": [ 131.751738, 33.233985 ] } },
{ "type": "Feature", "properties": { "内容": "みやむらレディースクリニック【2:診療所】【診療科目:産科_婦人科】大分県大分市田尻", "url": "https://www.iryou.teikyouseido.mhlw.go.jp/znk-web/juminkanja/S2430/initialize?prefCd=44&kikanCd=1049400000&kikanKbn=2", "url2": "https://miyamura-oita.jp" }, "geometry": { "type": "Point", "coordinates": [ 131.592405, 33.188379 ] } },
{ "type": "Feature", "properties": { "内容": "医療法人　健耳会　宮本耳鼻咽喉科医院【2:診療所】【診療科目:耳鼻いんこう科】大分県大分市大道町４ー５ー３０", "url": "https://www.iryou.teikyouseido.mhlw.go.jp/znk-web/juminkanja/S2430/initialize?prefCd=44&kikanCd=1049600000&kikanKbn=2", "url2": null }, "geometry": { "type": "Point", "coordinates": [ 131.597446, 33.229447 ] } },
{ "type": "Feature", "properties": { "内容": "三好医院【2:診療所】【診療科目:内科_循環器内科_消化器内科_外科_消化器外科_肛門外科_リハビリテーション科】大分県大分市森町", "url": "https://www.iryou.teikyouseido.mhlw.go.jp/znk-web/juminkanja/S2430/initialize?prefCd=44&kikanCd=1049700000&kikanKbn=2", "url2": "https://miyoshiclinic.jp/" }, "geometry": { "type": "Point", "coordinates": [ 131.681147, 33.228628 ] } },
{ "type": "Feature", "properties": { "内容": "三好眼科内科医院【2:診療所】【診療科目:内科_眼科】大分県大分市馬場２６６番地", "url": "https://www.iryou.teikyouseido.mhlw.go.jp/znk-web/juminkanja/S2430/initialize?prefCd=44&kikanCd=1049800000&kikanKbn=2", "url2": "http://www.advanced.ne.jp/miyoshi/" }, "geometry": { "type": "Point", "coordinates": [ 131.784424, 33.239219 ] } },
{ "type": "Feature", "properties": { "内容": "三好内科循環器科医院【2:診療所】【診療科目:内科_循環器内科_眼科】大分県大分市大字丹川字水ヶ本３７２－１", "url": "https://www.iryou.teikyouseido.mhlw.go.jp/znk-web/juminkanja/S2430/initialize?prefCd=44&kikanCd=1049900000&kikanKbn=2", "url2": null }, "geometry": { "type": "Point", "coordinates": [ 131.719122, 33.21372 ] } },
{ "type": "Feature", "properties": { "内容": "むねむら大腸肛門クリニック【2:診療所】【診療科目:内科_消化器内科_胃腸内科_外科_消化器外科_肛門外科_麻酔科】大分県大分市古国府五丁目１番２９号", "url": "https://www.iryou.teikyouseido.mhlw.go.jp/znk-web/juminkanja/S2430/initialize?prefCd=44&kikanCd=1050000000&kikanKbn=2", "url2": "http://www.munemura-clinic.com/" }, "geometry": { "type": "Point", "coordinates": [ 131.606179, 33.215416 ] } },
{ "type": "Feature", "properties": { "内容": "明治河野医院【2:診療所】【診療科目:内科_呼吸器内科_漢方内科_外科_呼吸器外科】大分県大分市横尾３９３７の８", "url": "https://www.iryou.teikyouseido.mhlw.go.jp/znk-web/juminkanja/S2430/initialize?prefCd=44&kikanCd=1050200000&kikanKbn=2", "url2": "http://www.m-kawano.com" }, "geometry": { "type": "Point", "coordinates": [ 131.66381, 33.215907 ] } },
{ "type": "Feature", "properties": { "内容": "めのクリニック【2:診療所】【診療科目:内科_外科】大分県大分市明野高尾三丁目１番地の１", "url": "https://www.iryou.teikyouseido.mhlw.go.jp/znk-web/juminkanja/S2430/initialize?prefCd=44&kikanCd=1050300000&kikanKbn=2", "url2": null }, "geometry": { "type": "Point", "coordinates": [ 131.649645, 33.210323 ] } },
{ "type": "Feature", "properties": { "内容": "社会医療法人　藤本育成会　ももぞの小児科クリニック【2:診療所】【診療科目:小児科】大分県大分市仲西町１－６－１２", "url": "https://www.iryou.teikyouseido.mhlw.go.jp/znk-web/juminkanja/S2430/initialize?prefCd=44&kikanCd=1050400000&kikanKbn=2", "url2": null }, "geometry": { "type": "Point", "coordinates": [ 131.662832, 33.242381 ] } },
{ "type": "Feature", "properties": { "内容": "医療法人安武医院　安武クリニック【2:診療所】【診療科目:整形外科_産婦人科_婦人科_リハビリテーション科】大分県大分市今津留１丁目３番１４号", "url": "https://www.iryou.teikyouseido.mhlw.go.jp/znk-web/juminkanja/S2430/initialize?prefCd=44&kikanCd=1050600000&kikanKbn=2", "url2": null }, "geometry": { "type": "Point", "coordinates": [ 131.62514, 33.240797 ] } },
{ "type": "Feature", "properties": { "内容": "医療法人矢野眼科【2:診療所】【診療科目:眼科】大分県大分市中央町１丁目５番１０号", "url": "https://www.iryou.teikyouseido.mhlw.go.jp/znk-web/juminkanja/S2430/initialize?prefCd=44&kikanCd=1050800000&kikanKbn=2", "url2": "http://www.yano-ganka.co.jp" }, "geometry": { "type": "Point", "coordinates": [ 131.60677, 33.238293 ] } },
{ "type": "Feature", "properties": { "内容": "山口内科胃腸クリニック【2:診療所】【診療科目:内科_胃腸内科_外科_肛門外科】大分県大分市小池原１１１３－１", "url": "https://www.iryou.teikyouseido.mhlw.go.jp/znk-web/juminkanja/S2430/initialize?prefCd=44&kikanCd=1051100000&kikanKbn=2", "url2": "http://yamaguchi-cl-ooita.com" }, "geometry": { "type": "Point", "coordinates": [ 131.661079, 33.234799 ] } },
{ "type": "Feature", "properties": { "内容": "山下クリニック【2:診療所】【診療科目:内科_麻酔科】大分県大分市府内町１－５－１　コスモ２　３階", "url": "https://www.iryou.teikyouseido.mhlw.go.jp/znk-web/juminkanja/S2430/initialize?prefCd=44&kikanCd=1051200000&kikanKbn=2", "url2": "https://yamashita-painclinic.com/#access" }, "geometry": { "type": "Point", "coordinates": [ 131.609155, 33.236402 ] } },
{ "type": "Feature", "properties": { "内容": "山下循環器科内科【2:診療所】【診療科目:内科_循環器内科_消化器内科_リハビリテーション科】大分県大分市下判田", "url": "https://www.iryou.teikyouseido.mhlw.go.jp/znk-web/juminkanja/S2430/initialize?prefCd=44&kikanCd=1051300000&kikanKbn=2", "url2": "http://yamashita.chobi.net/" }, "geometry": { "type": "Point", "coordinates": [ 131.642754, 33.163672 ] } },
{ "type": "Feature", "properties": { "内容": "医療法人　健和会　山田クリニック【2:診療所】【診療科目:精神科_心療内科】大分県大分市府内町２丁目３番３０号　ヴィーナスビル５階", "url": "https://www.iryou.teikyouseido.mhlw.go.jp/znk-web/juminkanja/S2430/initialize?prefCd=44&kikanCd=1051500000&kikanKbn=2", "url2": "https://www.yamadaclinic.net" }, "geometry": { "type": "Point", "coordinates": [ 131.609167, 33.236471 ] } },
{ "type": "Feature", "properties": { "内容": "医療法人星水会　弓崎耳鼻咽喉科・気管食道科【2:診療所】【診療科目:気管食道内科_耳鼻いんこう科】大分県大分市生石３丁目１番２９号　西の丸ビル１階", "url": "https://www.iryou.teikyouseido.mhlw.go.jp/znk-web/juminkanja/S2430/initialize?prefCd=44&kikanCd=1051800000&kikanKbn=2", "url2": null }, "geometry": { "type": "Point", "coordinates": [ 131.587905, 33.244212 ] } },
{ "type": "Feature", "properties": { "内容": "吉田胃腸科・外科・肛門科【2:診療所】【診療科目:糖尿病内科_胃腸内科_消化器外科_肛門外科】大分県大分市城原１７６９番地の９", "url": "https://www.iryou.teikyouseido.mhlw.go.jp/znk-web/juminkanja/S2430/initialize?prefCd=44&kikanCd=1052100000&kikanKbn=2", "url2": null }, "geometry": { "type": "Point", "coordinates": [ 131.72862, 33.237561 ] } },
{ "type": "Feature", "properties": { "内容": "吉村耳鼻咽喉科【2:診療所】【診療科目:耳鼻いんこう科】大分県大分市森町５６５－１", "url": "https://www.iryou.teikyouseido.mhlw.go.jp/znk-web/juminkanja/S2430/initialize?prefCd=44&kikanCd=1052300000&kikanKbn=2", "url2": null }, "geometry": { "type": "Point", "coordinates": [ 131.680001, 33.2254779 ] } },
{ "type": "Feature", "properties": { "内容": "吉村内科循環器科クリニック【2:診療所】【診療科目:内科_呼吸器内科_循環器内科_小児科】大分県大分市常行２６６番地１", "url": "https://www.iryou.teikyouseido.mhlw.go.jp/znk-web/juminkanja/S2430/initialize?prefCd=44&kikanCd=1052400000&kikanKbn=2", "url2": "http://www.yoshimura-cl.com/" }, "geometry": { "type": "Point", "coordinates": [ 131.688867, 33.212948 ] } },
{ "type": "Feature", "properties": { "内容": "米満内科医院【2:診療所】【診療科目:内科_呼吸器内科_循環器内科_消化器内科】大分県大分市明野南１丁目２７－１０", "url": "https://www.iryou.teikyouseido.mhlw.go.jp/znk-web/juminkanja/S2430/initialize?prefCd=44&kikanCd=1052500000&kikanKbn=2", "url2": "https://www.yonemitsunaikaiin.com/" }, "geometry": { "type": "Point", "coordinates": [ 131.649592, 33.221603 ] } },
{ "type": "Feature", "properties": { "内容": "龍の和胃腸科クリニック【2:診療所】【診療科目:内科_消化器内科_胃腸内科】大分県大分市府内町", "url": "https://www.iryou.teikyouseido.mhlw.go.jp/znk-web/juminkanja/S2430/initialize?prefCd=44&kikanCd=1052600000&kikanKbn=2", "url2": null }, "geometry": { "type": "Point", "coordinates": [ 131.6092904, 33.2369682 ] } },
{ "type": "Feature", "properties": { "内容": "わかくさ診療所【2:診療所】【診療科目:内科_呼吸器内科_循環器内科_消化器内科_アレルギー疾患内科】大分県大分市野田", "url": "https://www.iryou.teikyouseido.mhlw.go.jp/znk-web/juminkanja/S2430/initialize?prefCd=44&kikanCd=1052700000&kikanKbn=2", "url2": null }, "geometry": { "type": "Point", "coordinates": [ 131.536223, 33.203811 ] } },
{ "type": "Feature", "properties": { "内容": "わかやま・こどもクリニック【2:診療所】【診療科目:小児科_アレルギー科】大分県大分市明野北１丁目７番１０号", "url": "https://www.iryou.teikyouseido.mhlw.go.jp/znk-web/juminkanja/S2430/initialize?prefCd=44&kikanCd=1053000000&kikanKbn=2", "url2": "http://www.wakayama-kodomo.com/" }, "geometry": { "type": "Point", "coordinates": [ 131.652302, 33.22786 ] } },
{ "type": "Feature", "properties": { "内容": "わだ内科・胃と腸クリニック【2:診療所】【診療科目:内科_消化器内科_胃腸内科_内視鏡内科_外科_整形外科_リハビリテーション科】大分県大分市津守", "url": "https://www.iryou.teikyouseido.mhlw.go.jp/znk-web/juminkanja/S2430/initialize?prefCd=44&kikanCd=1053100000&kikanKbn=2", "url2": "https://wada-cl.net/" }, "geometry": { "type": "Point", "coordinates": [ 131.626129, 33.205136 ] } },
{ "type": "Feature", "properties": { "内容": "のだこどもクリニック【2:診療所】【診療科目:小児科】大分県大分市玉沢７０４－１", "url": "https://www.iryou.teikyouseido.mhlw.go.jp/znk-web/juminkanja/S2430/initialize?prefCd=44&kikanCd=1053200000&kikanKbn=2", "url2": "https://www.child-clinic.jp/" }, "geometry": { "type": "Point", "coordinates": [ 131.580516, 33.186365 ] } },
{ "type": "Feature", "properties": { "内容": "渡辺内科医院【2:診療所】【診療科目:内科_呼吸器内科_循環器内科_消化器内科】大分県大分市生石２丁目１番５号", "url": "https://www.iryou.teikyouseido.mhlw.go.jp/znk-web/juminkanja/S2430/initialize?prefCd=44&kikanCd=1053400000&kikanKbn=2", "url2": null }, "geometry": { "type": "Point", "coordinates": [ 131.584947, 33.244293 ] } },
{ "type": "Feature", "properties": { "内容": "大久保内科外科（内視鏡）クリニック【2:診療所】【診療科目:内科_消化器内科_胃腸内科_外科_胃腸外科_大腸外科_乳腺外科_肛門外科_内視鏡外科】大分県大分市大字市１２８２番地", "url": "https://www.iryou.teikyouseido.mhlw.go.jp/znk-web/juminkanja/S2430/initialize?prefCd=44&kikanCd=1053900000&kikanKbn=2", "url2": "http://www.mp-clinic.jp" }, "geometry": { "type": "Point", "coordinates": [ 131.57469, 33.187739 ] } },
{ "type": "Feature", "properties": { "内容": "おさこ内科・外科クリニック【2:診療所】【診療科目:内科_外科】大分県大分市田中町３ー１５－１５", "url": "https://www.iryou.teikyouseido.mhlw.go.jp/znk-web/juminkanja/S2430/initialize?prefCd=44&kikanCd=1054000000&kikanKbn=2", "url2": "https://www.osako-clinic.com" }, "geometry": { "type": "Point", "coordinates": [ 131.592028, 33.207155 ] } },
{ "type": "Feature", "properties": { "内容": "くわたに内科【2:診療所】【診療科目:内科_漢方内科】大分県大分市大字本神崎６９０番地の１", "url": "https://www.iryou.teikyouseido.mhlw.go.jp/znk-web/juminkanja/S2430/initialize?prefCd=44&kikanCd=1054100000&kikanKbn=2", "url2": null }, "geometry": { "type": "Point", "coordinates": [ 131.798214, 33.241358 ] } },
{ "type": "Feature", "properties": { "内容": "すえなが耳鼻咽喉科【2:診療所】【診療科目:耳鼻いんこう科】大分県大分市日吉町", "url": "https://www.iryou.teikyouseido.mhlw.go.jp/znk-web/juminkanja/S2430/initialize?prefCd=44&kikanCd=1054300000&kikanKbn=2", "url2": null }, "geometry": { "type": "Point", "coordinates": [ 131.607971, 33.243282 ] } },
{ "type": "Feature", "properties": { "内容": "戸次あべクリニック【2:診療所】【診療科目:内科_呼吸器内科_アレルギー疾患内科】大分県大分市大字下戸次１５２８－５", "url": "https://www.iryou.teikyouseido.mhlw.go.jp/znk-web/juminkanja/S2430/initialize?prefCd=44&kikanCd=1054600000&kikanKbn=2", "url2": null }, "geometry": { "type": "Point", "coordinates": [ 131.659908, 33.158284 ] } },
{ "type": "Feature", "properties": { "内容": "ほうふ耳鼻咽喉科【2:診療所】【診療科目:気管食道・耳鼻いんこう科_アレルギー科】大分県大分市羽屋１丁目５番２０号", "url": "https://www.iryou.teikyouseido.mhlw.go.jp/znk-web/juminkanja/S2430/initialize?prefCd=44&kikanCd=1054700000&kikanKbn=2", "url2": "http://www.houfu-ent.jp/" }, "geometry": { "type": "Point", "coordinates": [ 131.601003, 33.21529 ] } },
{ "type": "Feature", "properties": { "内容": "みみはなクリニック【2:診療所】【診療科目:耳鼻いんこう科_アレルギー科】大分県大分市大字口戸６２番地７", "url": "https://www.iryou.teikyouseido.mhlw.go.jp/znk-web/juminkanja/S2430/initialize?prefCd=44&kikanCd=1054800000&kikanKbn=2", "url2": "http://www9.plala.or.jp/mimihana/index.html" }, "geometry": { "type": "Point", "coordinates": [ 131.568807, 33.183892 ] } },
{ "type": "Feature", "properties": { "内容": "わだ内科医院【2:診療所】【診療科目:内科_糖尿病・内分泌内科_呼吸器内科_循環器内科_消化器内科_アレルギー科_放射線診断科】大分県大分市中央町２丁目９番１５号", "url": "https://www.iryou.teikyouseido.mhlw.go.jp/znk-web/juminkanja/S2430/initialize?prefCd=44&kikanCd=1054900000&kikanKbn=2", "url2": null }, "geometry": { "type": "Point", "coordinates": [ 131.605284, 33.238686 ] } },
{ "type": "Feature", "properties": { "内容": "あおい産婦人科【2:診療所】【診療科目:産婦人科】大分県別府市石垣東８丁目２番３１号", "url": "https://www.iryou.teikyouseido.mhlw.go.jp/znk-web/juminkanja/S2430/initialize?prefCd=44&kikanCd=1055000000&kikanKbn=2", "url2": "http://oita-aoiclinic.jp/" }, "geometry": { "type": "Point", "coordinates": [ 131.498361, 33.302207 ] } },
{ "type": "Feature", "properties": { "内容": "青山整形外科クリニック【2:診療所】【診療科目:内科_外科_整形外科_リハビリテーション科】大分県別府市山の手町１７－１", "url": "https://www.iryou.teikyouseido.mhlw.go.jp/znk-web/juminkanja/S2430/initialize?prefCd=44&kikanCd=1055100000&kikanKbn=2", "url2": "http://www.aocli.com/" }, "geometry": { "type": "Point", "coordinates": [ 131.48283, 33.283149 ] } },
{ "type": "Feature", "properties": { "内容": "あべ消化器・内科クリニック【2:診療所】【診療科目:内科_消化器内科】大分県別府市新別府", "url": "https://www.iryou.teikyouseido.mhlw.go.jp/znk-web/juminkanja/S2430/initialize?prefCd=44&kikanCd=1055300000&kikanKbn=2", "url2": "http://abegiclinic.com/" }, "geometry": { "type": "Point", "coordinates": [ 131.481886, 33.308115 ] } },
{ "type": "Feature", "properties": { "内容": "安倍内科医院【2:診療所】【診療科目:内科_糖尿病内科_循環器内科】大分県別府市火売８－１", "url": "https://www.iryou.teikyouseido.mhlw.go.jp/znk-web/juminkanja/S2430/initialize?prefCd=44&kikanCd=1055500000&kikanKbn=2", "url2": "http://www.abe-cl.jp/" }, "geometry": { "type": "Point", "coordinates": [ 131.468582, 33.308563 ] } },
{ "type": "Feature", "properties": { "内容": "諌山整形外科医院【2:診療所】【診療科目:整形外科_リウマチ科_リハビリテーション科】大分県別府市南荘園町", "url": "https://www.iryou.teikyouseido.mhlw.go.jp/znk-web/juminkanja/S2430/initialize?prefCd=44&kikanCd=1055700000&kikanKbn=2", "url2": "http://www3.plala.or.jp/isaclin/html/" }, "geometry": { "type": "Point", "coordinates": [ 131.475661, 33.28958 ] } },
{ "type": "Feature", "properties": { "内容": "石川胃腸科医院【2:診療所】【診療科目:内科_胃腸内科_外科_肛門外科】大分県別府市東荘園５－９－１", "url": "https://www.iryou.teikyouseido.mhlw.go.jp/znk-web/juminkanja/S2430/initialize?prefCd=44&kikanCd=1055800000&kikanKbn=2", "url2": "http://ishikawa-ichouka.jimdo.com" }, "geometry": { "type": "Point", "coordinates": [ 131.484812, 33.294124 ] } },
{ "type": "Feature", "properties": { "内容": "いとう循環器・麻酔科クリニック【2:診療所】【診療科目:ペインクリニック内科】大分県別府市石垣西７丁目２１４７－１", "url": "https://www.iryou.teikyouseido.mhlw.go.jp/znk-web/juminkanja/S2430/initialize?prefCd=44&kikanCd=1056000000&kikanKbn=2", "url2": null }, "geometry": { "type": "Point", "coordinates": [ 131.493819, 33.299943 ] } },
{ "type": "Feature", "properties": { "内容": "医療法人　清瞳会　岡田眼科医院【2:診療所】【診療科目:眼科】大分県別府市楠町１番３２号", "url": "https://www.iryou.teikyouseido.mhlw.go.jp/znk-web/juminkanja/S2430/initialize?prefCd=44&kikanCd=1056100000&kikanKbn=2", "url2": null }, "geometry": { "type": "Point", "coordinates": [ 131.503231, 33.275105 ] } },
{ "type": "Feature", "properties": { "内容": "医療法人　三和会　馬場医院【2:診療所】【診療科目:内科_外科】大分県別府市大字南立石１７７５番地の１４", "url": "https://www.iryou.teikyouseido.mhlw.go.jp/znk-web/juminkanja/S2430/initialize?prefCd=44&kikanCd=1056200000&kikanKbn=2", "url2": null }, "geometry": { "type": "Point", "coordinates": [ 131.468861, 33.289517 ] } },
{ "type": "Feature", "properties": { "内容": "うちくら内科【2:診療所】【診療科目:内科_呼吸器内科_循環器内科_消化器内科_呼吸器外科】大分県別府市馬場", "url": "https://www.iryou.teikyouseido.mhlw.go.jp/znk-web/juminkanja/S2430/initialize?prefCd=44&kikanCd=1056600000&kikanKbn=2", "url2": null }, "geometry": { "type": "Point", "coordinates": [ 131.474515, 33.306268 ] } },
{ "type": "Feature", "properties": { "内容": "おおさわクリニック【2:診療所】【診療科目:内科_消化器内科_胃腸内科_外科_肛門外科】大分県別府市富士見町１－７", "url": "https://www.iryou.teikyouseido.mhlw.go.jp/znk-web/juminkanja/S2430/initialize?prefCd=44&kikanCd=1056900000&kikanKbn=2", "url2": null }, "geometry": { "type": "Point", "coordinates": [ 131.500549, 33.285092 ] } },
{ "type": "Feature", "properties": { "内容": "岡嶋医院【2:診療所】【診療科目:内科_消化器内科_外科_肛門外科_リハビリテーション科】大分県別府市元町１６番９号", "url": "https://www.iryou.teikyouseido.mhlw.go.jp/znk-web/juminkanja/S2430/initialize?prefCd=44&kikanCd=1057000000&kikanKbn=2", "url2": null }, "geometry": { "type": "Point", "coordinates": [ 131.505732, 33.277924 ] } },
{ "type": "Feature", "properties": { "内容": "垣迫内科医院【2:診療所】【診療科目:内科_神経内科_漢方内科】大分県別府市松原町６番１２号", "url": "https://www.iryou.teikyouseido.mhlw.go.jp/znk-web/juminkanja/S2430/initialize?prefCd=44&kikanCd=1057100000&kikanKbn=2", "url2": null }, "geometry": { "type": "Point", "coordinates": [ 131.506868, 33.272483 ] } },
{ "type": "Feature", "properties": { "内容": "金子内科医院【2:診療所】【診療科目:内科】大分県別府市石垣東１－７－２７", "url": "https://www.iryou.teikyouseido.mhlw.go.jp/znk-web/juminkanja/S2430/initialize?prefCd=44&kikanCd=1057200000&kikanKbn=2", "url2": null }, "geometry": { "type": "Point", "coordinates": [ 131.497933, 33.29033 ] } },
{ "type": "Feature", "properties": { "内容": "かめがわ耳鼻咽喉科【2:診療所】【診療科目:耳鼻いんこう科】大分県別府市亀川四の湯町", "url": "https://www.iryou.teikyouseido.mhlw.go.jp/znk-web/juminkanja/S2430/initialize?prefCd=44&kikanCd=1057500000&kikanKbn=2", "url2": null }, "geometry": { "type": "Point", "coordinates": [ 131.493455, 33.321186 ] } },
{ "type": "Feature", "properties": { "内容": "亀川精神保健クリニック【2:診療所】【診療科目:精神科】大分県別府市亀川浜田町３番３０号", "url": "https://www.iryou.teikyouseido.mhlw.go.jp/znk-web/juminkanja/S2430/initialize?prefCd=44&kikanCd=1057600000&kikanKbn=2", "url2": null }, "geometry": { "type": "Point", "coordinates": [ 131.494005, 33.329363 ] } },
{ "type": "Feature", "properties": { "内容": "北崎医院【2:診療所】【診療科目:内科_消化器内科】大分県別府市青山町", "url": "https://www.iryou.teikyouseido.mhlw.go.jp/znk-web/juminkanja/S2430/initialize?prefCd=44&kikanCd=1057800000&kikanKbn=2", "url2": null }, "geometry": { "type": "Point", "coordinates": [ 131.493623, 33.279929 ] } },
{ "type": "Feature", "properties": { "内容": "北浜眼科クリニック【2:診療所】【診療科目:眼科】大分県別府市北浜１丁目１３番１１号", "url": "https://www.iryou.teikyouseido.mhlw.go.jp/znk-web/juminkanja/S2430/initialize?prefCd=44&kikanCd=1057900000&kikanKbn=2", "url2": null }, "geometry": { "type": "Point", "coordinates": [ 131.50576, 33.278115 ] } },
{ "type": "Feature", "properties": { "内容": "杉下医院【2:診療所】【診療科目:内科_胃腸内科_外科_肛門外科_眼科_泌尿器科】大分県別府市上田の湯町１番７号", "url": "https://www.iryou.teikyouseido.mhlw.go.jp/znk-web/juminkanja/S2430/initialize?prefCd=44&kikanCd=1058000000&kikanKbn=2", "url2": null }, "geometry": { "type": "Point", "coordinates": [ 131.496985599999988, 33.2761861 ] } },
{ "type": "Feature", "properties": { "内容": "久保田クリニック【2:診療所】【診療科目:内科_循環器内科_胃腸内科_外科_心臓血管外科_肛門外科_リハビリテーション科】大分県別府市石垣東１０丁目４番１７号", "url": "https://www.iryou.teikyouseido.mhlw.go.jp/znk-web/juminkanja/S2430/initialize?prefCd=44&kikanCd=1058500000&kikanKbn=2", "url2": "http://www.kubota-clinic.com" }, "geometry": { "type": "Point", "coordinates": [ 131.495841, 33.304933 ] } },
{ "type": "Feature", "properties": { "内容": "たなか乳腺・外科・内科クリニック【2:診療所】【診療科目:内科_外科_乳腺外科】大分県別府市中央町", "url": "https://www.iryou.teikyouseido.mhlw.go.jp/znk-web/juminkanja/S2430/initialize?prefCd=44&kikanCd=1058600000&kikanKbn=2", "url2": "http://tanaka-bsi-clinic.jimdo.com" }, "geometry": { "type": "Point", "coordinates": [ 131.50136, 33.277463 ] } },
{ "type": "Feature", "properties": { "内容": "河野小児科医院【2:診療所】【診療科目:小児科】大分県別府市石垣西７ー８ー１０", "url": "https://www.iryou.teikyouseido.mhlw.go.jp/znk-web/juminkanja/S2430/initialize?prefCd=44&kikanCd=1059200000&kikanKbn=2", "url2": "http://www.beppu-med.or.jp-kono-index.html" }, "geometry": { "type": "Point", "coordinates": [ 131.493475, 33.300818 ] } },
{ "type": "Feature", "properties": { "内容": "古城循環器クリニック【2:診療所】【診療科目:内科_循環器内科】大分県別府市石垣東６－３－２４", "url": "https://www.iryou.teikyouseido.mhlw.go.jp/znk-web/juminkanja/S2430/initialize?prefCd=44&kikanCd=1059600000&kikanKbn=2", "url2": null }, "geometry": { "type": "Point", "coordinates": [ 131.4977678, 33.2980439 ] } },
{ "type": "Feature", "properties": { "内容": "古城小児科医院【2:診療所】【診療科目:小児科】大分県別府市上人仲町", "url": "https://www.iryou.teikyouseido.mhlw.go.jp/znk-web/juminkanja/S2430/initialize?prefCd=44&kikanCd=1059700000&kikanKbn=2", "url2": null }, "geometry": { "type": "Point", "coordinates": [ 131.494375, 33.313367 ] } },
{ "type": "Feature", "properties": { "内容": "医療法人　児玉耳鼻咽喉科クリニック【2:診療所】【診療科目:気管食道外科_小児耳鼻いんこう科_耳鼻いんこう科_アレルギー科_麻酔科】大分県別府市北浜２丁目４番９号", "url": "https://www.iryou.teikyouseido.mhlw.go.jp/znk-web/juminkanja/S2430/initialize?prefCd=44&kikanCd=1059800000&kikanKbn=2", "url2": null }, "geometry": { "type": "Point", "coordinates": [ 131.504085, 33.280976 ] } },
{ "type": "Feature", "properties": { "内容": "こだま脳神経外科クリニック【2:診療所】【診療科目:神経内科_脳神経外科】大分県別府市石垣東８－２－３５", "url": "https://www.iryou.teikyouseido.mhlw.go.jp/znk-web/juminkanja/S2430/initialize?prefCd=44&kikanCd=1060000000&kikanKbn=2", "url2": "http://ns-kodama.sakura.ne.jp" }, "geometry": { "type": "Point", "coordinates": [ 131.498773, 33.302287 ] } },
{ "type": "Feature", "properties": { "内容": "佐藤整形外科医院【2:診療所】【診療科目:整形外科_リハビリテーション科】大分県別府市中央町", "url": "https://www.iryou.teikyouseido.mhlw.go.jp/znk-web/juminkanja/S2430/initialize?prefCd=44&kikanCd=1060600000&kikanKbn=2", "url2": null }, "geometry": { "type": "Point", "coordinates": [ 131.50076, 33.27746 ] } },
{ "type": "Feature", "properties": { "内容": "さとう皮膚科【2:診療所】【診療科目:皮膚科】大分県別府市田の湯町１５－４", "url": "https://www.iryou.teikyouseido.mhlw.go.jp/znk-web/juminkanja/S2430/initialize?prefCd=44&kikanCd=1060700000&kikanKbn=2", "url2": null }, "geometry": { "type": "Point", "coordinates": [ 131.49853, 33.280076 ] } },
{ "type": "Feature", "properties": { "内容": "耳鼻咽喉科しげみ医院【2:診療所】【診療科目:気管食道・耳鼻いんこう科_アレルギー科】大分県別府市東荘園", "url": "https://www.iryou.teikyouseido.mhlw.go.jp/znk-web/juminkanja/S2430/initialize?prefCd=44&kikanCd=1060800000&kikanKbn=2", "url2": "https://www2.i-helios-net.com/pc/hw2_pc_login.php?MID=8672&portal=bnavi" }, "geometry": { "type": "Point", "coordinates": [ 131.485931, 33.291557 ] } },
{ "type": "Feature", "properties": { "内容": "新森内科クリニック【2:診療所】【診療科目:内科_呼吸器内科_循環器内科_胃腸内科_腎臓内科】大分県別府市石垣東５丁目１番２５号", "url": "https://www.iryou.teikyouseido.mhlw.go.jp/znk-web/juminkanja/S2430/initialize?prefCd=44&kikanCd=1061300000&kikanKbn=2", "url2": "https://www.shinmori-clinic.com" }, "geometry": { "type": "Point", "coordinates": [ 131.499302, 33.297294 ] } },
{ "type": "Feature", "properties": { "内容": "末宗内科医院【2:診療所】【診療科目:内科_消化器内科_胃腸内科_肝臓内科】大分県別府市上田の湯町１３番３号", "url": "https://www.iryou.teikyouseido.mhlw.go.jp/znk-web/juminkanja/S2430/initialize?prefCd=44&kikanCd=1061400000&kikanKbn=2", "url2": null }, "geometry": { "type": "Point", "coordinates": [ 131.497078, 33.278664 ] } },
{ "type": "Feature", "properties": { "内容": "荘園内科クリニック【2:診療所】【診療科目:内科_消化器内科_胃腸内科_肝臓内科】大分県別府市東荘園４丁目１１番１０号", "url": "https://www.iryou.teikyouseido.mhlw.go.jp/znk-web/juminkanja/S2430/initialize?prefCd=44&kikanCd=1061500000&kikanKbn=2", "url2": "https://www.soen-naika.com" }, "geometry": { "type": "Point", "coordinates": [ 131.486589, 33.294436 ] } },
{ "type": "Feature", "properties": { "内容": "高木眼科医院【2:診療所】【診療科目:眼科】大分県別府市駅前町５番５号", "url": "https://www.iryou.teikyouseido.mhlw.go.jp/znk-web/juminkanja/S2430/initialize?prefCd=44&kikanCd=1061700000&kikanKbn=2", "url2": "http://www.takaki.jp" }, "geometry": { "type": "Point", "coordinates": [ 131.501528900000011, 33.2780066 ] } },
{ "type": "Feature", "properties": { "内容": "高橋内科医院【2:診療所】【診療科目:内科_精神科_心療内科_老年精神科】大分県別府市朝見１－１２－７", "url": "https://www.iryou.teikyouseido.mhlw.go.jp/znk-web/juminkanja/S2430/initialize?prefCd=44&kikanCd=1061800000&kikanKbn=2", "url2": null }, "geometry": { "type": "Point", "coordinates": [ 131.499775, 33.271588 ] } },
{ "type": "Feature", "properties": { "内容": "医療法人武井医院【2:診療所】【診療科目:内科_外科】大分県別府市幸町", "url": "https://www.iryou.teikyouseido.mhlw.go.jp/znk-web/juminkanja/S2430/initialize?prefCd=44&kikanCd=1061900000&kikanKbn=2", "url2": null }, "geometry": { "type": "Point", "coordinates": [ 131.496605, 33.287945 ] } },
{ "type": "Feature", "properties": { "内容": "たにぐち糖尿病内科クリニック【2:診療所】【診療科目:内科_糖尿病内科】大分県別府市東荘園一丁目６番２号リバーサイドハイツ荘園１Ｆ", "url": "https://www.iryou.teikyouseido.mhlw.go.jp/znk-web/juminkanja/S2430/initialize?prefCd=44&kikanCd=1062000000&kikanKbn=2", "url2": "http://www.taninai-med.dr-clinic.jp" }, "geometry": { "type": "Point", "coordinates": [ 131.486852, 33.290404 ] } },
{ "type": "Feature", "properties": { "内容": "つねとみ内科胃腸科クリニック【2:診療所】【診療科目:内科_胃腸内科】大分県別府市中須賀本町３組", "url": "https://www.iryou.teikyouseido.mhlw.go.jp/znk-web/juminkanja/S2430/initialize?prefCd=44&kikanCd=1062200000&kikanKbn=2", "url2": null }, "geometry": { "type": "Point", "coordinates": [ 131.493366, 33.309729 ] } },
{ "type": "Feature", "properties": { "内容": "局医院【2:診療所】【診療科目:内科】大分県別府市南荘園町２９－５２", "url": "https://www.iryou.teikyouseido.mhlw.go.jp/znk-web/juminkanja/S2430/initialize?prefCd=44&kikanCd=1062300000&kikanKbn=2", "url2": null }, "geometry": { "type": "Point", "coordinates": [ 131.478126, 33.289736 ] } },
{ "type": "Feature", "properties": { "内容": "中村たかクリニック【2:診療所】【診療科目:内科_胃腸科】大分県別府市新港町１－３０", "url": "https://www.iryou.teikyouseido.mhlw.go.jp/znk-web/juminkanja/S2430/initialize?prefCd=44&kikanCd=1063000000&kikanKbn=2", "url2": null }, "geometry": { "type": "Point", "coordinates": [ 131.500652, 33.297171 ] } },
{ "type": "Feature", "properties": { "内容": "鳴海クリニック【2:診療所】【診療科目:内科_消化器内科_胃腸内科_外科_皮膚科】大分県別府市楠町１４番８号", "url": "https://www.iryou.teikyouseido.mhlw.go.jp/znk-web/juminkanja/S2430/initialize?prefCd=44&kikanCd=1063100000&kikanKbn=2", "url2": "http://www.narumi-clinic.jp" }, "geometry": { "type": "Point", "coordinates": [ 131.505732, 33.275807 ] } },
{ "type": "Feature", "properties": { "内容": "医療法人　にしむら皮ふ科医院　別府診療所【2:診療所】【診療科目:皮膚科】大分県別府市石垣東", "url": "https://www.iryou.teikyouseido.mhlw.go.jp/znk-web/juminkanja/S2430/initialize?prefCd=44&kikanCd=1063300000&kikanKbn=2", "url2": "http://www.nishimura-hifuka.or.jp/" }, "geometry": { "type": "Point", "coordinates": [ 131.495194, 33.302199 ] } },
{ "type": "Feature", "properties": { "内容": "原嶋内科医院【2:診療所】【診療科目:内科_呼吸器内科_アレルギー科】大分県別府市荘園６－４", "url": "https://www.iryou.teikyouseido.mhlw.go.jp/znk-web/juminkanja/S2430/initialize?prefCd=44&kikanCd=1063600000&kikanKbn=2", "url2": null }, "geometry": { "type": "Point", "coordinates": [ 131.476357, 33.296116 ] } },
{ "type": "Feature", "properties": { "内容": "飛田内科外科クリニック【2:診療所】【診療科目:内科_胃腸内科_外科_麻酔科】大分県別府市扇山９組３", "url": "https://www.iryou.teikyouseido.mhlw.go.jp/znk-web/juminkanja/S2430/initialize?prefCd=44&kikanCd=1063700000&kikanKbn=2", "url2": null }, "geometry": { "type": "Point", "coordinates": [ 131.467263, 33.294916 ] } },
{ "type": "Feature", "properties": { "内容": "平井整形外科医院【2:診療所】【診療科目:整形外科_リウマチ科_リハビリテーション科】大分県別府市田の湯町９番１６号", "url": "https://www.iryou.teikyouseido.mhlw.go.jp/znk-web/juminkanja/S2430/initialize?prefCd=44&kikanCd=1063800000&kikanKbn=2", "url2": null }, "geometry": { "type": "Point", "coordinates": [ 131.497571, 33.279032 ] } },
{ "type": "Feature", "properties": { "内容": "医療法人メディキューブ　ヒロセ内科医院【2:診療所】【診療科目:内科_呼吸器内科_循環器内科_消化器内科_リウマチ科】大分県別府市駅前本町", "url": "https://www.iryou.teikyouseido.mhlw.go.jp/znk-web/juminkanja/S2430/initialize?prefCd=44&kikanCd=1064000000&kikanKbn=2", "url2": null }, "geometry": { "type": "Point", "coordinates": [ 131.501544, 33.280962 ] } },
{ "type": "Feature", "properties": { "内容": "医療法人福田会　福田内科医院【2:診療所】【診療科目:内科_糖尿病内科_消化器内科_胃腸内科】大分県別府市石垣東３丁目４番１２", "url": "https://www.iryou.teikyouseido.mhlw.go.jp/znk-web/juminkanja/S2430/initialize?prefCd=44&kikanCd=1064200000&kikanKbn=2", "url2": "http://fukuda-naika.jp/" }, "geometry": { "type": "Point", "coordinates": [ 131.496639, 33.292833 ] } },
{ "type": "Feature", "properties": { "内容": "別府駅前クリニック【2:診療所】【診療科目:内科_呼吸器内科_消化器内科_外科_美容皮膚科_放射線科_麻酔科】大分県別府市北浜１丁目３－１２－３", "url": "https://www.iryou.teikyouseido.mhlw.go.jp/znk-web/juminkanja/S2430/initialize?prefCd=44&kikanCd=1064500000&kikanKbn=2", "url2": "https://bec-medicube.com/" }, "geometry": { "type": "Point", "coordinates": [ 131.503982, 33.279157 ] } },
{ "type": "Feature", "properties": { "内容": "別府市医師会地域保健センター【2:診療所】【診療科目:内科_小児科_婦人科_放射線科】大分県別府市西野口町１５ー３３", "url": "https://www.iryou.teikyouseido.mhlw.go.jp/znk-web/juminkanja/S2430/initialize?prefCd=44&kikanCd=1064600000&kikanKbn=2", "url2": "http://www.beppu-med.or.jp/" }, "geometry": { "type": "Point", "coordinates": [ 131.493697, 33.28381 ] } },
{ "type": "Feature", "properties": { "内容": "堀循環器科内科クリニック【2:診療所】【診療科目:内科_呼吸器内科_循環器内科】大分県別府市亀川浜田町２番６３号　アルウィン・コート亀川１Ｆ", "url": "https://www.iryou.teikyouseido.mhlw.go.jp/znk-web/juminkanja/S2430/initialize?prefCd=44&kikanCd=1065000000&kikanKbn=2", "url2": null }, "geometry": { "type": "Point", "coordinates": [ 131.49345, 33.329682 ] } },
{ "type": "Feature", "properties": { "内容": "牧野リウマチ整形外科クリニック【2:診療所】【診療科目:整形外科_リウマチ科_リハビリテーション科】大分県別府市船小路町", "url": "https://www.iryou.teikyouseido.mhlw.go.jp/znk-web/juminkanja/S2430/initialize?prefCd=44&kikanCd=1065100000&kikanKbn=2", "url2": null }, "geometry": { "type": "Point", "coordinates": [ 131.500905, 33.301501 ] } },
{ "type": "Feature", "properties": { "内容": "松井小児科医院【2:診療所】【診療科目:内科_小児科_アレルギー科】大分県別府市大畑", "url": "https://www.iryou.teikyouseido.mhlw.go.jp/znk-web/juminkanja/S2430/initialize?prefCd=44&kikanCd=1065200000&kikanKbn=2", "url2": "https://owl-c.com/" }, "geometry": { "type": "Point", "coordinates": [ 131.475324, 33.305264 ] } },
{ "type": "Feature", "properties": { "内容": "医療法人　松本小児科医院【2:診療所】【診療科目:内科_小児科】大分県別府市北浜２丁目５番５号", "url": "https://www.iryou.teikyouseido.mhlw.go.jp/znk-web/juminkanja/S2430/initialize?prefCd=44&kikanCd=1065500000&kikanKbn=2", "url2": "http://www.e-matsumoto.ftw.jp/" }, "geometry": { "type": "Point", "coordinates": [ 131.503793, 33.281029 ] } },
{ "type": "Feature", "properties": { "内容": "右田眼科【2:診療所】【診療科目:眼科】大分県別府市石垣西", "url": "https://www.iryou.teikyouseido.mhlw.go.jp/znk-web/juminkanja/S2430/initialize?prefCd=44&kikanCd=1065700000&kikanKbn=2", "url2": "http://www.migita.net" }, "geometry": { "type": "Point", "coordinates": [ 131.493805, 33.300635 ] } },
{ "type": "Feature", "properties": { "内容": "みなみメンタルクリニック【2:診療所】【診療科目:精神科_神経科_心療内科】大分県別府市鶴見３組", "url": "https://www.iryou.teikyouseido.mhlw.go.jp/znk-web/juminkanja/S2430/initialize?prefCd=44&kikanCd=1065900000&kikanKbn=2", "url2": null }, "geometry": { "type": "Point", "coordinates": [ 131.480848, 33.301799 ] } },
{ "type": "Feature", "properties": { "内容": "医療法人社団　宮崎クリニック【2:診療所】【診療科目:呼吸器内科_循環器内科_外科】大分県別府市亀川東町２７－３７", "url": "https://www.iryou.teikyouseido.mhlw.go.jp/znk-web/juminkanja/S2430/initialize?prefCd=44&kikanCd=1066000000&kikanKbn=2", "url2": null }, "geometry": { "type": "Point", "coordinates": [ 131.494569, 33.327191 ] } },
{ "type": "Feature", "properties": { "内容": "ミヨシ医院【2:診療所】【診療科目:内科_皮膚科_アレルギー科_リウマチ科】大分県別府市石垣西２－３－３０", "url": "https://www.iryou.teikyouseido.mhlw.go.jp/znk-web/juminkanja/S2430/initialize?prefCd=44&kikanCd=1066300000&kikanKbn=2", "url2": "http://www.urol.or.jp" }, "geometry": { "type": "Point", "coordinates": [ 131.4932128, 33.2919056 ] } },
{ "type": "Feature", "properties": { "内容": "村上脳神経内科クリニック【2:診療所】【診療科目:内科_神経内科_リハビリテーション科】大分県別府市山の手町１４番３０号", "url": "https://www.iryou.teikyouseido.mhlw.go.jp/znk-web/juminkanja/S2430/initialize?prefCd=44&kikanCd=1066400000&kikanKbn=2", "url2": "http://www.murakami-clinic.or.jp/" }, "geometry": { "type": "Point", "coordinates": [ 131.485789, 33.282598 ] } },
{ "type": "Feature", "properties": { "内容": "大分先端画像診断センター【2:診療所】【診療科目:内科_神経内科_放射線科】大分県別府市上人ケ浜町９組", "url": "https://www.iryou.teikyouseido.mhlw.go.jp/znk-web/juminkanja/S2430/initialize?prefCd=44&kikanCd=1066500000&kikanKbn=2", "url2": "http://www.odic.or.jp/" }, "geometry": { "type": "Point", "coordinates": [ 131.50034, 33.311971 ] } },
{ "type": "Feature", "properties": { "内容": "餅ヶ浜医院【2:診療所】【診療科目:内科_胃腸内科_外科_リハビリテーション科】大分県別府市餅ケ浜町５－３９", "url": "https://www.iryou.teikyouseido.mhlw.go.jp/znk-web/juminkanja/S2430/initialize?prefCd=44&kikanCd=1066600000&kikanKbn=2", "url2": "https://mochigahamaiin.com/" }, "geometry": { "type": "Point", "coordinates": [ 131.502392, 33.293191 ] } },
{ "type": "Feature", "properties": { "内容": "矢田こどもクリニック【2:診療所】【診療科目:アレルギー疾患内科_小児科_小児循環器内科_アレルギー科】大分県別府市石垣東４丁目５番４号", "url": "https://www.iryou.teikyouseido.mhlw.go.jp/znk-web/juminkanja/S2430/initialize?prefCd=44&kikanCd=1066800000&kikanKbn=2", "url2": "http://www.ma-rukun.jp/" }, "geometry": { "type": "Point", "coordinates": [ 131.495984, 33.294422 ] } },
{ "type": "Feature", "properties": { "内容": "横井内科クリニック【2:診療所】【診療科目:内科_呼吸器内科_循環器内科】大分県別府市鶴見園町１－１", "url": "https://www.iryou.teikyouseido.mhlw.go.jp/znk-web/juminkanja/S2430/initialize?prefCd=44&kikanCd=1066900000&kikanKbn=2", "url2": null }, "geometry": { "type": "Point", "coordinates": [ 131.480084, 33.286509 ] } },
{ "type": "Feature", "properties": { "内容": "吉賀循環器内科【2:診療所】【診療科目:内科_循環器内科】大分県別府市大字鉄輪１６３番地", "url": "https://www.iryou.teikyouseido.mhlw.go.jp/znk-web/juminkanja/S2430/initialize?prefCd=44&kikanCd=1067000000&kikanKbn=2", "url2": null }, "geometry": { "type": "Point", "coordinates": [ 131.478925, 33.315144 ] } },
{ "type": "Feature", "properties": { "内容": "医療法人　渡邉医院【2:診療所】【診療科目:内科_呼吸器内科_循環器内科_消化器内科】大分県別府市光町４番１１号", "url": "https://www.iryou.teikyouseido.mhlw.go.jp/znk-web/juminkanja/S2430/initialize?prefCd=44&kikanCd=1067400000&kikanKbn=2", "url2": null }, "geometry": { "type": "Point", "coordinates": [ 131.498835, 33.272819 ] } },
{ "type": "Feature", "properties": { "内容": "渡部内科循環器科クリニック【2:診療所】【診療科目:内科_循環器内科】大分県別府市末広町６番３１号", "url": "https://www.iryou.teikyouseido.mhlw.go.jp/znk-web/juminkanja/S2430/initialize?prefCd=44&kikanCd=1067500000&kikanKbn=2", "url2": "https://watanabenjclinic.wixsite.com" }, "geometry": { "type": "Point", "coordinates": [ 131.501196, 33.27463 ] } },
{ "type": "Feature", "properties": { "内容": "藤吉乳腺クリニック【2:診療所】【診療科目:外科_乳腺外科】大分県別府市東荘園４－１０－４", "url": "https://www.iryou.teikyouseido.mhlw.go.jp/znk-web/juminkanja/S2430/initialize?prefCd=44&kikanCd=1067700000&kikanKbn=2", "url2": "http://www.cli-fujiyoshi.jp" }, "geometry": { "type": "Point", "coordinates": [ 131.486853, 33.29305 ] } },
{ "type": "Feature", "properties": { "内容": "医療法人　Ｍパートナー　久持クリニック【2:診療所】【診療科目:内科_小児科_精神科_リハビリテーション科】大分県中津市上宮永字友ノ町１３番地の４", "url": "https://www.iryou.teikyouseido.mhlw.go.jp/znk-web/juminkanja/S2430/initialize?prefCd=44&kikanCd=1068100000&kikanKbn=2", "url2": "https://ssc5.doctorqube.com/inouesyounika/" }, "geometry": { "type": "Point", "coordinates": [ 131.185756, 33.589797 ] } },
{ "type": "Feature", "properties": { "内容": "医療法人　さがら小児科【2:診療所】【診療科目:小児科】大分県中津市沖代町２－１－６０", "url": "https://www.iryou.teikyouseido.mhlw.go.jp/znk-web/juminkanja/S2430/initialize?prefCd=44&kikanCd=1068300000&kikanKbn=2", "url2": null }, "geometry": { "type": "Point", "coordinates": [ 131.195758, 33.586803 ] } },
{ "type": "Feature", "properties": { "内容": "医療法人　誠雅会　松元整形外科医院【2:診療所】【診療科目:内科_外科_整形外科_リハビリテーション科】大分県中津市三光土田１２４３番地４", "url": "https://www.iryou.teikyouseido.mhlw.go.jp/znk-web/juminkanja/S2430/initialize?prefCd=44&kikanCd=1068500000&kikanKbn=2", "url2": "https://www.seigakai1997.net/" }, "geometry": { "type": "Point", "coordinates": [ 131.1759, 33.530878 ] } },
{ "type": "Feature", "properties": { "内容": "医療法人社団　内尾整形外科医院【2:診療所】【診療科目:整形外科_リウマチ科_リハビリテーション科】大分県中津市大字上宮永３３１番地２", "url": "https://www.iryou.teikyouseido.mhlw.go.jp/znk-web/juminkanja/S2430/initialize?prefCd=44&kikanCd=1068600000&kikanKbn=2", "url2": "http://www.uchio-seikei.com" }, "geometry": { "type": "Point", "coordinates": [ 131.18415, 33.583771 ] } },
{ "type": "Feature", "properties": { "内容": "大堀脳神経クリニック【2:診療所】【診療科目:内科_外科_脳神経外科】大分県中津市豊田町", "url": "https://www.iryou.teikyouseido.mhlw.go.jp/znk-web/juminkanja/S2430/initialize?prefCd=44&kikanCd=1068700000&kikanKbn=2", "url2": "http://ohhorinousinkei.jp/" }, "geometry": { "type": "Point", "coordinates": [ 131.188763, 33.596212 ] } },
{ "type": "Feature", "properties": { "内容": "藤吉産婦人科【2:診療所】【診療科目:産科_婦人科】大分県中津市上宮永２７０－１", "url": "https://www.iryou.teikyouseido.mhlw.go.jp/znk-web/juminkanja/S2430/initialize?prefCd=44&kikanCd=1068800000&kikanKbn=2", "url2": "http://fujiyoshi-obgyn.com/" }, "geometry": { "type": "Point", "coordinates": [ 131.1859403, 33.5893919 ] } },
{ "type": "Feature", "properties": { "内容": "賀来内科循環器科医院【2:診療所】【診療科目:内科_循環器内科_消化器内科】大分県中津市湯屋", "url": "https://www.iryou.teikyouseido.mhlw.go.jp/znk-web/juminkanja/S2430/initialize?prefCd=44&kikanCd=1069000000&kikanKbn=2", "url2": null }, "geometry": { "type": "Point", "coordinates": [ 131.190697, 33.575773 ] } },
{ "type": "Feature", "properties": { "内容": "かわしまクリニック【2:診療所】【診療科目:整形外科_リウマチ科_リハビリテーション科】大分県中津市宮夫１１－１", "url": "https://www.iryou.teikyouseido.mhlw.go.jp/znk-web/juminkanja/S2430/initialize?prefCd=44&kikanCd=1069100000&kikanKbn=2", "url2": "http://www.coara.or.jp/gensin/" }, "geometry": { "type": "Point", "coordinates": [ 131.212539, 33.592889 ] } },
{ "type": "Feature", "properties": { "内容": "木戸耳鼻咽喉科クリニック【2:診療所】【診療科目:耳鼻いんこう科】大分県中津市永添３７５－１", "url": "https://www.iryou.teikyouseido.mhlw.go.jp/znk-web/juminkanja/S2430/initialize?prefCd=44&kikanCd=1069200000&kikanKbn=2", "url2": null }, "geometry": { "type": "Point", "coordinates": [ 131.198472, 33.57664 ] } },
{ "type": "Feature", "properties": { "内容": "清松内科医院【2:診療所】【診療科目:内科】大分県中津市島田本町５番地", "url": "https://www.iryou.teikyouseido.mhlw.go.jp/znk-web/juminkanja/S2430/initialize?prefCd=44&kikanCd=1069400000&kikanKbn=2", "url2": null }, "geometry": { "type": "Point", "coordinates": [ 131.201361, 33.561575 ] } },
{ "type": "Feature", "properties": { "内容": "熊谷循環器科内科医院【2:診療所】【診療科目:内科_循環器内科_小児科】大分県中津市山国町守実", "url": "https://www.iryou.teikyouseido.mhlw.go.jp/znk-web/juminkanja/S2430/initialize?prefCd=44&kikanCd=1069500000&kikanKbn=2", "url2": "https://kumagai-iin.com/" }, "geometry": { "type": "Point", "coordinates": [ 131.036709, 33.404037 ] } },
{ "type": "Feature", "properties": { "内容": "けいだクリニック【2:診療所】【診療科目:内科_消化器内科_胃腸内科】大分県中津市中央町１－７３８－１", "url": "https://www.iryou.teikyouseido.mhlw.go.jp/znk-web/juminkanja/S2430/initialize?prefCd=44&kikanCd=1069800000&kikanKbn=2", "url2": "http://www.keida-clinic.com/" }, "geometry": { "type": "Point", "coordinates": [ 131.191089, 33.589 ] } },
{ "type": "Feature", "properties": { "内容": "髙椋クリニック【2:診療所】【診療科目:内科_外科_リハビリテーション科】大分県中津市上宮永２９９番地３", "url": "https://www.iryou.teikyouseido.mhlw.go.jp/znk-web/juminkanja/S2430/initialize?prefCd=44&kikanCd=1070000000&kikanKbn=2", "url2": null }, "geometry": { "type": "Point", "coordinates": [ 131.184825, 33.585755 ] } },
{ "type": "Feature", "properties": { "内容": "サクラクリニック【2:診療所】【診療科目:精神科_心療内科】大分県中津市万田６５５番地", "url": "https://www.iryou.teikyouseido.mhlw.go.jp/znk-web/juminkanja/S2430/initialize?prefCd=44&kikanCd=1070100000&kikanKbn=2", "url2": null }, "geometry": { "type": "Point", "coordinates": [ 131.187092, 33.583195 ] } },
{ "type": "Feature", "properties": { "内容": "里見医院【2:診療所】【診療科目:内科_胃腸内科_小児科】大分県中津市中央町１－８－３６", "url": "https://www.iryou.teikyouseido.mhlw.go.jp/znk-web/juminkanja/S2430/initialize?prefCd=44&kikanCd=1070300000&kikanKbn=2", "url2": "http://www.eizenkai.jp" }, "geometry": { "type": "Point", "coordinates": [ 131.189517, 33.589647 ] } },
{ "type": "Feature", "properties": { "内容": "小路内科医院【2:診療所】【診療科目:内科_循環器内科_消化器内科_精神科_放射線科】大分県中津市上宮永７４", "url": "https://www.iryou.teikyouseido.mhlw.go.jp/znk-web/juminkanja/S2430/initialize?prefCd=44&kikanCd=1070700000&kikanKbn=2", "url2": "http://www.shoji-medical-clinic.com" }, "geometry": { "type": "Point", "coordinates": [ 131.187947, 33.594424 ] } },
{ "type": "Feature", "properties": { "内容": "末廣医院【2:診療所】【診療科目:内科_血液内科_リウマチ科】大分県中津市沖代町１－７－１", "url": "https://www.iryou.teikyouseido.mhlw.go.jp/znk-web/juminkanja/S2430/initialize?prefCd=44&kikanCd=1071000000&kikanKbn=2", "url2": null }, "geometry": { "type": "Point", "coordinates": [ 131.1968137, 33.5912334 ] } },
{ "type": "Feature", "properties": { "内容": "医療法人にしむら皮ふ科医院　髙野医院【2:診療所】【診療科目:皮膚科】大分県中津市大字島田８０７番地１", "url": "https://www.iryou.teikyouseido.mhlw.go.jp/znk-web/juminkanja/S2430/initialize?prefCd=44&kikanCd=1071400000&kikanKbn=2", "url2": "http://www.nishimura-hifuka.or.jp/" }, "geometry": { "type": "Point", "coordinates": [ 131.186716, 33.600065 ] } },
{ "type": "Feature", "properties": { "内容": "田中医院【2:診療所】【診療科目:内科_呼吸器内科】大分県中津市大字植野１０７－１", "url": "https://www.iryou.teikyouseido.mhlw.go.jp/znk-web/juminkanja/S2430/initialize?prefCd=44&kikanCd=1071500000&kikanKbn=2", "url2": null }, "geometry": { "type": "Point", "coordinates": [ 131.26191, 33.561644 ] } },
{ "type": "Feature", "properties": { "内容": "寺町クリニック【2:診療所】【診療科目:精神科_神経科_心療内科_リハビリテーション科】大分県中津市寺町９８８－３", "url": "https://www.iryou.teikyouseido.mhlw.go.jp/znk-web/juminkanja/S2430/initialize?prefCd=44&kikanCd=1071600000&kikanKbn=2", "url2": null }, "geometry": { "type": "Point", "coordinates": [ 131.190702, 33.603887 ] } },
{ "type": "Feature", "properties": { "内容": "医療法人　中尾循環器科内科クリニック【2:診療所】【診療科目:内科_呼吸器内科_循環器内科_消化器内科】大分県中津市大字加来２２８３－５１１", "url": "https://www.iryou.teikyouseido.mhlw.go.jp/znk-web/juminkanja/S2430/initialize?prefCd=44&kikanCd=1072000000&kikanKbn=2", "url2": null }, "geometry": { "type": "Point", "coordinates": [ 131.203252, 33.561828 ] } },
{ "type": "Feature", "properties": { "内容": "中津市国民健康保険津民診療所【2:診療所】【診療科目:内科_外科_小児科】大分県中津市耶馬溪町大野９５０－２", "url": "https://www.iryou.teikyouseido.mhlw.go.jp/znk-web/juminkanja/S2430/initialize?prefCd=44&kikanCd=1072400000&kikanKbn=2", "url2": null }, "geometry": { "type": "Point", "coordinates": [ 131.082275, 33.477104 ] } },
{ "type": "Feature", "properties": { "内容": "中津市国民健康保険山移診療所【2:診療所】【診療科目:内科_小児科】大分県中津市耶馬溪町山移", "url": "https://www.iryou.teikyouseido.mhlw.go.jp/znk-web/juminkanja/S2430/initialize?prefCd=44&kikanCd=1072500000&kikanKbn=2", "url2": null }, "geometry": { "type": "Point", "coordinates": [ 131.157837, 33.40778 ] } },
{ "type": "Feature", "properties": { "内容": "中津皮膚科【2:診療所】【診療科目:皮膚科_アレルギー科】大分県中津市中央町１丁目９番３６号", "url": "https://www.iryou.teikyouseido.mhlw.go.jp/znk-web/juminkanja/S2430/initialize?prefCd=44&kikanCd=1072700000&kikanKbn=2", "url2": null }, "geometry": { "type": "Point", "coordinates": [ 131.18908, 33.592308 ] } },
{ "type": "Feature", "properties": { "内容": "西耳鼻咽喉科医院【2:診療所】【診療科目:耳鼻いんこう科】大分県中津市上宮永１１１５－１", "url": "https://www.iryou.teikyouseido.mhlw.go.jp/znk-web/juminkanja/S2430/initialize?prefCd=44&kikanCd=1073000000&kikanKbn=2", "url2": null }, "geometry": { "type": "Point", "coordinates": [ 131.185756, 33.589797 ] } },
{ "type": "Feature", "properties": { "内容": "農業協同組合立　下郷診療所【2:診療所】【診療科目:内科_循環器内科_外科_整形外科_小児科】大分県中津市耶馬溪町樋山路１５番地５", "url": "https://www.iryou.teikyouseido.mhlw.go.jp/znk-web/juminkanja/S2430/initialize?prefCd=44&kikanCd=1073100000&kikanKbn=2", "url2": "http://hs4407.web.fc2.com/medical_clinic_data/_shimogou_mc.html" }, "geometry": { "type": "Point", "coordinates": [ 131.099596, 33.42854 ] } },
{ "type": "Feature", "properties": { "内容": "医療法人　平田診療所【2:診療所】【診療科目:内科_循環器内科_外科_小児科】大分県中津市耶馬溪町平田１５１８－１", "url": "https://www.iryou.teikyouseido.mhlw.go.jp/znk-web/juminkanja/S2430/initialize?prefCd=44&kikanCd=1073400000&kikanKbn=2", "url2": null }, "geometry": { "type": "Point", "coordinates": [ 131.138487, 33.469373 ] } },
{ "type": "Feature", "properties": { "内容": "ふるかわメディカルクリニック【2:診療所】【診療科目:内科_消化器内科_胃腸内科_精神科_放射線科】大分県中津市豊田町６番地４", "url": "https://www.iryou.teikyouseido.mhlw.go.jp/znk-web/juminkanja/S2430/initialize?prefCd=44&kikanCd=1073500000&kikanKbn=2", "url2": "http://www8.plala.or.jp/furukawaclinic/" }, "geometry": { "type": "Point", "coordinates": [ 131.189343, 33.59715 ] } },
{ "type": "Feature", "properties": { "内容": "前田内科医院【2:診療所】【診療科目:内科_呼吸器内科_循環器内科_消化器内科】大分県中津市田尻１０７５", "url": "https://www.iryou.teikyouseido.mhlw.go.jp/znk-web/juminkanja/S2430/initialize?prefCd=44&kikanCd=1073800000&kikanKbn=2", "url2": null }, "geometry": { "type": "Point", "coordinates": [ 131.238039, 33.593315 ] } },
{ "type": "Feature", "properties": { "内容": "まつざきクリニック【2:診療所】【診療科目:内科_脳神経外科_精神科_神経科_リハビリテーション科_麻酔科】大分県中津市三光臼木１２１８番地", "url": "https://www.iryou.teikyouseido.mhlw.go.jp/znk-web/juminkanja/S2430/initialize?prefCd=44&kikanCd=1073900000&kikanKbn=2", "url2": null }, "geometry": { "type": "Point", "coordinates": [ 131.1871, 33.534956 ] } },
{ "type": "Feature", "properties": { "内容": "水谷クリニック【2:診療所】【診療科目:内科_消化器内科_漢方内科_外科_小児科】大分県中津市山国町守実８０番地１", "url": "https://www.iryou.teikyouseido.mhlw.go.jp/znk-web/juminkanja/S2430/initialize?prefCd=44&kikanCd=1074100000&kikanKbn=2", "url2": "https://mizutani-cl.jp/" }, "geometry": { "type": "Point", "coordinates": [ 131.042669, 33.40334 ] } },
{ "type": "Feature", "properties": { "内容": "南整形外科クリニック【2:診療所】【診療科目:整形外科_リハビリテーション科】大分県中津市殿町２丁目１４３１－１", "url": "https://www.iryou.teikyouseido.mhlw.go.jp/znk-web/juminkanja/S2430/initialize?prefCd=44&kikanCd=1074200000&kikanKbn=2", "url2": "http://minami-cl.com" }, "geometry": { "type": "Point", "coordinates": [ 131.182756, 33.602765 ] } },
{ "type": "Feature", "properties": { "内容": "三保診療所【2:診療所】【診療科目:内科_リハビリテーション科_麻酔科】大分県中津市大字大悟法７９０番地の２", "url": "https://www.iryou.teikyouseido.mhlw.go.jp/znk-web/juminkanja/S2430/initialize?prefCd=44&kikanCd=1074300000&kikanKbn=2", "url2": null }, "geometry": { "type": "Point", "coordinates": [ 131.214243, 33.571439 ] } },
{ "type": "Feature", "properties": { "内容": "宮田内科医院【2:診療所】【診療科目:内科_呼吸器内科_循環器内科_消化器内科】大分県中津市牛神４３２", "url": "https://www.iryou.teikyouseido.mhlw.go.jp/znk-web/juminkanja/S2430/initialize?prefCd=44&kikanCd=1074400000&kikanKbn=2", "url2": null }, "geometry": { "type": "Point", "coordinates": [ 131.201657, 33.596272 ] } },
{ "type": "Feature", "properties": { "内容": "守谷医院【2:診療所】【診療科目:内科】大分県中津市本耶馬渓町樋田９０－３", "url": "https://www.iryou.teikyouseido.mhlw.go.jp/znk-web/juminkanja/S2430/initialize?prefCd=44&kikanCd=1074600000&kikanKbn=2", "url2": null }, "geometry": { "type": "Point", "coordinates": [ 131.20903, 33.558848 ] } },
{ "type": "Feature", "properties": { "内容": "和田胃腸科内科クリニック【2:診療所】【診療科目:内科_胃腸内科_外科_肛門外科_リハビリテーション科】大分県中津市牛神町１丁目１４番地の４", "url": "https://www.iryou.teikyouseido.mhlw.go.jp/znk-web/juminkanja/S2430/initialize?prefCd=44&kikanCd=1075300000&kikanKbn=2", "url2": null }, "geometry": { "type": "Point", "coordinates": [ 131.199557, 33.595041 ] } },
{ "type": "Feature", "properties": { "内容": "医療法人社団　麻生会　麻生小児科医院【2:診療所】【診療科目:小児科】大分県日田市淡窓２丁目１−２５", "url": "https://www.iryou.teikyouseido.mhlw.go.jp/znk-web/juminkanja/S2430/initialize?prefCd=44&kikanCd=1075400000&kikanKbn=2", "url2": null }, "geometry": { "type": "Point", "coordinates": [ 130.935041, 33.322263 ] } },
{ "type": "Feature", "properties": { "内容": "池田医院【2:診療所】【診療科目:内科_皮膚科】大分県日田市丸の内町８－１２", "url": "https://www.iryou.teikyouseido.mhlw.go.jp/znk-web/juminkanja/S2430/initialize?prefCd=44&kikanCd=1075500000&kikanKbn=2", "url2": null }, "geometry": { "type": "Point", "coordinates": [ 130.9333133, 33.3273103 ] } },
{ "type": "Feature", "properties": { "内容": "医療法人いけべ耳鼻咽喉科医院【2:診療所】【診療科目:耳鼻いんこう科_アレルギー科】大分県日田市淡窓２－２－５２－２", "url": "https://www.iryou.teikyouseido.mhlw.go.jp/znk-web/juminkanja/S2430/initialize?prefCd=44&kikanCd=1075600000&kikanKbn=2", "url2": null }, "geometry": { "type": "Point", "coordinates": [ 130.939195, 33.323509 ] } },
{ "type": "Feature", "properties": { "内容": "医療法人社団石井産婦人科【2:診療所】【診療科目:産婦人科】大分県日田市豆田町５番１６号", "url": "https://www.iryou.teikyouseido.mhlw.go.jp/znk-web/juminkanja/S2430/initialize?prefCd=44&kikanCd=1075700000&kikanKbn=2", "url2": null }, "geometry": { "type": "Point", "coordinates": [ 130.937682, 33.328265 ] } },
{ "type": "Feature", "properties": { "内容": "井上鶴川堂【2:診療所】【診療科目:内科_外科】大分県日田市大鶴本町８４１－１", "url": "https://www.iryou.teikyouseido.mhlw.go.jp/znk-web/juminkanja/S2430/initialize?prefCd=44&kikanCd=1075900000&kikanKbn=2", "url2": "http://www.i-kakusendo.com/" }, "geometry": { "type": "Point", "coordinates": [ 130.88944, 33.371718 ] } },
{ "type": "Feature", "properties": { "内容": "井上内科【2:診療所】【診療科目:内科_糖尿病内科_代謝内科_内分泌内科_呼吸器内科_循環器内科】大分県日田市田島本町９ー１", "url": "https://www.iryou.teikyouseido.mhlw.go.jp/znk-web/juminkanja/S2430/initialize?prefCd=44&kikanCd=1076000000&kikanKbn=2", "url2": null }, "geometry": { "type": "Point", "coordinates": [ 130.9377729, 33.3202497 ] } },
{ "type": "Feature", "properties": { "内容": "医療法人　恒心会　膳所医院【2:診療所】【診療科目:内科_循環器内科_心臓血管外科】大分県日田市本町８番３２号", "url": "https://www.iryou.teikyouseido.mhlw.go.jp/znk-web/juminkanja/S2430/initialize?prefCd=44&kikanCd=1076100000&kikanKbn=2", "url2": null }, "geometry": { "type": "Point", "coordinates": [ 130.936558, 33.313877 ] } },
{ "type": "Feature", "properties": { "内容": "医療法人　寿隆々会　渡辺医院【2:診療所】【診療科目:内科_小児科】大分県日田市大山町西大山３４４７番地４", "url": "https://www.iryou.teikyouseido.mhlw.go.jp/znk-web/juminkanja/S2430/initialize?prefCd=44&kikanCd=1076200000&kikanKbn=2", "url2": null }, "geometry": { "type": "Point", "coordinates": [ 130.961969, 33.259353 ] } },
{ "type": "Feature", "properties": { "内容": "医療法人　讃井眼科医院【2:診療所】【診療科目:眼科】大分県日田市上城内町１番１１号", "url": "https://www.iryou.teikyouseido.mhlw.go.jp/znk-web/juminkanja/S2430/initialize?prefCd=44&kikanCd=1076400000&kikanKbn=2", "url2": null }, "geometry": { "type": "Point", "coordinates": [ 130.941588, 33.32448 ] } },
{ "type": "Feature", "properties": { "内容": "日田石井町クリニック【2:診療所】【診療科目:内科_呼吸器内科】大分県日田市石井", "url": "https://www.iryou.teikyouseido.mhlw.go.jp/znk-web/juminkanja/S2430/initialize?prefCd=44&kikanCd=1076500000&kikanKbn=2", "url2": "http://www.kawazunaika.jp/" }, "geometry": { "type": "Point", "coordinates": [ 130.906647, 33.311002 ] } },
{ "type": "Feature", "properties": { "内容": "医療法人　蒼龍会　日野内科【2:診療所】【診療科目:内科_循環器内科_神経内科】大分県日田市天神町", "url": "https://www.iryou.teikyouseido.mhlw.go.jp/znk-web/juminkanja/S2430/initialize?prefCd=44&kikanCd=1076600000&kikanKbn=2", "url2": null }, "geometry": { "type": "Point", "coordinates": [ 130.946989, 33.31432 ] } },
{ "type": "Feature", "properties": { "内容": "医療法人　宮原レディースクリニック【2:診療所】【診療科目:新生児内科_産婦人科_産科_婦人科】大分県日田市玉川町", "url": "https://www.iryou.teikyouseido.mhlw.go.jp/znk-web/juminkanja/S2430/initialize?prefCd=44&kikanCd=1076700000&kikanKbn=2", "url2": "http://www.miyahara-lc.com/" }, "geometry": { "type": "Point", "coordinates": [ 130.922992, 33.319793 ] } },
{ "type": "Feature", "properties": { "内容": "医療法人上舟会　上野眼科医院【2:診療所】【診療科目:眼科】大分県日田市本町１０－１１", "url": "https://www.iryou.teikyouseido.mhlw.go.jp/znk-web/juminkanja/S2430/initialize?prefCd=44&kikanCd=1076800000&kikanKbn=2", "url2": "http://ichiro-ueno123.sakura.net.jp/ueno-oph01.htm" }, "geometry": { "type": "Point", "coordinates": [ 130.936412, 33.315312 ] } },
{ "type": "Feature", "properties": { "内容": "江浦耳鼻咽喉科クリニック【2:診療所】【診療科目:気管食道・耳鼻いんこう科】大分県日田市天神町７９－１", "url": "https://www.iryou.teikyouseido.mhlw.go.jp/znk-web/juminkanja/S2430/initialize?prefCd=44&kikanCd=1077000000&kikanKbn=2", "url2": null }, "geometry": { "type": "Point", "coordinates": [ 130.942333, 33.34239 ] } },
{ "type": "Feature", "properties": { "内容": "奥平医院【2:診療所】【診療科目:内科_循環器内科_小児科】大分県日田市中津江村栃野２９７０ー８", "url": "https://www.iryou.teikyouseido.mhlw.go.jp/znk-web/juminkanja/S2430/initialize?prefCd=44&kikanCd=1077200000&kikanKbn=2", "url2": "http://www.citydo.com/sp2/oita/520003152.html" }, "geometry": { "type": "Point", "coordinates": [ 130.964918, 33.134232 ] } },
{ "type": "Feature", "properties": { "内容": "亀山皮膚科医院【2:診療所】【診療科目:皮膚科】大分県日田市中央２丁目６−４１", "url": "https://www.iryou.teikyouseido.mhlw.go.jp/znk-web/juminkanja/S2430/initialize?prefCd=44&kikanCd=1077400000&kikanKbn=2", "url2": null }, "geometry": { "type": "Point", "coordinates": [ 130.940552, 33.344296 ] } },
{ "type": "Feature", "properties": { "内容": "隈診療所【2:診療所】【診療科目:内科_循環器内科】大分県日田市隈１丁目２－３１", "url": "https://www.iryou.teikyouseido.mhlw.go.jp/znk-web/juminkanja/S2430/initialize?prefCd=44&kikanCd=1077500000&kikanKbn=2", "url2": "http://drkuma.jp" }, "geometry": { "type": "Point", "coordinates": [ 130.9313301, 33.3130558 ] } },
{ "type": "Feature", "properties": { "内容": "功能整形外科医院【2:診療所】【診療科目:整形外科_リハビリテーション科】大分県日田市本町１丁目１２番２２号", "url": "https://www.iryou.teikyouseido.mhlw.go.jp/znk-web/juminkanja/S2430/initialize?prefCd=44&kikanCd=1077600000&kikanKbn=2", "url2": null }, "geometry": { "type": "Point", "coordinates": [ 130.937977, 33.315252 ] } },
{ "type": "Feature", "properties": { "内容": "下飛田小児科【2:診療所】【診療科目:小児科】大分県日田市中央１丁目７－１", "url": "https://www.iryou.teikyouseido.mhlw.go.jp/znk-web/juminkanja/S2430/initialize?prefCd=44&kikanCd=1078100000&kikanKbn=2", "url2": null }, "geometry": { "type": "Point", "coordinates": [ 130.935914700000012, 33.3169948 ] } },
{ "type": "Feature", "properties": { "内容": "聖陵花月クリニック【2:診療所】【診療科目:内科_呼吸器内科_循環器内科_消化器内科】大分県日田市清水町９３１－６", "url": "https://www.iryou.teikyouseido.mhlw.go.jp/znk-web/juminkanja/S2430/initialize?prefCd=44&kikanCd=1078600000&kikanKbn=2", "url2": "http://www.seiryou.or.jp/kagetu/" }, "geometry": { "type": "Point", "coordinates": [ 130.940988, 33.348641 ] } },
{ "type": "Feature", "properties": { "内容": "医療法人　田中眼科医院【2:診療所】【診療科目:眼科】大分県日田市三本松１－１０－１８", "url": "https://www.iryou.teikyouseido.mhlw.go.jp/znk-web/juminkanja/S2430/initialize?prefCd=44&kikanCd=1078800000&kikanKbn=2", "url2": null }, "geometry": { "type": "Point", "coordinates": [ 130.933914, 33.318333 ] } },
{ "type": "Feature", "properties": { "内容": "特別養護老人ホーム「花月園」【2:診療所】【診療科目:内科】大分県日田市日ノ出町１５６", "url": "https://www.iryou.teikyouseido.mhlw.go.jp/znk-web/juminkanja/S2430/initialize?prefCd=44&kikanCd=1079200000&kikanKbn=2", "url2": null }, "geometry": { "type": "Point", "coordinates": [ 130.934938100000011, 33.3196144 ] } },
{ "type": "Feature", "properties": { "内容": "中川泌尿器科【2:診療所】【診療科目:泌尿器科】大分県日田市上野町", "url": "https://www.iryou.teikyouseido.mhlw.go.jp/znk-web/juminkanja/S2430/initialize?prefCd=44&kikanCd=1079500000&kikanKbn=2", "url2": null }, "geometry": { "type": "Point", "coordinates": [ 130.923085, 33.310339 ] } },
{ "type": "Feature", "properties": { "内容": "医療法人　新関内科医院【2:診療所】【診療科目:内科_消化器内科】大分県日田市田島２丁目４番９号", "url": "https://www.iryou.teikyouseido.mhlw.go.jp/znk-web/juminkanja/S2430/initialize?prefCd=44&kikanCd=1079600000&kikanKbn=2", "url2": null }, "geometry": { "type": "Point", "coordinates": [ 130.941464, 33.319995 ] } },
{ "type": "Feature", "properties": { "内容": "医療法人　原整形外科医院【2:診療所】【診療科目:整形外科_リハビリテーション科】大分県日田市上城内町２の１４", "url": "https://www.iryou.teikyouseido.mhlw.go.jp/znk-web/juminkanja/S2430/initialize?prefCd=44&kikanCd=1079700000&kikanKbn=2", "url2": "http://hara-oc.net" }, "geometry": { "type": "Point", "coordinates": [ 130.941785, 33.326696 ] } },
{ "type": "Feature", "properties": { "内容": "日田市立上津江診療所【2:診療所】【診療科目:内科_外科】大分県日田市上津江町川原３９３３番地", "url": "https://www.iryou.teikyouseido.mhlw.go.jp/znk-web/juminkanja/S2430/initialize?prefCd=44&kikanCd=1080000000&kikanKbn=2", "url2": null }, "geometry": { "type": "Point", "coordinates": [ 130.96811, 33.119553 ] } },
{ "type": "Feature", "properties": { "内容": "日田市立東渓診療所【2:診療所】【診療科目:内科】大分県日田市天瀬町合田１９８６番地２", "url": "https://www.iryou.teikyouseido.mhlw.go.jp/znk-web/juminkanja/S2430/initialize?prefCd=44&kikanCd=1080100000&kikanKbn=2", "url2": null }, "geometry": { "type": "Point", "coordinates": [ 131.007214, 33.283405 ] } },
{ "type": "Feature", "properties": { "内容": "日田市立東渓診療所　出口出張診療所【2:診療所】【診療科目:内科】大分県日田市天瀬町出口１７４８番地１", "url": "https://www.iryou.teikyouseido.mhlw.go.jp/znk-web/juminkanja/S2430/initialize?prefCd=44&kikanCd=1080200000&kikanKbn=2", "url2": null }, "geometry": { "type": "Point", "coordinates": [ 131.014371, 33.203649 ] } },
{ "type": "Feature", "properties": { "内容": "日田市立東渓診療所　塚田出張診療所【2:診療所】【診療科目:内科】大分県日田市天瀬町塚田８９８番地１", "url": "https://www.iryou.teikyouseido.mhlw.go.jp/znk-web/juminkanja/S2430/initialize?prefCd=44&kikanCd=1080300000&kikanKbn=2", "url2": null }, "geometry": { "type": "Point", "coordinates": [ 131.027878, 33.219236 ] } },
{ "type": "Feature", "properties": { "内容": "医療法人　福田医院【2:診療所】【診療科目:内科_呼吸器内科_消化器内科_外科】大分県日田市清岸寺町１１５０―１", "url": "https://www.iryou.teikyouseido.mhlw.go.jp/znk-web/juminkanja/S2430/initialize?prefCd=44&kikanCd=1080400000&kikanKbn=2", "url2": null }, "geometry": { "type": "Point", "coordinates": [ 130.940552, 33.342002 ] } },
{ "type": "Feature", "properties": { "内容": "医療法人　善信会　堀田クリニック【2:診療所】【診療科目:内科_胃腸内科_外科_肛門外科】大分県日田市大字十二町４７４－１", "url": "https://www.iryou.teikyouseido.mhlw.go.jp/znk-web/juminkanja/S2430/initialize?prefCd=44&kikanCd=1080500000&kikanKbn=2", "url2": null }, "geometry": { "type": "Point", "coordinates": [ 130.919405, 33.32365 ] } },
{ "type": "Feature", "properties": { "内容": "松浦クリニック【2:診療所】【診療科目:内科_呼吸器内科_アレルギー科】大分県日田市中央一丁目五ー四", "url": "https://www.iryou.teikyouseido.mhlw.go.jp/znk-web/juminkanja/S2430/initialize?prefCd=44&kikanCd=1080600000&kikanKbn=2", "url2": null }, "geometry": { "type": "Point", "coordinates": [ 130.935022, 33.318038 ] } },
{ "type": "Feature", "properties": { "内容": "みよしクリニック【2:診療所】【診療科目:内科_産婦人科_産科_婦人科】大分県日田市三芳小渕町", "url": "https://www.iryou.teikyouseido.mhlw.go.jp/znk-web/juminkanja/S2430/initialize?prefCd=44&kikanCd=1080700000&kikanKbn=2", "url2": null }, "geometry": { "type": "Point", "coordinates": [ 130.948877, 33.303058 ] } },
{ "type": "Feature", "properties": { "内容": "メンタルクリニック日田駅前【2:診療所】【診療科目:精神科_心療内科】大分県日田市中央１丁目１－２４　ロフティ日田駅前テリオ２０１", "url": "https://www.iryou.teikyouseido.mhlw.go.jp/znk-web/juminkanja/S2430/initialize?prefCd=44&kikanCd=1080800000&kikanKbn=2", "url2": "http://www.mc-hitaekimae.com/" }, "geometry": { "type": "Point", "coordinates": [ 130.937773, 33.315853 ] } },
{ "type": "Feature", "properties": { "内容": "和田皮膚科医院【2:診療所】【診療科目:皮膚科】大分県日田市淡窓２丁目１番３号", "url": "https://www.iryou.teikyouseido.mhlw.go.jp/znk-web/juminkanja/S2430/initialize?prefCd=44&kikanCd=1081000000&kikanKbn=2", "url2": null }, "geometry": { "type": "Point", "coordinates": [ 130.93545, 33.321358 ] } },
{ "type": "Feature", "properties": { "内容": "医療法人　穐山会　秋山医院【2:診療所】【診療科目:内科】大分県佐伯市向島２丁目１９－２１", "url": "https://www.iryou.teikyouseido.mhlw.go.jp/znk-web/juminkanja/S2430/initialize?prefCd=44&kikanCd=1081100000&kikanKbn=2", "url2": null }, "geometry": { "type": "Point", "coordinates": [ 131.895247, 32.954354 ] } },
{ "type": "Feature", "properties": { "内容": "石川眼科医院【2:診療所】【診療科目:眼科】大分県佐伯市駅前", "url": "https://www.iryou.teikyouseido.mhlw.go.jp/znk-web/juminkanja/S2430/initialize?prefCd=44&kikanCd=1081400000&kikanKbn=2", "url2": null }, "geometry": { "type": "Point", "coordinates": [ 131.90325, 32.97328 ] } },
{ "type": "Feature", "properties": { "内容": "医療法人　ひまわり会　池田医院【2:診療所】【診療科目:内科_消化器内科_胃腸内科_外科_肛門外科】大分県佐伯市上岡１２５８番地１", "url": "https://www.iryou.teikyouseido.mhlw.go.jp/znk-web/juminkanja/S2430/initialize?prefCd=44&kikanCd=1081600000&kikanKbn=2", "url2": null }, "geometry": { "type": "Point", "coordinates": [ 131.862852, 32.956036 ] } },
{ "type": "Feature", "properties": { "内容": "医療法人　上尾皮膚科【2:診療所】【診療科目:皮膚科】大分県佐伯市大手町３丁目３番３８号", "url": "https://www.iryou.teikyouseido.mhlw.go.jp/znk-web/juminkanja/S2430/initialize?prefCd=44&kikanCd=1081700000&kikanKbn=2", "url2": null }, "geometry": { "type": "Point", "coordinates": [ 131.892843, 32.955943 ] } },
{ "type": "Feature", "properties": { "内容": "大分県勤労者医療生活協同組合　佐伯診療所【2:診療所】【診療科目:内科_呼吸器内科_心療内科_リハビリテーション科】大分県佐伯市中の島１丁目１４番２１号", "url": "https://www.iryou.teikyouseido.mhlw.go.jp/znk-web/juminkanja/S2430/initialize?prefCd=44&kikanCd=1081800000&kikanKbn=2", "url2": "http://www.oitakyowa-hp.org/index.html" }, "geometry": { "type": "Point", "coordinates": [ 131.899797, 32.956376 ] } },
{ "type": "Feature", "properties": { "内容": "岡本医院【2:診療所】【診療科目:内科】大分県佐伯市蒲江蒲江浦２１５３番地", "url": "https://www.iryou.teikyouseido.mhlw.go.jp/znk-web/juminkanja/S2430/initialize?prefCd=44&kikanCd=1082100000&kikanKbn=2", "url2": null }, "geometry": { "type": "Point", "coordinates": [ 131.927969, 32.798458 ] } },
{ "type": "Feature", "properties": { "内容": "片岡医院【2:診療所】【診療科目:内科_小児科】大分県佐伯市長谷７７２８ー１", "url": "https://www.iryou.teikyouseido.mhlw.go.jp/znk-web/juminkanja/S2430/initialize?prefCd=44&kikanCd=1082400000&kikanKbn=2", "url2": null }, "geometry": { "type": "Point", "coordinates": [ 131.880623, 32.937018 ] } },
{ "type": "Feature", "properties": { "内容": "医療法人　からしま医院【2:診療所】【診療科目:内科_呼吸器内科_消化器内科_胃腸内科_外科_肛門外科_整形外科】大分県佐伯市弥生上小倉", "url": "https://www.iryou.teikyouseido.mhlw.go.jp/znk-web/juminkanja/S2430/initialize?prefCd=44&kikanCd=1082500000&kikanKbn=2", "url2": null }, "geometry": { "type": "Point", "coordinates": [ 131.840937, 32.969662 ] } },
{ "type": "Feature", "properties": { "内容": "木下整形外科【2:診療所】【診療科目:整形外科】大分県佐伯市女島６８７３－２", "url": "https://www.iryou.teikyouseido.mhlw.go.jp/znk-web/juminkanja/S2430/initialize?prefCd=44&kikanCd=1082600000&kikanKbn=2", "url2": null }, "geometry": { "type": "Point", "coordinates": [ 131.907778, 32.953116 ] } },
{ "type": "Feature", "properties": { "内容": "医療法人　桑畑小児科医院【2:診療所】【診療科目:小児科】大分県佐伯市中村東町１０番５号", "url": "https://www.iryou.teikyouseido.mhlw.go.jp/znk-web/juminkanja/S2430/initialize?prefCd=44&kikanCd=1082800000&kikanKbn=2", "url2": null }, "geometry": { "type": "Point", "coordinates": [ 131.901955, 32.96067 ] } },
{ "type": "Feature", "properties": { "内容": "医療法人　養春堂　近藤医院【2:診療所】【診療科目:内科_リハビリテーション科】大分県佐伯市弥生大字江良１０５２－３", "url": "https://www.iryou.teikyouseido.mhlw.go.jp/znk-web/juminkanja/S2430/initialize?prefCd=44&kikanCd=1083100000&kikanKbn=2", "url2": null }, "geometry": { "type": "Point", "coordinates": [ 131.827896, 32.93966 ] } },
{ "type": "Feature", "properties": { "内容": "医療法人佐伯眼科【2:診療所】【診療科目:眼科】大分県佐伯市常盤西町１８６８番地１", "url": "https://www.iryou.teikyouseido.mhlw.go.jp/znk-web/juminkanja/S2430/initialize?prefCd=44&kikanCd=1083200000&kikanKbn=2", "url2": null }, "geometry": { "type": "Point", "coordinates": [ 131.89883, 32.96391 ] } },
{ "type": "Feature", "properties": { "内容": "佐伯市国民健康保険因尾診療所【2:診療所】【診療科目:内科_外科_小児科】大分県佐伯市本匠堂ノ間", "url": "https://www.iryou.teikyouseido.mhlw.go.jp/znk-web/juminkanja/S2430/initialize?prefCd=44&kikanCd=1083300000&kikanKbn=2", "url2": null }, "geometry": { "type": "Point", "coordinates": [ 131.712161, 32.929673 ] } },
{ "type": "Feature", "properties": { "内容": "佐伯市国民健康保険大島診療所【2:診療所】【診療科目:内科】大分県佐伯市鶴見大島７１７番地５", "url": "https://www.iryou.teikyouseido.mhlw.go.jp/znk-web/juminkanja/S2430/initialize?prefCd=44&kikanCd=1083400000&kikanKbn=2", "url2": null }, "geometry": { "type": "Point", "coordinates": [ 132.0725354, 32.9670307 ] } },
{ "type": "Feature", "properties": { "内容": "佐伯市国民健康保険大入島診療所【2:診療所】【診療科目:内科_外科】大分県佐伯市大字久保浦字堀切１０５９番地の１９", "url": "https://www.iryou.teikyouseido.mhlw.go.jp/znk-web/juminkanja/S2430/initialize?prefCd=44&kikanCd=1083500000&kikanKbn=2", "url2": null }, "geometry": { "type": "Point", "coordinates": [ 131.923877, 32.997453 ] } },
{ "type": "Feature", "properties": { "内容": "佐伯市国民健康保険丹賀診療所【2:診療所】【診療科目:内科】大分県佐伯市鶴見丹賀浦１２９番地１", "url": "https://www.iryou.teikyouseido.mhlw.go.jp/znk-web/juminkanja/S2430/initialize?prefCd=44&kikanCd=1083700000&kikanKbn=2", "url2": null }, "geometry": { "type": "Point", "coordinates": [ 132.047253, 32.9456759 ] } },
{ "type": "Feature", "properties": { "内容": "佐伯市国民健康保険鶴見診療所【2:診療所】【診療科目:内科_ペインクリニック内科_外科_整形外科】大分県佐伯市鶴見大字沖松浦２０番地", "url": "https://www.iryou.teikyouseido.mhlw.go.jp/znk-web/juminkanja/S2430/initialize?prefCd=44&kikanCd=1083800000&kikanKbn=2", "url2": null }, "geometry": { "type": "Point", "coordinates": [ 131.962688, 32.942285 ] } },
{ "type": "Feature", "properties": { "内容": "医療法人　雄生会　塩月内科小児科医院【2:診療所】【診療科目:内科_小児科】大分県佐伯市　女島", "url": "https://www.iryou.teikyouseido.mhlw.go.jp/znk-web/juminkanja/S2430/initialize?prefCd=44&kikanCd=1084300000&kikanKbn=2", "url2": null }, "geometry": { "type": "Point", "coordinates": [ 131.913849, 32.959076 ] } },
{ "type": "Feature", "properties": { "内容": "島村耳鼻咽喉科【2:診療所】【診療科目:気管食道・耳鼻いんこう科_アレルギー科】大分県佐伯市中の島１－２－２９", "url": "https://www.iryou.teikyouseido.mhlw.go.jp/znk-web/juminkanja/S2430/initialize?prefCd=44&kikanCd=1084400000&kikanKbn=2", "url2": null }, "geometry": { "type": "Point", "coordinates": [ 131.901094, 32.958013 ] } },
{ "type": "Feature", "properties": { "内容": "志村内科胃腸科【2:診療所】【診療科目:内科_胃腸内科】大分県佐伯市中の島３丁目２－２", "url": "https://www.iryou.teikyouseido.mhlw.go.jp/znk-web/juminkanja/S2430/initialize?prefCd=44&kikanCd=1084500000&kikanKbn=2", "url2": null }, "geometry": { "type": "Point", "coordinates": [ 131.902961, 32.953638 ] } },
{ "type": "Feature", "properties": { "内容": "城東医院【2:診療所】【診療科目:内科】大分県佐伯市中村東町８－１２", "url": "https://www.iryou.teikyouseido.mhlw.go.jp/znk-web/juminkanja/S2430/initialize?prefCd=44&kikanCd=1084600000&kikanKbn=2", "url2": null }, "geometry": { "type": "Point", "coordinates": [ 131.900815, 32.96102 ] } },
{ "type": "Feature", "properties": { "内容": "医療法人　新徳寺　神宮医院【2:診療所】【診療科目:内科_外科】大分県佐伯市宇目小野市２８８４番地３", "url": "https://www.iryou.teikyouseido.mhlw.go.jp/znk-web/juminkanja/S2430/initialize?prefCd=44&kikanCd=1084700000&kikanKbn=2", "url2": null }, "geometry": { "type": "Point", "coordinates": [ 131.6310004, 32.8569857 ] } },
{ "type": "Feature", "properties": { "内容": "杉谷診療所【2:診療所】【診療科目:内科_消化器内科_肝臓内科】大分県佐伯市西谷町５番２４号", "url": "https://www.iryou.teikyouseido.mhlw.go.jp/znk-web/juminkanja/S2430/initialize?prefCd=44&kikanCd=1084900000&kikanKbn=2", "url2": "https://sugidani.sakura.ne.jp/www/" }, "geometry": { "type": "Point", "coordinates": [ 131.885505, 32.956819 ] } },
{ "type": "Feature", "properties": { "内容": "田中眼科医院【2:診療所】【診療科目:眼科】大分県佐伯市城下西町３－２３", "url": "https://www.iryou.teikyouseido.mhlw.go.jp/znk-web/juminkanja/S2430/initialize?prefCd=44&kikanCd=1085100000&kikanKbn=2", "url2": null }, "geometry": { "type": "Point", "coordinates": [ 131.892833, 32.959256 ] } },
{ "type": "Feature", "properties": { "内容": "田淵内科【2:診療所】【診療科目:内科_呼吸器内科_消化器内科_放射線科】大分県佐伯市中村東町２ー２２", "url": "https://www.iryou.teikyouseido.mhlw.go.jp/znk-web/juminkanja/S2430/initialize?prefCd=44&kikanCd=1085300000&kikanKbn=2", "url2": null }, "geometry": { "type": "Point", "coordinates": [ 131.900960700000013, 32.9602201 ] } },
{ "type": "Feature", "properties": { "内容": "医療法人　鶴岡クリニック【2:診療所】【診療科目:歯科_歯科口腔外科】大分県佐伯市鶴望", "url": "https://www.iryou.teikyouseido.mhlw.go.jp/znk-web/juminkanja/S2430/initialize?prefCd=44&kikanCd=1085600000&kikanKbn=2", "url2": null }, "geometry": { "type": "Point", "coordinates": [ 131.878874, 32.966133 ] } },
{ "type": "Feature", "properties": { "内容": "特別養護老人ホームはたのうら医務室【2:診療所】【診療科目:内科】大分県佐伯市蒲江大字畑野浦５９６番地３２", "url": "https://www.iryou.teikyouseido.mhlw.go.jp/znk-web/juminkanja/S2430/initialize?prefCd=44&kikanCd=1086000000&kikanKbn=2", "url2": null }, "geometry": { "type": "Point", "coordinates": [ 131.9500232, 32.8563467 ] } },
{ "type": "Feature", "properties": { "内容": "社会医療法人長門莫記念会直川クリニック【2:診療所】【診療科目:内科】大分県佐伯市直川上直見５６２番地１", "url": "https://www.iryou.teikyouseido.mhlw.go.jp/znk-web/juminkanja/S2430/initialize?prefCd=44&kikanCd=1086100000&kikanKbn=2", "url2": "http://www.nagato.or.jp" }, "geometry": { "type": "Point", "coordinates": [ 131.778646, 32.89584 ] } },
{ "type": "Feature", "properties": { "内容": "中浦循環器クリニック【2:診療所】【診療科目:内科_循環器内科】大分県佐伯市向島", "url": "https://www.iryou.teikyouseido.mhlw.go.jp/znk-web/juminkanja/S2430/initialize?prefCd=44&kikanCd=1086200000&kikanKbn=2", "url2": "http://www.nakauraheart.com" }, "geometry": { "type": "Point", "coordinates": [ 131.895391, 32.955145 ] } },
{ "type": "Feature", "properties": { "内容": "東内科医院【2:診療所】【診療科目:内科】大分県佐伯市中村東町６－１１", "url": "https://www.iryou.teikyouseido.mhlw.go.jp/znk-web/juminkanja/S2430/initialize?prefCd=44&kikanCd=1086400000&kikanKbn=2", "url2": null }, "geometry": { "type": "Point", "coordinates": [ 131.899892, 32.962132 ] } },
{ "type": "Feature", "properties": { "内容": "水沼医院【2:診療所】【診療科目:内科_循環器内科_消化器内科】大分県佐伯市駅前２丁目４番９号", "url": "https://www.iryou.teikyouseido.mhlw.go.jp/znk-web/juminkanja/S2430/initialize?prefCd=44&kikanCd=1086700000&kikanKbn=2", "url2": null }, "geometry": { "type": "Point", "coordinates": [ 131.9034, 32.973028 ] } },
{ "type": "Feature", "properties": { "内容": "ミタライクリニック【2:診療所】【診療科目:内科_婦人科】大分県佐伯市蒲江蒲江浦", "url": "https://www.iryou.teikyouseido.mhlw.go.jp/znk-web/juminkanja/S2430/initialize?prefCd=44&kikanCd=1086800000&kikanKbn=2", "url2": null }, "geometry": { "type": "Point", "coordinates": [ 131.925652, 32.796402 ] } },
{ "type": "Feature", "properties": { "内容": "ひなた女性クリニック【2:診療所】【診療科目:婦人科】大分県佐伯市西谷町１－２７", "url": "https://www.iryou.teikyouseido.mhlw.go.jp/znk-web/juminkanja/S2430/initialize?prefCd=44&kikanCd=1086900000&kikanKbn=2", "url2": "http://yaguchi.saiki.jp/" }, "geometry": { "type": "Point", "coordinates": [ 131.889453, 32.956141 ] } },
{ "type": "Feature", "properties": { "内容": "やつか眼科医院【2:診療所】【診療科目:眼科】大分県佐伯市船頭町", "url": "https://www.iryou.teikyouseido.mhlw.go.jp/znk-web/juminkanja/S2430/initialize?prefCd=44&kikanCd=1087000000&kikanKbn=2", "url2": null }, "geometry": { "type": "Point", "coordinates": [ 131.893707, 32.955433 ] } },
{ "type": "Feature", "properties": { "内容": "やつか整形外科【2:診療所】【診療科目:整形外科_リウマチ科_リハビリテーション科】大分県佐伯市大手町３－４－３", "url": "https://www.iryou.teikyouseido.mhlw.go.jp/znk-web/juminkanja/S2430/initialize?prefCd=44&kikanCd=1087100000&kikanKbn=2", "url2": null }, "geometry": { "type": "Point", "coordinates": [ 131.893476, 32.955448 ] } },
{ "type": "Feature", "properties": { "内容": "医療法人栞奈輝会　こうへいクリニック【2:診療所】【診療科目:内科_血液内科_呼吸器内科_リハビリテーション科】大分県佐伯市池田", "url": "https://www.iryou.teikyouseido.mhlw.go.jp/znk-web/juminkanja/S2430/initialize?prefCd=44&kikanCd=1087300000&kikanKbn=2", "url2": null }, "geometry": { "type": "Point", "coordinates": [ 131.899903, 32.945121 ] } },
{ "type": "Feature", "properties": { "内容": "産科婦人科すがのウィメンズクリニック【2:診療所】【診療科目:産婦人科】大分県佐伯市鶴岡西町二丁目１１３番地", "url": "https://www.iryou.teikyouseido.mhlw.go.jp/znk-web/juminkanja/S2430/initialize?prefCd=44&kikanCd=1087400000&kikanKbn=2", "url2": "http://www.sugano-clinic.jp/" }, "geometry": { "type": "Point", "coordinates": [ 131.869873, 32.96021 ] } },
{ "type": "Feature", "properties": { "内容": "医療法人馬場内科クリニック【2:診療所】【診療科目:内科_リウマチ科】大分県佐伯市長島町２－１３３－２", "url": "https://www.iryou.teikyouseido.mhlw.go.jp/znk-web/juminkanja/S2430/initialize?prefCd=44&kikanCd=1087500000&kikanKbn=2", "url2": null }, "geometry": { "type": "Point", "coordinates": [ 131.909623, 32.961677 ] } },
{ "type": "Feature", "properties": { "内容": "医療法人聖心会臼杵循環器内科【2:診療所】【診療科目:内科_循環器内科】大分県臼杵市大字稲田字三石畝町７５９－１", "url": "https://www.iryou.teikyouseido.mhlw.go.jp/znk-web/juminkanja/S2430/initialize?prefCd=44&kikanCd=1087800000&kikanKbn=2", "url2": null }, "geometry": { "type": "Point", "coordinates": [ 131.789687, 33.142248 ] } },
{ "type": "Feature", "properties": { "内容": "医療法人　ブレイン丸岡脳神経外科【2:診療所】【診療科目:脳神経内科_脳神経外科】大分県臼杵市諏訪１５７９−１", "url": "https://www.iryou.teikyouseido.mhlw.go.jp/znk-web/juminkanja/S2430/initialize?prefCd=44&kikanCd=1087900000&kikanKbn=2", "url2": "http://www3.kiwi-us.com/~keibu/" }, "geometry": { "type": "Point", "coordinates": [ 131.789646, 33.133915 ] } },
{ "type": "Feature", "properties": { "内容": "岩田医院【2:診療所】【診療科目:内科_呼吸器内科_循環器内科_胃腸内科_外科_整形外科_小児科_皮膚科_リハビリテーション科】大分県臼杵市野津町大字野津市１５６番地", "url": "https://www.iryou.teikyouseido.mhlw.go.jp/znk-web/juminkanja/S2430/initialize?prefCd=44&kikanCd=1088100000&kikanKbn=2", "url2": "http://www.iwata-cl.jp" }, "geometry": { "type": "Point", "coordinates": [ 131.691975, 33.043469 ] } },
{ "type": "Feature", "properties": { "内容": "岩田リハビリクリニック【2:診療所】【診療科目:内科_呼吸器内科_外科_小児科_リハビリテーション科】大分県臼杵市野津町亀甲７５２番地", "url": "https://www.iryou.teikyouseido.mhlw.go.jp/znk-web/juminkanja/S2430/initialize?prefCd=44&kikanCd=1088200000&kikanKbn=2", "url2": null }, "geometry": { "type": "Point", "coordinates": [ 131.710968, 33.047666 ] } },
{ "type": "Feature", "properties": { "内容": "植田内科クリニック【2:診療所】【診療科目:内科_糖尿病内科_内分泌内科_循環器内科_腎臓内科】大分県臼杵市臼杵２ー１０７ー７１６", "url": "https://www.iryou.teikyouseido.mhlw.go.jp/znk-web/juminkanja/S2430/initialize?prefCd=44&kikanCd=1088300000&kikanKbn=2", "url2": null }, "geometry": { "type": "Point", "coordinates": [ 131.806347, 33.122454 ] } },
{ "type": "Feature", "properties": { "内容": "臼杵市医師会立市民健康管理センター【2:診療所】【診療科目:内科】大分県臼杵市戸室大横井谷１１４０番地１", "url": "https://www.iryou.teikyouseido.mhlw.go.jp/znk-web/juminkanja/S2430/initialize?prefCd=44&kikanCd=1088400000&kikanKbn=2", "url2": null }, "geometry": { "type": "Point", "coordinates": [ 131.776543, 33.12562 ] } },
{ "type": "Feature", "properties": { "内容": "うすき皮ふ科内科クリニック【2:診療所】【診療科目:内科_皮膚科_アレルギー科】大分県臼杵市市浜字堂尻１１３６", "url": "https://www.iryou.teikyouseido.mhlw.go.jp/znk-web/juminkanja/S2430/initialize?prefCd=44&kikanCd=1088500000&kikanKbn=2", "url2": null }, "geometry": { "type": "Point", "coordinates": [ 131.785464, 33.11297 ] } },
{ "type": "Feature", "properties": { "内容": "奥津医院【2:診療所】【診療科目:内科_皮膚科】大分県臼杵市大字臼杵５２１番地", "url": "https://www.iryou.teikyouseido.mhlw.go.jp/znk-web/juminkanja/S2430/initialize?prefCd=44&kikanCd=1088700000&kikanKbn=2", "url2": null }, "geometry": { "type": "Point", "coordinates": [ 131.7967, 33.120753 ] } },
{ "type": "Feature", "properties": { "内容": "医療法人　児玉循環器科・内科医院【2:診療所】【診療科目:内科_循環器内科】大分県臼杵市大字市浜８６６番地の４", "url": "https://www.iryou.teikyouseido.mhlw.go.jp/znk-web/juminkanja/S2430/initialize?prefCd=44&kikanCd=1088800000&kikanKbn=2", "url2": null }, "geometry": { "type": "Point", "coordinates": [ 131.79267, 33.117462 ] } },
{ "type": "Feature", "properties": { "内容": "うすき眼科【2:診療所】【診療科目:眼科】大分県臼杵市市浜６６９－１", "url": "https://www.iryou.teikyouseido.mhlw.go.jp/znk-web/juminkanja/S2430/initialize?prefCd=44&kikanCd=1088900000&kikanKbn=2", "url2": "http://usuki-ganka.com" }, "geometry": { "type": "Point", "coordinates": [ 131.792456, 33.121173 ] } },
{ "type": "Feature", "properties": { "内容": "さくら産婦人科医院【2:診療所】【診療科目:小児科_産婦人科】大分県臼杵市大字野田２７８番地", "url": "https://www.iryou.teikyouseido.mhlw.go.jp/znk-web/juminkanja/S2430/initialize?prefCd=44&kikanCd=1089000000&kikanKbn=2", "url2": "https://sakura-sanfujinka.com" }, "geometry": { "type": "Point", "coordinates": [ 131.777251, 33.108421 ] } },
{ "type": "Feature", "properties": { "内容": "渡辺内科クリニック【2:診療所】【診療科目:内科_循環器内科_消化器内科】大分県臼杵市臼杵２０番地の１１", "url": "https://www.iryou.teikyouseido.mhlw.go.jp/znk-web/juminkanja/S2430/initialize?prefCd=44&kikanCd=1089400000&kikanKbn=2", "url2": null }, "geometry": { "type": "Point", "coordinates": [ 131.79873, 33.122457 ] } },
{ "type": "Feature", "properties": { "内容": "藤整形外科【2:診療所】【診療科目:整形外科】大分県臼杵市大字市浜字大平木１２２６－４", "url": "https://www.iryou.teikyouseido.mhlw.go.jp/znk-web/juminkanja/S2430/initialize?prefCd=44&kikanCd=1089500000&kikanKbn=2", "url2": null }, "geometry": { "type": "Point", "coordinates": [ 131.785866, 33.113857 ] } },
{ "type": "Feature", "properties": { "内容": "とうぼ小児科医院【2:診療所】【診療科目:小児科】大分県臼杵市臼杵２の２０７番地の５１５", "url": "https://www.iryou.teikyouseido.mhlw.go.jp/znk-web/juminkanja/S2430/initialize?prefCd=44&kikanCd=1089600000&kikanKbn=2", "url2": "http://www.tobobaby.com" }, "geometry": { "type": "Point", "coordinates": [ 131.800232, 33.132951 ] } },
{ "type": "Feature", "properties": { "内容": "野津第一内科医院【2:診療所】【診療科目:内科_呼吸器内科_循環器内科_胃腸内科_神経内科】大分県臼杵市野津町野津市", "url": "https://www.iryou.teikyouseido.mhlw.go.jp/znk-web/juminkanja/S2430/initialize?prefCd=44&kikanCd=1089900000&kikanKbn=2", "url2": null }, "geometry": { "type": "Point", "coordinates": [ 131.688894, 33.040802 ] } },
{ "type": "Feature", "properties": { "内容": "浜田消化器科内科医院【2:診療所】【診療科目:内科_消化器内科】大分県臼杵市福良４７２番地", "url": "https://www.iryou.teikyouseido.mhlw.go.jp/znk-web/juminkanja/S2430/initialize?prefCd=44&kikanCd=1090000000&kikanKbn=2", "url2": null }, "geometry": { "type": "Point", "coordinates": [ 131.795818, 33.116901 ] } },
{ "type": "Feature", "properties": { "内容": "うすきメディカルクリニック【2:診療所】【診療科目:内科_消化器内科_腎臓内科_外科_整形外科_リハビリテーション科_麻酔科】大分県臼杵市大字臼杵字洲崎７２番地３２", "url": "https://www.iryou.teikyouseido.mhlw.go.jp/znk-web/juminkanja/S2430/initialize?prefCd=44&kikanCd=1090100000&kikanKbn=2", "url2": "1322139806180" }, "geometry": { "type": "Point", "coordinates": [ 131.805455, 33.125548 ] } },
{ "type": "Feature", "properties": { "内容": "藤野循環器科内科医院【2:診療所】【診療科目:内科_循環器内科】大分県臼杵市大字二王座３４番地", "url": "https://www.iryou.teikyouseido.mhlw.go.jp/znk-web/juminkanja/S2430/initialize?prefCd=44&kikanCd=1090200000&kikanKbn=2", "url2": "https://fujino-cl.com" }, "geometry": { "type": "Point", "coordinates": [ 131.79594, 33.117712 ] } },
{ "type": "Feature", "properties": { "内容": "前尾眼科【2:診療所】【診療科目:眼科】大分県臼杵市市浜１２４２ー３", "url": "https://www.iryou.teikyouseido.mhlw.go.jp/znk-web/juminkanja/S2430/initialize?prefCd=44&kikanCd=1090400000&kikanKbn=2", "url2": null }, "geometry": { "type": "Point", "coordinates": [ 131.784503, 33.113215 ] } },
{ "type": "Feature", "properties": { "内容": "三好医院【2:診療所】【診療科目:内科_循環器内科_泌尿器科_腎臓・泌尿器科】大分県臼杵市海添５８ー５", "url": "https://www.iryou.teikyouseido.mhlw.go.jp/znk-web/juminkanja/S2430/initialize?prefCd=44&kikanCd=1090500000&kikanKbn=2", "url2": "https://miyoshi-cl.jp/" }, "geometry": { "type": "Point", "coordinates": [ 131.803011, 33.116113 ] } },
{ "type": "Feature", "properties": { "内容": "元村眼科【2:診療所】【診療科目:小児眼科_眼科】大分県臼杵市臼杵洲崎７２－７５", "url": "https://www.iryou.teikyouseido.mhlw.go.jp/znk-web/juminkanja/S2430/initialize?prefCd=44&kikanCd=1090600000&kikanKbn=2", "url2": "https://motomuraganka.info/" }, "geometry": { "type": "Point", "coordinates": [ 131.805135, 33.123966 ] } },
{ "type": "Feature", "properties": { "内容": "吉田医院【2:診療所】【診療科目:内科_リウマチ科_リハビリテーション科】大分県臼杵市掻懐１４６８－１", "url": "https://www.iryou.teikyouseido.mhlw.go.jp/znk-web/juminkanja/S2430/initialize?prefCd=44&kikanCd=1090900000&kikanKbn=2", "url2": null }, "geometry": { "type": "Point", "coordinates": [ 131.728821, 33.066226 ] } },
{ "type": "Feature", "properties": { "内容": "秋岡医院【2:診療所】【診療科目:内科_糖尿病内科_呼吸器内科_循環器内科_胃腸内科_小児科_麻酔科】大分県津久見市徳浦本町７番３号", "url": "https://www.iryou.teikyouseido.mhlw.go.jp/znk-web/juminkanja/S2430/initialize?prefCd=44&kikanCd=1091100000&kikanKbn=2", "url2": "http://www16.ocn.ne.jp/^akioka" }, "geometry": { "type": "Point", "coordinates": [ 131.850844599999988, 33.0918156 ] } },
{ "type": "Feature", "properties": { "内容": "池邉整形外科【2:診療所】【診療科目:整形外科_リウマチ科_リハビリテーション科】大分県津久見市津久見浦", "url": "https://www.iryou.teikyouseido.mhlw.go.jp/znk-web/juminkanja/S2430/initialize?prefCd=44&kikanCd=1091300000&kikanKbn=2", "url2": null }, "geometry": { "type": "Point", "coordinates": [ 131.869518, 33.076597 ] } },
{ "type": "Feature", "properties": { "内容": "医療法人　小田クリニック【2:診療所】【診療科目:内科_循環器内科_整形外科_小児科_精神科_心療内科_リハビリテーション科】大分県津久見市港町９番３号", "url": "https://www.iryou.teikyouseido.mhlw.go.jp/znk-web/juminkanja/S2430/initialize?prefCd=44&kikanCd=1091400000&kikanKbn=2", "url2": null }, "geometry": { "type": "Point", "coordinates": [ 131.858944, 33.076691 ] } },
{ "type": "Feature", "properties": { "内容": "大石医院【2:診療所】【診療科目:内科_小児科_リウマチ科】大分県津久見市上宮本町２２番１４号", "url": "https://www.iryou.teikyouseido.mhlw.go.jp/znk-web/juminkanja/S2430/initialize?prefCd=44&kikanCd=1091500000&kikanKbn=2", "url2": null }, "geometry": { "type": "Point", "coordinates": [ 131.860271, 33.071243 ] } },
{ "type": "Feature", "properties": { "内容": "小宅医院【2:診療所】【診療科目:内科_小児科_リハビリテーション科】大分県津久見市港町１０－２４", "url": "https://www.iryou.teikyouseido.mhlw.go.jp/znk-web/juminkanja/S2430/initialize?prefCd=44&kikanCd=1091600000&kikanKbn=2", "url2": "https://oyake-clinic.net" }, "geometry": { "type": "Point", "coordinates": [ 131.85791, 33.05932 ] } },
{ "type": "Feature", "properties": { "内容": "金田医院【2:診療所】【診療科目:内科_呼吸器内科_循環器内科_胃腸内科_小児科】大分県津久見市高洲町１９－１０", "url": "https://www.iryou.teikyouseido.mhlw.go.jp/znk-web/juminkanja/S2430/initialize?prefCd=44&kikanCd=1091700000&kikanKbn=2", "url2": null }, "geometry": { "type": "Point", "coordinates": [ 131.866307, 33.07473 ] } },
{ "type": "Feature", "properties": { "内容": "加納医院【2:診療所】【診療科目:眼科】大分県津久見市中央町", "url": "https://www.iryou.teikyouseido.mhlw.go.jp/znk-web/juminkanja/S2430/initialize?prefCd=44&kikanCd=1091800000&kikanKbn=2", "url2": null }, "geometry": { "type": "Point", "coordinates": [ 131.862298, 33.073688 ] } },
{ "type": "Feature", "properties": { "内容": "小手川内科クリニック【2:診療所】【診療科目:内科_呼吸器内科_循環器内科】大分県津久見市網代字西の下９５－１９", "url": "https://www.iryou.teikyouseido.mhlw.go.jp/znk-web/juminkanja/S2430/initialize?prefCd=44&kikanCd=1091900000&kikanKbn=2", "url2": null }, "geometry": { "type": "Point", "coordinates": [ 131.916919, 33.066622 ] } },
{ "type": "Feature", "properties": { "内容": "後藤医院【2:診療所】【診療科目:内科_外科_整形外科_リハビリテーション科】大分県津久見市中央町", "url": "https://www.iryou.teikyouseido.mhlw.go.jp/znk-web/juminkanja/S2430/initialize?prefCd=44&kikanCd=1092000000&kikanKbn=2", "url2": null }, "geometry": { "type": "Point", "coordinates": [ 131.864476, 33.074569 ] } },
{ "type": "Feature", "properties": { "内容": "しおさい診療所【2:診療所】【診療科目:内科】大分県津久見市大字長目２７１５番地の５", "url": "https://www.iryou.teikyouseido.mhlw.go.jp/znk-web/juminkanja/S2430/initialize?prefCd=44&kikanCd=1092100000&kikanKbn=2", "url2": null }, "geometry": { "type": "Point", "coordinates": [ 131.885835, 33.110988 ] } },
{ "type": "Feature", "properties": { "内容": "つくみクリニック【2:診療所】【診療科目:内科_消化器内科_胃腸内科_外科_整形外科】大分県津久見市宮本町２番２３号", "url": "https://www.iryou.teikyouseido.mhlw.go.jp/znk-web/juminkanja/S2430/initialize?prefCd=44&kikanCd=1092200000&kikanKbn=2", "url2": "http://www.bungo.or.jp/nagamatu/" }, "geometry": { "type": "Point", "coordinates": [ 131.864455, 33.072097 ] } },
{ "type": "Feature", "properties": { "内容": "津久見市保戸島診療所【2:診療所】【診療科目:内科】大分県津久見市保戸島", "url": "https://www.iryou.teikyouseido.mhlw.go.jp/znk-web/juminkanja/S2430/initialize?prefCd=44&kikanCd=1092400000&kikanKbn=2", "url2": null }, "geometry": { "type": "Point", "coordinates": [ 132.008114, 33.10319 ] } },
{ "type": "Feature", "properties": { "内容": "姫野胃腸科クリニック【2:診療所】【診療科目:内科_胃腸内科_外科_肛門外科】大分県津久見市千怒６０４５－５", "url": "https://www.iryou.teikyouseido.mhlw.go.jp/znk-web/juminkanja/S2430/initialize?prefCd=44&kikanCd=1092600000&kikanKbn=2", "url2": "http://www.himeno-ic.com/" }, "geometry": { "type": "Point", "coordinates": [ 131.889827, 33.071379 ] } },
{ "type": "Feature", "properties": { "内容": "深江医院【2:診療所】【診療科目:内科_呼吸器内科_循環器内科_消化器内科】大分県津久見市宮本町９－１９", "url": "https://www.iryou.teikyouseido.mhlw.go.jp/znk-web/juminkanja/S2430/initialize?prefCd=44&kikanCd=1092700000&kikanKbn=2", "url2": null }, "geometry": { "type": "Point", "coordinates": [ 131.863275, 33.071764 ] } },
{ "type": "Feature", "properties": { "内容": "安西皮膚科【2:診療所】【診療科目:皮膚科】大分県竹田市大字会々２３１０－１", "url": "https://www.iryou.teikyouseido.mhlw.go.jp/znk-web/juminkanja/S2430/initialize?prefCd=44&kikanCd=1093000000&kikanKbn=2", "url2": null }, "geometry": { "type": "Point", "coordinates": [ 131.390919200000013, 32.9716814 ] } },
{ "type": "Feature", "properties": { "内容": "伊藤医院【2:診療所】【診療科目:内科_整形外科_小児科】大分県竹田市直入町長湯７９８５番地５", "url": "https://www.iryou.teikyouseido.mhlw.go.jp/znk-web/juminkanja/S2430/initialize?prefCd=44&kikanCd=1093200000&kikanKbn=2", "url2": "http://www.nagayu-itohiin.com/" }, "geometry": { "type": "Point", "coordinates": [ 131.383145, 33.070444 ] } },
{ "type": "Feature", "properties": { "内容": "大分県医療生活協同組合　竹田診療所【2:診療所】【診療科目:内科_呼吸器内科_循環器内科_小児科】大分県竹田市会々３３１３番地１", "url": "https://www.iryou.teikyouseido.mhlw.go.jp/znk-web/juminkanja/S2430/initialize?prefCd=44&kikanCd=1093300000&kikanKbn=2", "url2": "http://www.oita-min.or.jp/" }, "geometry": { "type": "Point", "coordinates": [ 131.382326, 32.974844 ] } },
{ "type": "Feature", "properties": { "内容": "加藤内科医院【2:診療所】【診療科目:内科_消化器内科】大分県竹田市大字竹田２０７８－２", "url": "https://www.iryou.teikyouseido.mhlw.go.jp/znk-web/juminkanja/S2430/initialize?prefCd=44&kikanCd=1093500000&kikanKbn=2", "url2": null }, "geometry": { "type": "Point", "coordinates": [ 131.393906, 32.965476 ] } },
{ "type": "Feature", "properties": { "内容": "久住加藤医院【2:診療所】【診療科目:内科_歯科】大分県竹田市久住町久住６２６８番地", "url": "https://www.iryou.teikyouseido.mhlw.go.jp/znk-web/juminkanja/S2430/initialize?prefCd=44&kikanCd=1093600000&kikanKbn=2", "url2": null }, "geometry": { "type": "Point", "coordinates": [ 131.296743, 33.021321 ] } },
{ "type": "Feature", "properties": { "内容": "くどう循環器科・内科【2:診療所】【診療科目:内科_糖尿病内科_呼吸器内科_循環器内科_心臓内科_外科】大分県竹田市大字玉来８６７", "url": "https://www.iryou.teikyouseido.mhlw.go.jp/znk-web/juminkanja/S2430/initialize?prefCd=44&kikanCd=1093700000&kikanKbn=2", "url2": null }, "geometry": { "type": "Point", "coordinates": [ 131.371915, 32.951162 ] } },
{ "type": "Feature", "properties": { "内容": "志賀内科【2:診療所】【診療科目:内科_呼吸器内科_循環器内科_消化器内科】大分県竹田市竹田１８８８－１", "url": "https://www.iryou.teikyouseido.mhlw.go.jp/znk-web/juminkanja/S2430/initialize?prefCd=44&kikanCd=1094000000&kikanKbn=2", "url2": null }, "geometry": { "type": "Point", "coordinates": [ 131.392976, 32.96968 ] } },
{ "type": "Feature", "properties": { "内容": "竹田クリニック【2:診療所】【診療科目:内科_人工透析内科】大分県竹田市会々字七里１６３６－１０", "url": "https://www.iryou.teikyouseido.mhlw.go.jp/znk-web/juminkanja/S2430/initialize?prefCd=44&kikanCd=1094200000&kikanKbn=2", "url2": "http://www.oct-net.ne.jp/~omh" }, "geometry": { "type": "Point", "coordinates": [ 131.398695, 32.974522 ] } },
{ "type": "Feature", "properties": { "内容": "道全内科【2:診療所】【診療科目:内科】大分県竹田市玉来６２３－７", "url": "https://www.iryou.teikyouseido.mhlw.go.jp/znk-web/juminkanja/S2430/initialize?prefCd=44&kikanCd=1094500000&kikanKbn=2", "url2": null }, "geometry": { "type": "Point", "coordinates": [ 131.371336, 32.957545 ] } },
{ "type": "Feature", "properties": { "内容": "秦医院【2:診療所】【診療科目:内科_呼吸器内科_循環器内科_胃腸内科】大分県竹田市大字竹田７５５", "url": "https://www.iryou.teikyouseido.mhlw.go.jp/znk-web/juminkanja/S2430/initialize?prefCd=44&kikanCd=1094800000&kikanKbn=2", "url2": "http://www.citydo.com/prf/oita/guide/sg/520003008.html" }, "geometry": { "type": "Point", "coordinates": [ 131.397654, 32.959706 ] } },
{ "type": "Feature", "properties": { "内容": "みはらクリニック【2:診療所】【診療科目:内科_糖尿病内科_整形外科_アレルギー科_リハビリテーション科_麻酔科】大分県竹田市会々１２５７", "url": "https://www.iryou.teikyouseido.mhlw.go.jp/znk-web/juminkanja/S2430/initialize?prefCd=44&kikanCd=1095100000&kikanKbn=2", "url2": "http://www.kenshinkai-taketa.jp/" }, "geometry": { "type": "Point", "coordinates": [ 131.391481, 32.974839 ] } },
{ "type": "Feature", "properties": { "内容": "柚須医院【2:診療所】【診療科目:内科】大分県竹田市竹田１８１０－１", "url": "https://www.iryou.teikyouseido.mhlw.go.jp/znk-web/juminkanja/S2430/initialize?prefCd=44&kikanCd=1095200000&kikanKbn=2", "url2": null }, "geometry": { "type": "Point", "coordinates": [ 131.390661, 32.969512 ] } },
{ "type": "Feature", "properties": { "内容": "安部内科【2:診療所】【診療科目:内科】大分県豊後高田市玉津４１５", "url": "https://www.iryou.teikyouseido.mhlw.go.jp/znk-web/juminkanja/S2430/initialize?prefCd=44&kikanCd=1095400000&kikanKbn=2", "url2": null }, "geometry": { "type": "Point", "coordinates": [ 131.443646, 33.561526 ] } },
{ "type": "Feature", "properties": { "内容": "医療法人ＦｅｌｉｘＶｉｔａ　おしうみファミリークリニック【2:診療所】【診療科目:内科_漢方内科_老年内科_外科_小児科】大分県豊後高田市玉津", "url": "https://www.iryou.teikyouseido.mhlw.go.jp/znk-web/juminkanja/S2430/initialize?prefCd=44&kikanCd=1095600000&kikanKbn=2", "url2": null }, "geometry": { "type": "Point", "coordinates": [ 131.443916, 33.561093 ] } },
{ "type": "Feature", "properties": { "内容": "くれさき循環器クリニック【2:診療所】【診療科目:内科_循環器内科_外科】大分県豊後高田市呉崎１５９２番地", "url": "https://www.iryou.teikyouseido.mhlw.go.jp/znk-web/juminkanja/S2430/initialize?prefCd=44&kikanCd=1095700000&kikanKbn=2", "url2": "http://www.kuresaki-cli.com/" }, "geometry": { "type": "Point", "coordinates": [ 131.447181, 33.576929 ] } },
{ "type": "Feature", "properties": { "内容": "サンクリニック【2:診療所】【診療科目:内科_整形外科_眼科_皮膚科】大分県豊後高田市見目３９１５番地１", "url": "https://www.iryou.teikyouseido.mhlw.go.jp/znk-web/juminkanja/S2430/initialize?prefCd=44&kikanCd=1095900000&kikanKbn=2", "url2": null }, "geometry": { "type": "Point", "coordinates": [ 131.52891, 33.672051 ] } },
{ "type": "Feature", "properties": { "内容": "せぐち内科【2:診療所】【診療科目:内科】大分県豊後高田市玉津１３１６番地の１", "url": "https://www.iryou.teikyouseido.mhlw.go.jp/znk-web/juminkanja/S2430/initialize?prefCd=44&kikanCd=1096000000&kikanKbn=2", "url2": null }, "geometry": { "type": "Point", "coordinates": [ 131.440043, 33.567109 ] } },
{ "type": "Feature", "properties": { "内容": "原田医院【2:診療所】【診療科目:内科_呼吸器内科_循環器内科_消化器内科_胃腸内科】大分県豊後高田市中真玉２１３３番地", "url": "https://www.iryou.teikyouseido.mhlw.go.jp/znk-web/juminkanja/S2430/initialize?prefCd=44&kikanCd=1096800000&kikanKbn=2", "url2": null }, "geometry": { "type": "Point", "coordinates": [ 131.473217, 33.6084 ] } },
{ "type": "Feature", "properties": { "内容": "いちみや医院【2:診療所】【診療科目:耳鼻いんこう科】大分県杵築市杵築６６５番地７８７", "url": "https://www.iryou.teikyouseido.mhlw.go.jp/znk-web/juminkanja/S2430/initialize?prefCd=44&kikanCd=1097200000&kikanKbn=2", "url2": "http://ichimiya-clinic.jp/jibi/" }, "geometry": { "type": "Point", "coordinates": [ 131.624655, 33.418941 ] } },
{ "type": "Feature", "properties": { "内容": "伊藤小児科循環器科医院【2:診療所】【診療科目:内科_循環器内科_小児科】大分県杵築市杵築６６５", "url": "https://www.iryou.teikyouseido.mhlw.go.jp/znk-web/juminkanja/S2430/initialize?prefCd=44&kikanCd=1097300000&kikanKbn=2", "url2": "http://itoshounika.wix.com/mysite" }, "geometry": { "type": "Point", "coordinates": [ 131.629132, 33.418472 ] } },
{ "type": "Feature", "properties": { "内容": "伊藤皮膚科【2:診療所】【診療科目:皮膚科】大分県杵築市南杵築", "url": "https://www.iryou.teikyouseido.mhlw.go.jp/znk-web/juminkanja/S2430/initialize?prefCd=44&kikanCd=1097400000&kikanKbn=2", "url2": "http://itohifuka.jp/" }, "geometry": { "type": "Point", "coordinates": [ 131.621466, 33.41529 ] } },
{ "type": "Feature", "properties": { "内容": "衛藤外科【2:診療所】【診療科目:呼吸器内科_胃腸内科_外科_肛門外科_整形外科_リハビリテーション科】大分県杵築市大内７６９５番１", "url": "https://www.iryou.teikyouseido.mhlw.go.jp/znk-web/juminkanja/S2430/initialize?prefCd=44&kikanCd=1097500000&kikanKbn=2", "url2": "https://etoh-g.jp/publics/index/47/" }, "geometry": { "type": "Point", "coordinates": [ 131.63216, 33.423017 ] } },
{ "type": "Feature", "properties": { "内容": "しおはま診療所【2:診療所】【診療科目:内科_呼吸器内科_循環器内科_外科】大分県杵築市大内字塩浜７７０３番地の４", "url": "https://www.iryou.teikyouseido.mhlw.go.jp/znk-web/juminkanja/S2430/initialize?prefCd=44&kikanCd=1097700000&kikanKbn=2", "url2": "http://www.ok-shiohama.com/clinic/index.html" }, "geometry": { "type": "Point", "coordinates": [ 131.632157, 33.423612 ] } },
{ "type": "Feature", "properties": { "内容": "医療法人恵英会きつき眼科【2:診療所】【診療科目:眼科】大分県杵築市杵築６６５番地１５０", "url": "https://www.iryou.teikyouseido.mhlw.go.jp/znk-web/juminkanja/S2430/initialize?prefCd=44&kikanCd=1097900000&kikanKbn=2", "url2": "https://www.kitsukiganka.com" }, "geometry": { "type": "Point", "coordinates": [ 131.625947, 33.414963 ] } },
{ "type": "Feature", "properties": { "内容": "杵築泌尿器科クリニック【2:診療所】【診療科目:内科_腎臓内科_泌尿器科】大分県杵築市大内４５２６－３", "url": "https://www.iryou.teikyouseido.mhlw.go.jp/znk-web/juminkanja/S2430/initialize?prefCd=44&kikanCd=1098000000&kikanKbn=2", "url2": null }, "geometry": { "type": "Point", "coordinates": [ 131.63216, 33.423017 ] } },
{ "type": "Feature", "properties": { "内容": "くりやまレディースクリニック【2:診療所】【診療科目:小児科_産婦人科】大分県杵築市杵築８６１番地１２", "url": "https://www.iryou.teikyouseido.mhlw.go.jp/znk-web/juminkanja/S2430/initialize?prefCd=44&kikanCd=1098100000&kikanKbn=2", "url2": "http://www.kuriyama-ladiesclinic.com" }, "geometry": { "type": "Point", "coordinates": [ 131.62218, 33.41601 ] } },
{ "type": "Feature", "properties": { "内容": "佐藤医院【2:診療所】【診療科目:内科_呼吸器内科_循環器内科_外科_小児科_麻酔科】大分県杵築市山香町大字内河野字三反田２７６１番地１", "url": "https://www.iryou.teikyouseido.mhlw.go.jp/znk-web/juminkanja/S2430/initialize?prefCd=44&kikanCd=1098300000&kikanKbn=2", "url2": null }, "geometry": { "type": "Point", "coordinates": [ 131.503215, 33.450779 ] } },
{ "type": "Feature", "properties": { "内容": "菅原内科杵築【2:診療所】【診療科目:内科_呼吸器内科_循環器内科_消化器内科_放射線科】大分県杵築市南杵築１９４７番地３", "url": "https://www.iryou.teikyouseido.mhlw.go.jp/znk-web/juminkanja/S2430/initialize?prefCd=44&kikanCd=1098500000&kikanKbn=2", "url2": null }, "geometry": { "type": "Point", "coordinates": [ 131.608121, 33.418663 ] } },
{ "type": "Feature", "properties": { "内容": "田原医院【2:診療所】【診療科目:内科】大分県杵築市八坂", "url": "https://www.iryou.teikyouseido.mhlw.go.jp/znk-web/juminkanja/S2430/initialize?prefCd=44&kikanCd=1098700000&kikanKbn=2", "url2": null }, "geometry": { "type": "Point", "coordinates": [ 131.588397, 33.412634 ] } },
{ "type": "Feature", "properties": { "内容": "友岡医院【2:診療所】【診療科目:内科_小児科】大分県杵築市山香町立石", "url": "https://www.iryou.teikyouseido.mhlw.go.jp/znk-web/juminkanja/S2430/initialize?prefCd=44&kikanCd=1099300000&kikanKbn=2", "url2": null }, "geometry": { "type": "Point", "coordinates": [ 131.477146, 33.480912 ] } },
{ "type": "Feature", "properties": { "内容": "岩下クリニック【2:診療所】【診療科目:内科_消化器内科_外科_リハビリテーション科】大分県杵築市杵築６６５番地６５５", "url": "https://www.iryou.teikyouseido.mhlw.go.jp/znk-web/juminkanja/S2430/initialize?prefCd=44&kikanCd=1099500000&kikanKbn=2", "url2": null }, "geometry": { "type": "Point", "coordinates": [ 131.620561, 33.42089 ] } },
{ "type": "Feature", "properties": { "内容": "矢野医院【2:診療所】【診療科目:内科】大分県杵築市大田沓掛１３－２", "url": "https://www.iryou.teikyouseido.mhlw.go.jp/znk-web/juminkanja/S2430/initialize?prefCd=44&kikanCd=1099600000&kikanKbn=2", "url2": null }, "geometry": { "type": "Point", "coordinates": [ 131.508064, 33.499033 ] } },
{ "type": "Feature", "properties": { "内容": "渡辺内科医院【2:診療所】【診療科目:内科_消化器内科】大分県杵築市杵築６９１－１", "url": "https://www.iryou.teikyouseido.mhlw.go.jp/znk-web/juminkanja/S2430/initialize?prefCd=44&kikanCd=1099800000&kikanKbn=2", "url2": null }, "geometry": { "type": "Point", "coordinates": [ 131.621466, 33.41924 ] } },
{ "type": "Feature", "properties": { "内容": "安心院中央医院【2:診療所】【診療科目:内科_循環器内科_胃腸内科_外科_肛門外科_整形外科_リハビリテーション科】大分県宇佐市安心院町下毛", "url": "https://www.iryou.teikyouseido.mhlw.go.jp/znk-web/juminkanja/S2430/initialize?prefCd=44&kikanCd=1100000000&kikanKbn=2", "url2": null }, "geometry": { "type": "Point", "coordinates": [ 131.355428, 33.439369 ] } },
{ "type": "Feature", "properties": { "内容": "いしだ内科【2:診療所】【診療科目:内科_呼吸器内科_循環器内科_消化器内科】大分県宇佐市長洲２２４１", "url": "https://www.iryou.teikyouseido.mhlw.go.jp/znk-web/juminkanja/S2430/initialize?prefCd=44&kikanCd=1100200000&kikanKbn=2", "url2": "https://ishida-mc.com/" }, "geometry": { "type": "Point", "coordinates": [ 131.379361, 33.571972 ] } },
{ "type": "Feature", "properties": { "内容": "いしばしの里クリニック【2:診療所】【診療科目:内科】大分県宇佐市院内町櫛野", "url": "https://www.iryou.teikyouseido.mhlw.go.jp/znk-web/juminkanja/S2430/initialize?prefCd=44&kikanCd=1100300000&kikanKbn=2", "url2": null }, "geometry": { "type": "Point", "coordinates": [ 131.328139, 33.453487 ] } },
{ "type": "Feature", "properties": { "内容": "医療法人　九州千雅　安心院整形外科医院【2:診療所】【診療科目:内科_整形外科】大分県宇佐市安心院町木裳４１３－１", "url": "https://www.iryou.teikyouseido.mhlw.go.jp/znk-web/juminkanja/S2430/initialize?prefCd=44&kikanCd=1100500000&kikanKbn=2", "url2": null }, "geometry": { "type": "Point", "coordinates": [ 131.356912, 33.441019 ] } },
{ "type": "Feature", "properties": { "内容": "医療法人　藤心会　黒田整形外科【2:診療所】【診療科目:内科_外科_整形外科_リハビリテーション科】大分県宇佐市上田１５１０", "url": "https://www.iryou.teikyouseido.mhlw.go.jp/znk-web/juminkanja/S2430/initialize?prefCd=44&kikanCd=1100600000&kikanKbn=2", "url2": "kurodaseikei.jp" }, "geometry": { "type": "Point", "coordinates": [ 131.357255, 33.52932 ] } },
{ "type": "Feature", "properties": { "内容": "院内中央医院【2:診療所】【診療科目:内科_外科】大分県宇佐市院内町大副４８３の１番地", "url": "https://www.iryou.teikyouseido.mhlw.go.jp/znk-web/juminkanja/S2430/initialize?prefCd=44&kikanCd=1100700000&kikanKbn=2", "url2": null }, "geometry": { "type": "Point", "coordinates": [ 131.317962, 33.423157 ] } },
{ "type": "Feature", "properties": { "内容": "植山循環器科内科クリニック【2:診療所】【診療科目:内科_循環器内科】大分県宇佐市四日市", "url": "https://www.iryou.teikyouseido.mhlw.go.jp/znk-web/juminkanja/S2430/initialize?prefCd=44&kikanCd=1100900000&kikanKbn=2", "url2": null }, "geometry": { "type": "Point", "coordinates": [ 131.328871, 33.533677 ] } },
{ "type": "Feature", "properties": { "内容": "宇佐リハビリ診療所【2:診療所】【診療科目:内科_整形外科_リウマチ科_リハビリテーション科】大分県宇佐市山本１６５８番地", "url": "https://www.iryou.teikyouseido.mhlw.go.jp/znk-web/juminkanja/S2430/initialize?prefCd=44&kikanCd=1101400000&kikanKbn=2", "url2": "http://www.risseikai.or.jp" }, "geometry": { "type": "Point", "coordinates": [ 131.327628, 33.508113 ] } },
{ "type": "Feature", "properties": { "内容": "医療法人賀来内科医院【2:診療所】【診療科目:内科】大分県宇佐市北宇佐字前田１６２１－１", "url": "https://www.iryou.teikyouseido.mhlw.go.jp/znk-web/juminkanja/S2430/initialize?prefCd=44&kikanCd=1101700000&kikanKbn=2", "url2": null }, "geometry": { "type": "Point", "coordinates": [ 131.369327, 33.528215 ] } },
{ "type": "Feature", "properties": { "内容": "桐田眼科医院【2:診療所】【診療科目:眼科】大分県宇佐市四日市２６２５", "url": "https://www.iryou.teikyouseido.mhlw.go.jp/znk-web/juminkanja/S2430/initialize?prefCd=44&kikanCd=1101800000&kikanKbn=2", "url2": "http://www.kiritaganka.jp/" }, "geometry": { "type": "Point", "coordinates": [ 131.327766, 33.529458 ] } },
{ "type": "Feature", "properties": { "内容": "くぼたクリニック【2:診療所】【診療科目:内科_腎臓内科_人工透析内科_外科_小児泌尿器科_泌尿器科_男性泌尿器科_神経泌尿器科_腎臓・泌尿器科】大分県宇佐市上田８１－１", "url": "https://www.iryou.teikyouseido.mhlw.go.jp/znk-web/juminkanja/S2430/initialize?prefCd=44&kikanCd=1101900000&kikanKbn=2", "url2": null }, "geometry": { "type": "Point", "coordinates": [ 131.341023, 33.534088 ] } },
{ "type": "Feature", "properties": { "内容": "医療法人　くまのみどう小児科【2:診療所】【診療科目:小児科】大分県宇佐市四日市１０－１", "url": "https://www.iryou.teikyouseido.mhlw.go.jp/znk-web/juminkanja/S2430/initialize?prefCd=44&kikanCd=1102000000&kikanKbn=2", "url2": null }, "geometry": { "type": "Point", "coordinates": [ 131.329633, 33.532953 ] } },
{ "type": "Feature", "properties": { "内容": "クリニックオアシス【2:診療所】【診療科目:内科_リハビリテーション科_放射線科】大分県宇佐市和気４７７番地の１", "url": "https://www.iryou.teikyouseido.mhlw.go.jp/znk-web/juminkanja/S2430/initialize?prefCd=44&kikanCd=1102100000&kikanKbn=2", "url2": "http://oashisu-usa.com" }, "geometry": { "type": "Point", "coordinates": [ 131.390625, 33.537361 ] } },
{ "type": "Feature", "properties": { "内容": "玄々堂整形外科【2:診療所】【診療科目:整形外科_リハビリテーション科】大分県宇佐市大字石田３３－２", "url": "https://www.iryou.teikyouseido.mhlw.go.jp/znk-web/juminkanja/S2430/initialize?prefCd=44&kikanCd=1102200000&kikanKbn=2", "url2": "https://ag-holdings.jp/gengendo/seikeigeka/" }, "geometry": { "type": "Point", "coordinates": [ 131.330827, 33.532557 ] } },
{ "type": "Feature", "properties": { "内容": "玄々堂泌尿器科【2:診療所】【診療科目:腎臓内科_泌尿器科】大分県宇佐市四日市１９－１", "url": "https://www.iryou.teikyouseido.mhlw.go.jp/znk-web/juminkanja/S2430/initialize?prefCd=44&kikanCd=1102300000&kikanKbn=2", "url2": "http://www.gengendo-oita.jp/hinyokika" }, "geometry": { "type": "Point", "coordinates": [ 131.330931, 33.532774 ] } },
{ "type": "Feature", "properties": { "内容": "医療法人　大神会　佐藤レディースクリニック【2:診療所】【診療科目:産婦人科】大分県宇佐市大字上田１０６０番地の２", "url": "https://www.iryou.teikyouseido.mhlw.go.jp/znk-web/juminkanja/S2430/initialize?prefCd=44&kikanCd=1102500000&kikanKbn=2", "url2": "http://www.satolc.jp/" }, "geometry": { "type": "Point", "coordinates": [ 131.349324, 33.534686 ] } },
{ "type": "Feature", "properties": { "内容": "内科原澤医院【2:診療所】【診療科目:内科_循環器内科_消化器内科_神経内科_ペインクリニック内科_麻酔科】大分県宇佐市下高家１１２４ー１", "url": "https://www.iryou.teikyouseido.mhlw.go.jp/znk-web/juminkanja/S2430/initialize?prefCd=44&kikanCd=1103100000&kikanKbn=2", "url2": null }, "geometry": { "type": "Point", "coordinates": [ 131.309705, 33.575294 ] } },
{ "type": "Feature", "properties": { "内容": "にしむら皮ふ科医院【2:診療所】【診療科目:皮膚科_美容皮膚科】大分県宇佐市葛原７８０－１", "url": "https://www.iryou.teikyouseido.mhlw.go.jp/znk-web/juminkanja/S2430/initialize?prefCd=44&kikanCd=1103300000&kikanKbn=2", "url2": "http://www.nishimura-hifuka.or.jp/" }, "geometry": { "type": "Point", "coordinates": [ 131.329588, 33.535307 ] } },
{ "type": "Feature", "properties": { "内容": "医療法人　昭仁会　はたで眼科【2:診療所】【診療科目:眼科】大分県宇佐市法鏡寺２０５番地", "url": "https://www.iryou.teikyouseido.mhlw.go.jp/znk-web/juminkanja/S2430/initialize?prefCd=44&kikanCd=1103400000&kikanKbn=2", "url2": null }, "geometry": { "type": "Point", "coordinates": [ 131.347153, 33.530708 ] } },
{ "type": "Feature", "properties": { "内容": "宮原医院【2:診療所】【診療科目:内科_消化器内科_外科_肛門外科】大分県宇佐市四日市１４８６－６", "url": "https://www.iryou.teikyouseido.mhlw.go.jp/znk-web/juminkanja/S2430/initialize?prefCd=44&kikanCd=1103800000&kikanKbn=2", "url2": null }, "geometry": { "type": "Point", "coordinates": [ 131.331406, 33.528719 ] } },
{ "type": "Feature", "properties": { "内容": "宗像医院【2:診療所】【診療科目:内科_呼吸器内科_循環器内科_消化器内科_腎臓内科_人工透析内科_外科】大分県宇佐市下時枝", "url": "https://www.iryou.teikyouseido.mhlw.go.jp/znk-web/juminkanja/S2430/initialize?prefCd=44&kikanCd=1103900000&kikanKbn=2", "url2": "https://munakata-mezura.com" }, "geometry": { "type": "Point", "coordinates": [ 131.305703, 33.555713 ] } },
{ "type": "Feature", "properties": { "内容": "村上医院【2:診療所】【診療科目:内科_消化器内科_整形外科_小児科_皮膚科_リハビリテーション科】大分県宇佐市安心院町木裳２３７", "url": "https://www.iryou.teikyouseido.mhlw.go.jp/znk-web/juminkanja/S2430/initialize?prefCd=44&kikanCd=1104000000&kikanKbn=2", "url2": null }, "geometry": { "type": "Point", "coordinates": [ 131.360361, 33.440633 ] } },
{ "type": "Feature", "properties": { "内容": "渡辺医院【2:診療所】【診療科目:呼吸器内科_循環器内科_消化器内科】大分県宇佐市四日市１２２２－１", "url": "https://www.iryou.teikyouseido.mhlw.go.jp/znk-web/juminkanja/S2430/initialize?prefCd=44&kikanCd=1104200000&kikanKbn=2", "url2": "https://watanabeiin.net/" }, "geometry": { "type": "Point", "coordinates": [ 131.324116, 33.532407 ] } },
{ "type": "Feature", "properties": { "内容": "社会医療法人　帰巖会　あさじ町クリニック【2:診療所】【診療科目:内科】大分県豊後大野市朝地町朝地９０６－７", "url": "https://www.iryou.teikyouseido.mhlw.go.jp/znk-web/juminkanja/S2430/initialize?prefCd=44&kikanCd=1104300000&kikanKbn=2", "url2": "http://www.kigankai.or.jp/" }, "geometry": { "type": "Point", "coordinates": [ 131.431252, 33.006203 ] } },
{ "type": "Feature", "properties": { "内容": "麻生眼科【2:診療所】【診療科目:眼科】大分県豊後大野市三重町市場", "url": "https://www.iryou.teikyouseido.mhlw.go.jp/znk-web/juminkanja/S2430/initialize?prefCd=44&kikanCd=1104400000&kikanKbn=2", "url2": null }, "geometry": { "type": "Point", "coordinates": [ 131.582463499999989, 32.979771 ] } },
{ "type": "Feature", "properties": { "内容": "いしかわ皮ふ科・形成外科【2:診療所】【診療科目:形成外科_皮膚科_美容皮膚科】大分県豊後大野市三重町市場", "url": "https://www.iryou.teikyouseido.mhlw.go.jp/znk-web/juminkanja/S2430/initialize?prefCd=44&kikanCd=1104700000&kikanKbn=2", "url2": "https://www.ishikawa-dermatology.com" }, "geometry": { "type": "Point", "coordinates": [ 131.58275, 32.97863 ] } },
{ "type": "Feature", "properties": { "内容": "いぬかい児玉医院【2:診療所】【診療科目:内科_呼吸器内科_循環器内科_消化器内科_小児科_リハビリテーション科】大分県豊後大野市犬飼町田原１１０５ー１－１", "url": "https://www.iryou.teikyouseido.mhlw.go.jp/znk-web/juminkanja/S2430/initialize?prefCd=44&kikanCd=1104800000&kikanKbn=2", "url2": null }, "geometry": { "type": "Point", "coordinates": [ 131.636596, 33.058349 ] } },
{ "type": "Feature", "properties": { "内容": "医療法人　宇野医院【2:診療所】【診療科目:内科_内分泌内科_呼吸器内科_消化器内科_胃腸内科_腎臓内科_人工透析内科_外科】大分県豊後大野市犬飼町犬飼８０ー２", "url": "https://www.iryou.teikyouseido.mhlw.go.jp/znk-web/juminkanja/S2430/initialize?prefCd=44&kikanCd=1104900000&kikanKbn=2", "url2": "http://www.unoiin.com/" }, "geometry": { "type": "Point", "coordinates": [ 131.635712, 33.073434 ] } },
{ "type": "Feature", "properties": { "内容": "おぐり胃腸・肛門科【2:診療所】【診療科目:内科_消化器内科_胃腸内科_外科_肛門外科】大分県豊後大野市三重町赤嶺１１６４番地１１", "url": "https://www.iryou.teikyouseido.mhlw.go.jp/znk-web/juminkanja/S2430/initialize?prefCd=44&kikanCd=1105100000&kikanKbn=2", "url2": null }, "geometry": { "type": "Point", "coordinates": [ 131.609736, 32.991438 ] } },
{ "type": "Feature", "properties": { "内容": "児玉医院【2:診療所】【診療科目:内科_胃腸内科_外科】大分県豊後大野市大野町田中２７０－１番地", "url": "https://www.iryou.teikyouseido.mhlw.go.jp/znk-web/juminkanja/S2430/initialize?prefCd=44&kikanCd=1105200000&kikanKbn=2", "url2": null }, "geometry": { "type": "Point", "coordinates": [ 131.4975926, 33.0413893 ] } },
{ "type": "Feature", "properties": { "内容": "後藤耳鼻咽喉科医院【2:診療所】【診療科目:耳鼻いんこう科】大分県豊後大野市三重町市場９８７番地の６", "url": "https://www.iryou.teikyouseido.mhlw.go.jp/znk-web/juminkanja/S2430/initialize?prefCd=44&kikanCd=1105300000&kikanKbn=2", "url2": null }, "geometry": { "type": "Point", "coordinates": [ 131.580209, 32.975292 ] } },
{ "type": "Feature", "properties": { "内容": "医療法人　ごとう消化器科・内科クリニック【2:診療所】【診療科目:内科_呼吸器内科_循環器内科_消化器内科_胃腸内科】大分県豊後大野市三重町赤嶺", "url": "https://www.iryou.teikyouseido.mhlw.go.jp/znk-web/juminkanja/S2430/initialize?prefCd=44&kikanCd=1105400000&kikanKbn=2", "url2": null }, "geometry": { "type": "Point", "coordinates": [ 131.597177, 32.982167 ] } },
{ "type": "Feature", "properties": { "内容": "菅尾医院【2:診療所】【診療科目:内科_整形外科】大分県豊後大野市三重町浅瀬３９４９", "url": "https://www.iryou.teikyouseido.mhlw.go.jp/znk-web/juminkanja/S2430/initialize?prefCd=44&kikanCd=1106000000&kikanKbn=2", "url2": null }, "geometry": { "type": "Point", "coordinates": [ 131.616327, 33.018986 ] } },
{ "type": "Feature", "properties": { "内容": "多田整形外科クリニック【2:診療所】【診療科目:整形外科_リウマチ科_リハビリテーション科】大分県豊後大野市三重町赤嶺１５７０番地", "url": "https://www.iryou.teikyouseido.mhlw.go.jp/znk-web/juminkanja/S2430/initialize?prefCd=44&kikanCd=1106100000&kikanKbn=2", "url2": null }, "geometry": { "type": "Point", "coordinates": [ 131.598686, 32.986005 ] } },
{ "type": "Feature", "properties": { "内容": "天心堂おおの診療所【2:診療所】【診療科目:内科_外科_整形外科_小児科】大分県豊後大野市大野町田中２番地９", "url": "https://www.iryou.teikyouseido.mhlw.go.jp/znk-web/juminkanja/S2430/initialize?prefCd=44&kikanCd=1106300000&kikanKbn=2", "url2": "https://www.tenshindo.org/" }, "geometry": { "type": "Point", "coordinates": [ 131.502088, 33.036127 ] } },
{ "type": "Feature", "properties": { "内容": "にこにこ内科クリニック【2:診療所】【診療科目:内科_外科】大分県豊後大野市三重町小坂４１６９－１", "url": "https://www.iryou.teikyouseido.mhlw.go.jp/znk-web/juminkanja/S2430/initialize?prefCd=44&kikanCd=1106400000&kikanKbn=2", "url2": "https://nikoniko.or.jp/nikoniko_clinic/" }, "geometry": { "type": "Point", "coordinates": [ 131.616925, 32.996894 ] } },
{ "type": "Feature", "properties": { "内容": "土生医院【2:診療所】【診療科目:内科_消化器内科_胃腸内科_外科_肛門外科_麻酔科】大分県豊後大野市三重町市場", "url": "https://www.iryou.teikyouseido.mhlw.go.jp/znk-web/juminkanja/S2430/initialize?prefCd=44&kikanCd=1106500000&kikanKbn=2", "url2": null }, "geometry": { "type": "Point", "coordinates": [ 131.586186, 32.97922 ] } },
{ "type": "Feature", "properties": { "内容": "広瀬医院【2:診療所】【診療科目:内科_小児科_眼科_耳鼻いんこう科_皮膚科】大分県豊後大野市千歳町新殿７８１番地１", "url": "https://www.iryou.teikyouseido.mhlw.go.jp/znk-web/juminkanja/S2430/initialize?prefCd=44&kikanCd=1106600000&kikanKbn=2", "url2": null }, "geometry": { "type": "Point", "coordinates": [ 131.597689, 33.039202 ] } },
{ "type": "Feature", "properties": { "内容": "みやわき小児科【2:診療所】【診療科目:内科_小児科】大分県豊後大野市三重町赤嶺", "url": "https://www.iryou.teikyouseido.mhlw.go.jp/znk-web/juminkanja/S2430/initialize?prefCd=44&kikanCd=1107100000&kikanKbn=2", "url2": null }, "geometry": { "type": "Point", "coordinates": [ 131.6, 33.0 ] } },
{ "type": "Feature", "properties": { "内容": "秋吉医院【2:診療所】【診療科目:内科_消化器内科】大分県由布市湯布院町下湯平９０－２", "url": "https://www.iryou.teikyouseido.mhlw.go.jp/znk-web/juminkanja/S2430/initialize?prefCd=44&kikanCd=1107400000&kikanKbn=2", "url2": null }, "geometry": { "type": "Point", "coordinates": [ 131.351171, 33.198342 ] } },
{ "type": "Feature", "properties": { "内容": "おざきホームケアクリニック【2:診療所】【診療科目:内科_呼吸器内科_循環器内科_消化器内科】大分県由布市庄内町庄内原８２８－１", "url": "https://www.iryou.teikyouseido.mhlw.go.jp/znk-web/juminkanja/S2430/initialize?prefCd=44&kikanCd=1107800000&kikanKbn=2", "url2": "http://www.ozaki-clinic.ecnet.jp/" }, "geometry": { "type": "Point", "coordinates": [ 131.39695, 33.183963 ] } },
{ "type": "Feature", "properties": { "内容": "川崎内科【2:診療所】【診療科目:内科_呼吸器内科_消化器内科】大分県由布市挾間町古野２６３番地１", "url": "https://www.iryou.teikyouseido.mhlw.go.jp/znk-web/juminkanja/S2430/initialize?prefCd=44&kikanCd=1107900000&kikanKbn=2", "url2": null }, "geometry": { "type": "Point", "coordinates": [ 131.53151, 33.210318 ] } },
{ "type": "Feature", "properties": { "内容": "ごとう医院【2:診療所】【診療科目:内科_呼吸器内科_消化器内科_外科_整形外科_小児科】大分県由布市挾間町向原３５０番地", "url": "https://www.iryou.teikyouseido.mhlw.go.jp/znk-web/juminkanja/S2430/initialize?prefCd=44&kikanCd=1108000000&kikanKbn=2", "url2": null }, "geometry": { "type": "Point", "coordinates": [ 131.511406, 33.197933 ] } },
{ "type": "Feature", "properties": { "内容": "医療法人　照臨会　佐藤医院【2:診療所】【診療科目:内科_循環器内科_消化器内科_小児科_リハビリテーション科】大分県由布市庄内町大龍２１６４番地１", "url": "https://www.iryou.teikyouseido.mhlw.go.jp/znk-web/juminkanja/S2430/initialize?prefCd=44&kikanCd=1108100000&kikanKbn=2", "url2": null }, "geometry": { "type": "Point", "coordinates": [ 131.4448092, 33.1804914 ] } },
{ "type": "Feature", "properties": { "内容": "さとう消化器・大腸肛門クリニック【2:診療所】【診療科目:内科_消化器内科_外科_消化器外科_肛門外科_大腸・肛門外科_内視鏡外科】大分県由布市挾間町北方１９－１", "url": "https://www.iryou.teikyouseido.mhlw.go.jp/znk-web/juminkanja/S2430/initialize?prefCd=44&kikanCd=1108200000&kikanKbn=2", "url2": "http://www.dr-sato.com" }, "geometry": { "type": "Point", "coordinates": [ 131.523557, 33.204994 ] } },
{ "type": "Feature", "properties": { "内容": "新こどもクリニック【2:診療所】【診療科目:小児科_アレルギー科】大分県由布市挾間町北方５３番地", "url": "https://www.iryou.teikyouseido.mhlw.go.jp/znk-web/juminkanja/S2430/initialize?prefCd=44&kikanCd=1108400000&kikanKbn=2", "url2": null }, "geometry": { "type": "Point", "coordinates": [ 131.51976830000001, 33.2043889 ] } },
{ "type": "Feature", "properties": { "内容": "特別養護老人ホーム　慶寿苑医務室【2:診療所】【診療科目:内科_循環器内科_消化器内科_リハビリテーション科】大分県由布市庄内町柿原１５６９番１", "url": "https://www.iryou.teikyouseido.mhlw.go.jp/znk-web/juminkanja/S2430/initialize?prefCd=44&kikanCd=1108600000&kikanKbn=2", "url2": null }, "geometry": { "type": "Point", "coordinates": [ 131.4206001, 33.1759033 ] } },
{ "type": "Feature", "properties": { "内容": "医療法人　何松内科循環器科【2:診療所】【診療科目:内科_糖尿病内科_呼吸器内科_循環器内科_消化器内科】大分県由布市挾間町北方７５７番地の３", "url": "https://www.iryou.teikyouseido.mhlw.go.jp/znk-web/juminkanja/S2430/initialize?prefCd=44&kikanCd=1109100000&kikanKbn=2", "url2": null }, "geometry": { "type": "Point", "coordinates": [ 131.512286, 33.203796 ] } },
{ "type": "Feature", "properties": { "内容": "南由布クリニック【2:診療所】【診療科目:内科_老年内科_小児科】大分県由布市湯布院町川北１１１２－４４", "url": "https://www.iryou.teikyouseido.mhlw.go.jp/znk-web/juminkanja/S2430/initialize?prefCd=44&kikanCd=1109300000&kikanKbn=2", "url2": "https://www.dai-seikai.net/" }, "geometry": { "type": "Point", "coordinates": [ 131.346829, 33.255318 ] } },
{ "type": "Feature", "properties": { "内容": "宮崎医院【2:診療所】【診療科目:内科_整形外科_小児科】大分県由布市庄内町大龍", "url": "https://www.iryou.teikyouseido.mhlw.go.jp/znk-web/juminkanja/S2430/initialize?prefCd=44&kikanCd=1109400000&kikanKbn=2", "url2": null }, "geometry": { "type": "Point", "coordinates": [ 131.447857, 33.180378 ] } },
{ "type": "Feature", "properties": { "内容": "森本整形外科クリニック【2:診療所】【診療科目:整形外科_リハビリテーション科】大分県由布市挾間町挾間２６７番地", "url": "https://www.iryou.teikyouseido.mhlw.go.jp/znk-web/juminkanja/S2430/initialize?prefCd=44&kikanCd=1109600000&kikanKbn=2", "url2": null }, "geometry": { "type": "Point", "coordinates": [ 131.517966, 33.204041 ] } },
{ "type": "Feature", "properties": { "内容": "朝倉内科医院【2:診療所】【診療科目:内科_呼吸器内科_循環器内科_消化器内科_胃腸内科】大分県国東市安岐町中園４００", "url": "https://www.iryou.teikyouseido.mhlw.go.jp/znk-web/juminkanja/S2430/initialize?prefCd=44&kikanCd=1109900000&kikanKbn=2", "url2": null }, "geometry": { "type": "Point", "coordinates": [ 131.693124, 33.465148 ] } },
{ "type": "Feature", "properties": { "内容": "あさひクリニック【2:診療所】【診療科目:内科_消化器内科_外科_小児科_リハビリテーション科】大分県国東市国東町綱井４３２番地７", "url": "https://www.iryou.teikyouseido.mhlw.go.jp/znk-web/juminkanja/S2430/initialize?prefCd=44&kikanCd=1110000000&kikanKbn=2", "url2": null }, "geometry": { "type": "Point", "coordinates": [ 131.726695, 33.526375 ] } },
{ "type": "Feature", "properties": { "内容": "牛嶋内科クリニック【2:診療所】【診療科目:内科_呼吸器内科_消化器内科】大分県国東市武蔵町古市８９番地", "url": "https://www.iryou.teikyouseido.mhlw.go.jp/znk-web/juminkanja/S2430/initialize?prefCd=44&kikanCd=1110200000&kikanKbn=2", "url2": null }, "geometry": { "type": "Point", "coordinates": [ 131.722182, 33.501354 ] } },
{ "type": "Feature", "properties": { "内容": "国東中央クリニック【2:診療所】【診療科目:内科_呼吸器内科_循環器内科_消化器内科_小児科_心療内科_リハビリテーション科】大分県国東市国東町北江３２４５－４", "url": "https://www.iryou.teikyouseido.mhlw.go.jp/znk-web/juminkanja/S2430/initialize?prefCd=44&kikanCd=1110700000&kikanKbn=2", "url2": "http://www.kunisakityuouclinic.dr-clinic.jp/" }, "geometry": { "type": "Point", "coordinates": [ 131.723011, 33.587983 ] } },
{ "type": "Feature", "properties": { "内容": "定村内科医院【2:診療所】【診療科目:内科_循環器内科_消化器内科】大分県国東市安岐町塩屋１１４番地１", "url": "https://www.iryou.teikyouseido.mhlw.go.jp/znk-web/juminkanja/S2430/initialize?prefCd=44&kikanCd=1110800000&kikanKbn=2", "url2": null }, "geometry": { "type": "Point", "coordinates": [ 131.71894, 33.459632 ] } },
{ "type": "Feature", "properties": { "内容": "医療法人鶴玲会　末綱クリニック【2:診療所】【診療科目:内科_糖尿病内科_呼吸器内科_老年・呼吸器内科_消化器内科_腎臓内科_漢方内科_老年内科_内視鏡内科_アレルギー疾患内科_心療内科_アレルギー科_リハビリテーション科_放射線科】大分県国東市国東町田深６６５番地４", "url": "https://www.iryou.teikyouseido.mhlw.go.jp/znk-web/juminkanja/S2430/initialize?prefCd=44&kikanCd=1110900000&kikanKbn=2", "url2": "http://www.suetsuna-clinic.jp/" }, "geometry": { "type": "Point", "coordinates": [ 131.728596, 33.56848 ] } },
{ "type": "Feature", "properties": { "内容": "富来Ｋ．クリニック【2:診療所】【診療科目:内科_循環器内科_消化器内科_外科_肛門外科_整形外科_形成外科_小児科_皮膚科_リハビリテーション科】大分県国東市国東町富来浦１７８８－１３", "url": "https://www.iryou.teikyouseido.mhlw.go.jp/znk-web/juminkanja/S2430/initialize?prefCd=44&kikanCd=1111300000&kikanKbn=2", "url2": null }, "geometry": { "type": "Point", "coordinates": [ 131.712432, 33.600193 ] } },
{ "type": "Feature", "properties": { "内容": "はるかぜ醫院【2:診療所】【診療科目:内科_糖尿病・内分泌内科_糖尿病・代謝内科_循環器内科_消化器内科_小児科_皮膚科_リハビリテーション科_放射線科】大分県国東市国見町大熊毛", "url": "https://www.iryou.teikyouseido.mhlw.go.jp/znk-web/juminkanja/S2430/initialize?prefCd=44&kikanCd=1111500000&kikanKbn=2", "url2": "harukaze-med.jp" }, "geometry": { "type": "Point", "coordinates": [ 131.649952, 33.657334 ] } },
{ "type": "Feature", "properties": { "内容": "福永胃腸科外科医院【2:診療所】【診療科目:内科_胃腸内科_外科_消化器外科_肛門外科_内視鏡外科_整形外科_リハビリテーション科_麻酔科】大分県国東市国東町鶴川", "url": "https://www.iryou.teikyouseido.mhlw.go.jp/znk-web/juminkanja/S2430/initialize?prefCd=44&kikanCd=1111700000&kikanKbn=2", "url2": null }, "geometry": { "type": "Point", "coordinates": [ 131.7382504, 33.560352 ] } },
{ "type": "Feature", "properties": { "内容": "堀田医院【2:診療所】【診療科目:内科_循環器内科_消化器内科_リウマチ科_放射線科】大分県国東市国見町伊美２６４１番地１", "url": "https://www.iryou.teikyouseido.mhlw.go.jp/znk-web/juminkanja/S2430/initialize?prefCd=44&kikanCd=1111800000&kikanKbn=2", "url2": "http://www.horita.or.jp/" }, "geometry": { "type": "Point", "coordinates": [ 131.598315, 33.684247 ] } },
{ "type": "Feature", "properties": { "内容": "むさし整形外科医院【2:診療所】【診療科目:整形外科_リハビリテーション科_麻酔科】大分県国東市武蔵町古市１４８", "url": "https://www.iryou.teikyouseido.mhlw.go.jp/znk-web/juminkanja/S2430/initialize?prefCd=44&kikanCd=1112100000&kikanKbn=2", "url2": "https://kouyou-kai.or.jp/" }, "geometry": { "type": "Point", "coordinates": [ 131.726678, 33.502109 ] } },
{ "type": "Feature", "properties": { "内容": "メープル尽クリニック【2:診療所】【診療科目:内科_消化器内科_腎臓内科_人工透析内科_心臓血管外科】大分県国東市安岐町下原３８１番地１", "url": "https://www.iryou.teikyouseido.mhlw.go.jp/znk-web/juminkanja/S2430/initialize?prefCd=44&kikanCd=1112200000&kikanKbn=2", "url2": null }, "geometry": { "type": "Point", "coordinates": [ 131.718799, 33.474734 ] } },
{ "type": "Feature", "properties": { "内容": "江本眼科【2:診療所】【診療科目:眼科】大分県速見郡日出町日出町３７２８番地１", "url": "https://www.iryou.teikyouseido.mhlw.go.jp/znk-web/juminkanja/S2430/initialize?prefCd=44&kikanCd=1112400000&kikanKbn=2", "url2": null }, "geometry": { "type": "Point", "coordinates": [ 131.533506, 33.372234 ] } },
{ "type": "Feature", "properties": { "内容": "岡田内科クリニック【2:診療所】【診療科目:内科_糖尿病内科_脂質代謝内科_呼吸器内科_循環器内科_消化器内科】大分県速見郡日出町日出町３９０２番地２", "url": "https://www.iryou.teikyouseido.mhlw.go.jp/znk-web/juminkanja/S2430/initialize?prefCd=44&kikanCd=1112600000&kikanKbn=2", "url2": null }, "geometry": { "type": "Point", "coordinates": [ 131.529914, 33.374181 ] } },
{ "type": "Feature", "properties": { "内容": "金田耳鼻咽喉科医院【2:診療所】【診療科目:耳鼻いんこう科】大分県速見郡日出町３８３４番地９", "url": "https://www.iryou.teikyouseido.mhlw.go.jp/znk-web/juminkanja/S2430/initialize?prefCd=44&kikanCd=1112700000&kikanKbn=2", "url2": null }, "geometry": { "type": "Point", "coordinates": [ 131.530305, 33.374764 ] } },
{ "type": "Feature", "properties": { "内容": "こうまつ循環器科内科クリニック【2:診療所】【診療科目:内科_循環器内科_腎臓内科_人工透析内科】大分県速見郡日出町３８５２番地６", "url": "https://www.iryou.teikyouseido.mhlw.go.jp/znk-web/juminkanja/S2430/initialize?prefCd=44&kikanCd=1113100000&kikanKbn=2", "url2": "http://koumatu.or.jp" }, "geometry": { "type": "Point", "coordinates": [ 131.531861, 33.375068 ] } },
{ "type": "Feature", "properties": { "内容": "酒井医院【2:診療所】【診療科目:内科】大分県速見郡日出町豊岡７５５－３", "url": "https://www.iryou.teikyouseido.mhlw.go.jp/znk-web/juminkanja/S2430/initialize?prefCd=44&kikanCd=1113200000&kikanKbn=2", "url2": null }, "geometry": { "type": "Point", "coordinates": [ 131.506059, 33.365437 ] } },
{ "type": "Feature", "properties": { "内容": "土屋会八重眼科医院【2:診療所】【診療科目:眼科】大分県速見郡日出町川崎字角力田３－１", "url": "https://www.iryou.teikyouseido.mhlw.go.jp/znk-web/juminkanja/S2430/initialize?prefCd=44&kikanCd=1113700000&kikanKbn=2", "url2": "http://yaeganka.blue.coocan.jp/" }, "geometry": { "type": "Point", "coordinates": [ 131.538047, 33.373729 ] } },
{ "type": "Feature", "properties": { "内容": "てしまこどもの杜クリニック【2:診療所】【診療科目:内科_呼吸器内科_小児科_アレルギー科】大分県速見郡日出町３９０２番地３", "url": "https://www.iryou.teikyouseido.mhlw.go.jp/znk-web/juminkanja/S2430/initialize?prefCd=44&kikanCd=1113800000&kikanKbn=2", "url2": null }, "geometry": { "type": "Point", "coordinates": [ 131.530187, 33.374177 ] } },
{ "type": "Feature", "properties": { "内容": "日出中央医院【2:診療所】【診療科目:内科_麻酔科】大分県速見郡日出町３４７０番地８", "url": "https://www.iryou.teikyouseido.mhlw.go.jp/znk-web/juminkanja/S2430/initialize?prefCd=44&kikanCd=1114000000&kikanKbn=2", "url2": null }, "geometry": { "type": "Point", "coordinates": [ 131.537011, 33.373635 ] } },
{ "type": "Feature", "properties": { "内容": "松本整形外科クリニック【2:診療所】【診療科目:整形外科_リウマチ科_リハビリテーション科】大分県速見郡日出町３８７０－３", "url": "https://www.iryou.teikyouseido.mhlw.go.jp/znk-web/juminkanja/S2430/initialize?prefCd=44&kikanCd=1114100000&kikanKbn=2", "url2": null }, "geometry": { "type": "Point", "coordinates": [ 131.534243, 33.374155 ] } },
{ "type": "Feature", "properties": { "内容": "すがこどもクリニック【2:診療所】【診療科目:内科_小児科】大分県速見郡日出町大字豊岡６１００−２５１", "url": "https://www.iryou.teikyouseido.mhlw.go.jp/znk-web/juminkanja/S2430/initialize?prefCd=44&kikanCd=1114300000&kikanKbn=2", "url2": "http://www.yanoclinic.com/" }, "geometry": { "type": "Point", "coordinates": [ 131.514947, 33.3711 ] } },
{ "type": "Feature", "properties": { "内容": "吉岡内科医院【2:診療所】【診療科目:内科_消化器内科_リウマチ科】大分県速見郡日出町川崎５２４０番地５", "url": "https://www.iryou.teikyouseido.mhlw.go.jp/znk-web/juminkanja/S2430/initialize?prefCd=44&kikanCd=1114500000&kikanKbn=2", "url2": null }, "geometry": { "type": "Point", "coordinates": [ 131.548716, 33.362161 ] } },
{ "type": "Feature", "properties": { "内容": "医療法人　井上医院【2:診療所】【診療科目:内科_消化器内科_外科】大分県玖珠郡九重町大字恵良５９２番地", "url": "https://www.iryou.teikyouseido.mhlw.go.jp/znk-web/juminkanja/S2430/initialize?prefCd=44&kikanCd=1114600000&kikanKbn=2", "url2": null }, "geometry": { "type": "Point", "coordinates": [ 131.176833, 33.256687 ] } },
{ "type": "Feature", "properties": { "内容": "友成医院【2:診療所】【診療科目:内科_胃腸内科_外科_肛門外科_小児科_皮膚科】大分県玖珠郡九重町大字町田５５７番地の１", "url": "https://www.iryou.teikyouseido.mhlw.go.jp/znk-web/juminkanja/S2430/initialize?prefCd=44&kikanCd=1114800000&kikanKbn=2", "url2": null }, "geometry": { "type": "Point", "coordinates": [ 131.174168, 33.21953 ] } },
{ "type": "Feature", "properties": { "内容": "飯田高原診療所【2:診療所】【診療科目:内科_外科_小児科】大分県玖珠郡九重町大字田野１２７１", "url": "https://www.iryou.teikyouseido.mhlw.go.jp/znk-web/juminkanja/S2430/initialize?prefCd=44&kikanCd=1114900000&kikanKbn=2", "url2": null }, "geometry": { "type": "Point", "coordinates": [ 131.220541, 33.166483 ] } },
{ "type": "Feature", "properties": { "内容": "医療法人　豊山会　矢原医院【2:診療所】【診療科目:内科_胃腸内科_外科_整形外科_小児科_皮膚科_泌尿器科】大分県玖珠郡九重町右田１０２８－１１", "url": "https://www.iryou.teikyouseido.mhlw.go.jp/znk-web/juminkanja/S2430/initialize?prefCd=44&kikanCd=1115000000&kikanKbn=2", "url2": null }, "geometry": { "type": "Point", "coordinates": [ 131.20344, 33.22643 ] } },
{ "type": "Feature", "properties": { "内容": "麻生消化器科内科【2:診療所】【診療科目:内科_消化器内科_小児科】大分県玖珠郡玖珠町大字山田２２８９－１", "url": "https://www.iryou.teikyouseido.mhlw.go.jp/znk-web/juminkanja/S2430/initialize?prefCd=44&kikanCd=1115200000&kikanKbn=2", "url2": null }, "geometry": { "type": "Point", "coordinates": [ 131.138477, 33.278772 ] } },
{ "type": "Feature", "properties": { "内容": "玖珠耳鼻咽喉科医院【2:診療所】【診療科目:耳鼻いんこう科】大分県玖珠郡玖珠町帆足２２２－４", "url": "https://www.iryou.teikyouseido.mhlw.go.jp/znk-web/juminkanja/S2430/initialize?prefCd=44&kikanCd=1115500000&kikanKbn=2", "url2": null }, "geometry": { "type": "Point", "coordinates": [ 131.150354, 33.283956 ] } },
{ "type": "Feature", "properties": { "内容": "長内科小児科胃腸科医院【2:診療所】【診療科目:内科_胃腸内科_小児科】大分県玖珠郡玖珠町帆足", "url": "https://www.iryou.teikyouseido.mhlw.go.jp/znk-web/juminkanja/S2430/initialize?prefCd=44&kikanCd=1115900000&kikanKbn=2", "url2": null }, "geometry": { "type": "Point", "coordinates": [ 131.153164, 33.284229 ] } },
{ "type": "Feature", "properties": { "内容": "医療法人　友光会　友成医院【2:診療所】【診療科目:内科_人工透析内科_脳神経外科_小児科_産婦人科_リハビリテーション科_麻酔科】大分県玖珠郡玖珠町塚脇１２８－２", "url": "https://www.iryou.teikyouseido.mhlw.go.jp/znk-web/juminkanja/S2430/initialize?prefCd=44&kikanCd=1116200000&kikanKbn=2", "url2": null }, "geometry": { "type": "Point", "coordinates": [ 131.151361, 33.279033 ] } },
{ "type": "Feature", "properties": { "内容": "三池循環器内科クリニック【2:診療所】【診療科目:内科_循環器内科】大分県玖珠郡玖珠町塚脇", "url": "https://www.iryou.teikyouseido.mhlw.go.jp/znk-web/juminkanja/S2430/initialize?prefCd=44&kikanCd=1116300000&kikanKbn=2", "url2": null }, "geometry": { "type": "Point", "coordinates": [ 131.154856, 33.275289 ] } },
{ "type": "Feature", "properties": { "内容": "姫島村国民健康保険診療所【2:診療所】【診療科目:内科_外科_小児科_眼科_歯科_歯科口腔外科】大分県東国東郡姫島村姫島村一円", "url": "https://www.iryou.teikyouseido.mhlw.go.jp/znk-web/juminkanja/S2430/initialize?prefCd=44&kikanCd=1116500000&kikanKbn=2", "url2": null }, "geometry": { "type": "Point", "coordinates": [ 131.646498, 33.724322 ] } },
{ "type": "Feature", "properties": { "内容": "つつみ泌尿器科医院【2:診療所】【診療科目:腎臓内科_人工透析内科_泌尿器科】大分県佐伯市城下西町", "url": "https://www.iryou.teikyouseido.mhlw.go.jp/znk-web/juminkanja/S2430/initialize?prefCd=44&kikanCd=2004200000&kikanKbn=2", "url2": null }, "geometry": { "type": "Point", "coordinates": [ 131.894689, 32.95795 ] } },
{ "type": "Feature", "properties": { "内容": "こころの先生クリニック【2:診療所】【診療科目:精神科_心療内科】大分県大分市大在中央１－１２－４メゾン芦刈２Ｆ", "url": "https://www.iryou.teikyouseido.mhlw.go.jp/znk-web/juminkanja/S2430/initialize?prefCd=44&kikanCd=2004300000&kikanKbn=2", "url2": "http://www.kokorono-clinic.com/" }, "geometry": { "type": "Point", "coordinates": [ 131.720774, 33.245561 ] } },
{ "type": "Feature", "properties": { "内容": "星野泌尿器科医院【2:診療所】【診療科目:泌尿器科】大分県大分市今津留三丁目２番１号", "url": "https://www.iryou.teikyouseido.mhlw.go.jp/znk-web/juminkanja/S2430/initialize?prefCd=44&kikanCd=2005100000&kikanKbn=2", "url2": null }, "geometry": { "type": "Point", "coordinates": [ 131.627456, 33.241442 ] } },
{ "type": "Feature", "properties": { "内容": "はら小児科【2:診療所】【診療科目:小児科】大分県大分市中戸次４８４０－２３", "url": "https://www.iryou.teikyouseido.mhlw.go.jp/znk-web/juminkanja/S2430/initialize?prefCd=44&kikanCd=2005700000&kikanKbn=2", "url2": "http://www.hara-kids.com/" }, "geometry": { "type": "Point", "coordinates": [ 131.6584986, 33.14194 ] } },
{ "type": "Feature", "properties": { "内容": "アロハ　クリニック【2:診療所】【診療科目:内科_皮膚科_アレルギー科】大分県別府市鶴見１－１", "url": "https://www.iryou.teikyouseido.mhlw.go.jp/znk-web/juminkanja/S2430/initialize?prefCd=44&kikanCd=2005800000&kikanKbn=2", "url2": null }, "geometry": { "type": "Point", "coordinates": [ 131.476385, 33.301785 ] } },
{ "type": "Feature", "properties": { "内容": "しまざき耳鼻咽喉科【2:診療所】【診療科目:耳鼻いんこう科_アレルギー科】大分県別府市大畑２－２", "url": "https://www.iryou.teikyouseido.mhlw.go.jp/znk-web/juminkanja/S2430/initialize?prefCd=44&kikanCd=2005900000&kikanKbn=2", "url2": null }, "geometry": { "type": "Point", "coordinates": [ 131.475921, 33.303614 ] } },
{ "type": "Feature", "properties": { "内容": "明和整形外科醫院【2:診療所】【診療科目:整形外科_リハビリテーション科】大分県大分市毛井２７９－３", "url": "https://www.iryou.teikyouseido.mhlw.go.jp/znk-web/juminkanja/S2430/initialize?prefCd=44&kikanCd=2006100000&kikanKbn=2", "url2": null }, "geometry": { "type": "Point", "coordinates": [ 131.671905, 33.1895165 ] } },
{ "type": "Feature", "properties": { "内容": "医療法人カーサミア　やまおか在宅クリニック【2:診療所】【診療科目:内科_緩和ケア内科_緩和ケア外科】大分県大分市東大道３丁目６２－５", "url": "https://www.iryou.teikyouseido.mhlw.go.jp/znk-web/juminkanja/S2430/initialize?prefCd=44&kikanCd=2006200000&kikanKbn=2", "url2": "http://www.home-clinic.jp/" }, "geometry": { "type": "Point", "coordinates": [ 131.599773, 33.227711 ] } },
{ "type": "Feature", "properties": { "内容": "立川眼科【2:診療所】【診療科目:眼科】大分県由布市挾間町挾間２７６番地２", "url": "https://www.iryou.teikyouseido.mhlw.go.jp/znk-web/juminkanja/S2430/initialize?prefCd=44&kikanCd=2006700000&kikanKbn=2", "url2": "http://www.tazeye.jp/" }, "geometry": { "type": "Point", "coordinates": [ 131.518418, 33.203967 ] } },
{ "type": "Feature", "properties": { "内容": "臼杵内科リハビリテーション医院【2:診療所】【診療科目:内科_循環器内科_消化器内科_腎臓内科_老年内科_リハビリテーション科】大分県臼杵市市浜６９４－１", "url": "https://www.iryou.teikyouseido.mhlw.go.jp/znk-web/juminkanja/S2430/initialize?prefCd=44&kikanCd=2007000000&kikanKbn=2", "url2": null }, "geometry": { "type": "Point", "coordinates": [ 131.79388, 33.122744 ] } },
{ "type": "Feature", "properties": { "内容": "おおが耳鼻咽喉科クリニック【2:診療所】【診療科目:耳鼻いんこう科】大分県大分市庄境２－１０", "url": "https://www.iryou.teikyouseido.mhlw.go.jp/znk-web/juminkanja/S2430/initialize?prefCd=44&kikanCd=2007300000&kikanKbn=2", "url2": "http://www.ohga-ent.jp/" }, "geometry": { "type": "Point", "coordinates": [ 131.705818, 33.241344 ] } },
{ "type": "Feature", "properties": { "内容": "えとう眼科【2:診療所】【診療科目:眼科】大分県大分市明野北", "url": "https://www.iryou.teikyouseido.mhlw.go.jp/znk-web/juminkanja/S2430/initialize?prefCd=44&kikanCd=2007400000&kikanKbn=2", "url2": "eto-eyeclinic.com" }, "geometry": { "type": "Point", "coordinates": [ 131.652228, 33.226043 ] } },
{ "type": "Feature", "properties": { "内容": "ふじしま内科【2:診療所】【診療科目:内科_糖尿病内科_呼吸器内科_循環器内科_消化器内科_小児科_リハビリテーション科】大分県豊後大野市三重町市場１２７番地", "url": "https://www.iryou.teikyouseido.mhlw.go.jp/znk-web/juminkanja/S2430/initialize?prefCd=44&kikanCd=2007500000&kikanKbn=2", "url2": "https://www.naikafujishima.com/" }, "geometry": { "type": "Point", "coordinates": [ 131.58646, 32.982298 ] } },
{ "type": "Feature", "properties": { "内容": "垣迫胃腸クリニック【2:診療所】【診療科目:内科_消化器内科_胃腸内科_外科_肛門外科_内視鏡外科】大分県大分市金池南２丁目３番３号", "url": "https://www.iryou.teikyouseido.mhlw.go.jp/znk-web/juminkanja/S2430/initialize?prefCd=44&kikanCd=2007600000&kikanKbn=2", "url2": "http://www.kakisako-cl.com/" }, "geometry": { "type": "Point", "coordinates": [ 131.607724, 33.229781 ] } },
{ "type": "Feature", "properties": { "内容": "平川循環器内科クリニック【2:診療所】【診療科目:内科_脂質代謝内科_循環器内科_心臓内科】大分県大分市二又町３－３－１３", "url": "https://www.iryou.teikyouseido.mhlw.go.jp/znk-web/juminkanja/S2430/initialize?prefCd=44&kikanCd=2008000000&kikanKbn=2", "url2": "http://www.hirakawa-oita.com" }, "geometry": { "type": "Point", "coordinates": [ 131.597607, 33.211116 ] } },
{ "type": "Feature", "properties": { "内容": "高木眼科【2:診療所】【診療科目:眼科】大分県大分市賀来西１丁目１３番２４号", "url": "https://www.iryou.teikyouseido.mhlw.go.jp/znk-web/juminkanja/S2430/initialize?prefCd=44&kikanCd=2008100000&kikanKbn=2", "url2": null }, "geometry": { "type": "Point", "coordinates": [ 131.558436, 33.2134 ] } },
{ "type": "Feature", "properties": { "内容": "阿南循環器内科クリニック【2:診療所】【診療科目:内科_糖尿病内科_糖尿病・代謝内科_循環器内科】大分県大分市大字森５８２番地の１", "url": "https://www.iryou.teikyouseido.mhlw.go.jp/znk-web/juminkanja/S2430/initialize?prefCd=44&kikanCd=2008300000&kikanKbn=2", "url2": null }, "geometry": { "type": "Point", "coordinates": [ 131.677828, 33.217674 ] } },
{ "type": "Feature", "properties": { "内容": "しぶや皮ふ科形成外科【2:診療所】【診療科目:形成外科_皮膚科_美容皮膚科】大分県大分市羽屋新町２ー１ー４０", "url": "https://www.iryou.teikyouseido.mhlw.go.jp/znk-web/juminkanja/S2430/initialize?prefCd=44&kikanCd=2008500000&kikanKbn=2", "url2": null }, "geometry": { "type": "Point", "coordinates": [ 131.596524, 33.213531 ] } },
{ "type": "Feature", "properties": { "内容": "荒木医院【2:診療所】【診療科目:内科_循環器内科_小児科】大分県玖珠郡玖珠町大字森９８５番地の４", "url": "https://www.iryou.teikyouseido.mhlw.go.jp/znk-web/juminkanja/S2430/initialize?prefCd=44&kikanCd=2008600000&kikanKbn=2", "url2": null }, "geometry": { "type": "Point", "coordinates": [ 131.159368, 33.299162 ] } },
{ "type": "Feature", "properties": { "内容": "ひろたクリニック【2:診療所】【診療科目:内科_血液内科_精神科_心療内科】大分県由布市挾間町北方５７", "url": "https://www.iryou.teikyouseido.mhlw.go.jp/znk-web/juminkanja/S2430/initialize?prefCd=44&kikanCd=2008900000&kikanKbn=2", "url2": null }, "geometry": { "type": "Point", "coordinates": [ 131.5206756, 33.2044464 ] } },
{ "type": "Feature", "properties": { "内容": "社会医療法人関愛会　三重東クリニック【2:診療所】【診療科目:内科_循環器内科_小児科】大分県豊後大野市三重町小坂４１０９−６１", "url": "https://www.iryou.teikyouseido.mhlw.go.jp/znk-web/juminkanja/S2430/initialize?prefCd=44&kikanCd=2009000000&kikanKbn=2", "url2": "https://miehigashi.sekiaikai.jp" }, "geometry": { "type": "Point", "coordinates": [ 131.616704, 32.993763 ] } },
{ "type": "Feature", "properties": { "内容": "中央町こころのクリニック【2:診療所】【診療科目:精神科_心療内科】大分県大分市中央町４丁目２番１６号　サンリラ２Ｆ", "url": "https://www.iryou.teikyouseido.mhlw.go.jp/znk-web/juminkanja/S2430/initialize?prefCd=44&kikanCd=2009600000&kikanKbn=2", "url2": null }, "geometry": { "type": "Point", "coordinates": [ 131.603081, 33.238813 ] } },
{ "type": "Feature", "properties": { "内容": "レディースクリニック松本醫院【2:診療所】【診療科目:内科_婦人科】大分県宇佐市貴船町", "url": "https://www.iryou.teikyouseido.mhlw.go.jp/znk-web/juminkanja/S2430/initialize?prefCd=44&kikanCd=2009800000&kikanKbn=2", "url2": null }, "geometry": { "type": "Point", "coordinates": [ 131.368592, 33.567707 ] } },
{ "type": "Feature", "properties": { "内容": "さかい内科医院【2:診療所】【診療科目:内科_糖尿病内科_消化器内科_胃腸内科_放射線科】大分県別府市大字鶴見２４９４番地の３", "url": "https://www.iryou.teikyouseido.mhlw.go.jp/znk-web/juminkanja/S2430/initialize?prefCd=44&kikanCd=2010100000&kikanKbn=2", "url2": null }, "geometry": { "type": "Point", "coordinates": [ 131.471849, 33.303434 ] } },
{ "type": "Feature", "properties": { "内容": "医療法人真和会　たてわき眼科【2:診療所】【診療科目:眼科】大分県国東市武蔵町糸原２５１７", "url": "https://www.iryou.teikyouseido.mhlw.go.jp/znk-web/juminkanja/S2430/initialize?prefCd=44&kikanCd=2010500000&kikanKbn=2", "url2": null }, "geometry": { "type": "Point", "coordinates": [ 131.720849, 33.487456 ] } },
{ "type": "Feature", "properties": { "内容": "伊藤循環器内科クリニック【2:診療所】【診療科目:内科_循環器内科】大分県佐伯市長島町４丁目１番７号", "url": "https://www.iryou.teikyouseido.mhlw.go.jp/znk-web/juminkanja/S2430/initialize?prefCd=44&kikanCd=2010700000&kikanKbn=2", "url2": null }, "geometry": { "type": "Point", "coordinates": [ 131.903782, 32.955551 ] } },
{ "type": "Feature", "properties": { "内容": "しん整形外科　リハヒ゛リテーション＆スホ゜ーツクリニック【2:診療所】【診療科目:整形外科_リハビリテーション科】大分県別府市東荘園二丁目１３番１４号", "url": "https://www.iryou.teikyouseido.mhlw.go.jp/znk-web/juminkanja/S2430/initialize?prefCd=44&kikanCd=2011200000&kikanKbn=2", "url2": "http://shin-clinic.com/" }, "geometry": { "type": "Point", "coordinates": [ 131.486719, 33.290979 ] } },
{ "type": "Feature", "properties": { "内容": "臼杵わかばクリニック【2:診療所】【診療科目:内科_消化器内科_内視鏡内科_外科】大分県臼杵市大字江無田字樋の内３２３－１", "url": "https://www.iryou.teikyouseido.mhlw.go.jp/znk-web/juminkanja/S2430/initialize?prefCd=44&kikanCd=2011600000&kikanKbn=2", "url2": null }, "geometry": { "type": "Point", "coordinates": [ 131.788357, 33.127302 ] } },
{ "type": "Feature", "properties": { "内容": "村上眼科【2:診療所】【診療科目:眼科】大分県大分市大道町２丁目７番４号", "url": "https://www.iryou.teikyouseido.mhlw.go.jp/znk-web/juminkanja/S2430/initialize?prefCd=44&kikanCd=2012500000&kikanKbn=2", "url2": "https://tmurakami.wixsite.com/hospital" }, "geometry": { "type": "Point", "coordinates": [ 131.601706, 33.231158 ] } },
{ "type": "Feature", "properties": { "内容": "明野循環器内科クリニック【2:診療所】【診療科目:内科_循環器内科】大分県大分市明野東２丁目３３番１１号", "url": "https://www.iryou.teikyouseido.mhlw.go.jp/znk-web/juminkanja/S2430/initialize?prefCd=44&kikanCd=2012800000&kikanKbn=2", "url2": "http://abe-circulation.com" }, "geometry": { "type": "Point", "coordinates": [ 131.659286, 33.221656 ] } },
{ "type": "Feature", "properties": { "内容": "工藤クリニック【2:診療所】【診療科目:整形外科_美容皮膚科_リウマチ科_リハビリテーション科】大分県大分市要町", "url": "https://www.iryou.teikyouseido.mhlw.go.jp/znk-web/juminkanja/S2430/initialize?prefCd=44&kikanCd=2013200000&kikanKbn=2", "url2": "http://kudo-clinic9100.sakura.ne.jp/" }, "geometry": { "type": "Point", "coordinates": [ 131.609634, 33.229902 ] } },
{ "type": "Feature", "properties": { "内容": "調枝眼科【2:診療所】【診療科目:眼科】大分県大分市鴛野", "url": "https://www.iryou.teikyouseido.mhlw.go.jp/znk-web/juminkanja/S2430/initialize?prefCd=44&kikanCd=2013800000&kikanKbn=2", "url2": null }, "geometry": { "type": "Point", "coordinates": [ 131.6165, 33.187494 ] } },
{ "type": "Feature", "properties": { "内容": "麻生医院【2:診療所】【診療科目:内科_呼吸器内科_アレルギー科】大分県豊後大野市緒方町下自在１６８－１", "url": "https://www.iryou.teikyouseido.mhlw.go.jp/znk-web/juminkanja/S2430/initialize?prefCd=44&kikanCd=2014400000&kikanKbn=2", "url2": null }, "geometry": { "type": "Point", "coordinates": [ 131.471518, 32.973177 ] } },
{ "type": "Feature", "properties": { "内容": "たなか眼科【2:診療所】【診療科目:眼科】大分県大分市大字羽屋１丁目５番１８号", "url": "https://www.iryou.teikyouseido.mhlw.go.jp/znk-web/juminkanja/S2430/initialize?prefCd=44&kikanCd=2014600000&kikanKbn=2", "url2": "https://www.tanaka-ganka.info/" }, "geometry": { "type": "Point", "coordinates": [ 131.601083, 33.215056 ] } },
{ "type": "Feature", "properties": { "内容": "にしたけ呼吸器内科・アレルギー科クリニック【2:診療所】【診療科目:内科_呼吸器内科_アレルギー科】大分県大分市府内町１丁目１－２０　トイビル３階", "url": "https://www.iryou.teikyouseido.mhlw.go.jp/znk-web/juminkanja/S2430/initialize?prefCd=44&kikanCd=2015000000&kikanKbn=2", "url2": "http://nishitake-clinic.c.ooco.jp/" }, "geometry": { "type": "Point", "coordinates": [ 131.608905, 33.235614 ] } },
{ "type": "Feature", "properties": { "内容": "大分内分泌糖尿病内科クリニック【2:診療所】【診療科目:内科_糖尿病内科_代謝内科_内分泌内科_糖尿病・内分泌内科_糖尿病・代謝内科_代謝・内分泌内科】大分県大分市要町", "url": "https://www.iryou.teikyouseido.mhlw.go.jp/znk-web/juminkanja/S2430/initialize?prefCd=44&kikanCd=2015300000&kikanKbn=2", "url2": null }, "geometry": { "type": "Point", "coordinates": [ 131.610028, 33.229923 ] } },
{ "type": "Feature", "properties": { "内容": "高橋内科クリニック【2:診療所】【診療科目:内科_循環器内科】大分県大分市王子北町四の十二", "url": "https://www.iryou.teikyouseido.mhlw.go.jp/znk-web/juminkanja/S2430/initialize?prefCd=44&kikanCd=2015400000&kikanKbn=2", "url2": null }, "geometry": { "type": "Point", "coordinates": [ 131.594752, 33.244888 ] } },
{ "type": "Feature", "properties": { "内容": "大道整形外科【2:診療所】【診療科目:整形外科_リウマチ科_リハビリテーション科】大分県大分市西大道２目３－１　コスモビル２・３Ｆ", "url": "https://www.iryou.teikyouseido.mhlw.go.jp/znk-web/juminkanja/S2430/initialize?prefCd=44&kikanCd=2015800000&kikanKbn=2", "url2": null }, "geometry": { "type": "Point", "coordinates": [ 131.596663, 33.229785 ] } },
{ "type": "Feature", "properties": { "内容": "はさまクリニック【2:診療所】【診療科目:内科_漢方内科_精神科_心療内科】大分県大分市東津留２丁目３番２０号", "url": "https://www.iryou.teikyouseido.mhlw.go.jp/znk-web/juminkanja/S2430/initialize?prefCd=44&kikanCd=2016600000&kikanKbn=2", "url2": null }, "geometry": { "type": "Point", "coordinates": [ 131.631925, 33.240642 ] } },
{ "type": "Feature", "properties": { "内容": "社会医療法人関愛会　王子クリニック【2:診療所】【診療科目:内科_消化器内科_心療内科】大分県大分市王子町１―１１", "url": "https://www.iryou.teikyouseido.mhlw.go.jp/znk-web/juminkanja/S2430/initialize?prefCd=44&kikanCd=2016800000&kikanKbn=2", "url2": "https://www.sekiaikai.jp/contact/ouji-clinic/" }, "geometry": { "type": "Point", "coordinates": [ 131.59073, 33.2426 ] } },
{ "type": "Feature", "properties": { "内容": "竜の子在宅クリニック【2:診療所】【診療科目:内科_外科_脳神経外科_精神科_心療内科】大分県大分市上野町１４番３０号", "url": "https://www.iryou.teikyouseido.mhlw.go.jp/znk-web/juminkanja/S2430/initialize?prefCd=44&kikanCd=2016900000&kikanKbn=2", "url2": "http://tatsunoko-homeclinic.com/" }, "geometry": { "type": "Point", "coordinates": [ 131.612965, 33.225617 ] } },
{ "type": "Feature", "properties": { "内容": "神矢内科胃腸クリニック【2:診療所】【診療科目:内科_消化器内科_外科_肛門外科】大分県大分市賀来西１丁目４番１号", "url": "https://www.iryou.teikyouseido.mhlw.go.jp/znk-web/juminkanja/S2430/initialize?prefCd=44&kikanCd=2017600000&kikanKbn=2", "url2": "http://kamiya-jcl.com" }, "geometry": { "type": "Point", "coordinates": [ 131.561921, 33.213611 ] } },
{ "type": "Feature", "properties": { "内容": "おかむら眼科【2:診療所】【診療科目:眼科】大分県大分市公園通り西２丁目１番パークプレイス大分３階", "url": "https://www.iryou.teikyouseido.mhlw.go.jp/znk-web/juminkanja/S2430/initialize?prefCd=44&kikanCd=2017800000&kikanKbn=2", "url2": "http://okamura-eyeclinic.com/" }, "geometry": { "type": "Point", "coordinates": [ 131.657109, 33.194986 ] } },
{ "type": "Feature", "properties": { "内容": "吉良内科循環器クリニック【2:診療所】【診療科目:内科_代謝内科_循環器内科】大分県大分市角子原８７０", "url": "https://www.iryou.teikyouseido.mhlw.go.jp/znk-web/juminkanja/S2430/initialize?prefCd=44&kikanCd=2018300000&kikanKbn=2", "url2": "http://www.kira-naika.com" }, "geometry": { "type": "Point", "coordinates": [ 131.711987, 33.24548 ] } },
{ "type": "Feature", "properties": { "内容": "医療法人　ハートドアクリニック【2:診療所】【診療科目:精神科_心療内科_老年精神科_老年心療内科】大分県大分市大字神崎字見内４０４番２１", "url": "https://www.iryou.teikyouseido.mhlw.go.jp/znk-web/juminkanja/S2430/initialize?prefCd=44&kikanCd=2018700000&kikanKbn=2", "url2": "http://www.heartdoorclinic.com/" }, "geometry": { "type": "Point", "coordinates": [ 131.569518, 33.244597 ] } },
{ "type": "Feature", "properties": { "内容": "かきさこ小児科【2:診療所】【診療科目:内科_小児科】大分県大分市要町９－１５", "url": "https://www.iryou.teikyouseido.mhlw.go.jp/znk-web/juminkanja/S2430/initialize?prefCd=44&kikanCd=2019000000&kikanKbn=2", "url2": null }, "geometry": { "type": "Point", "coordinates": [ 131.610025, 33.229912 ] } },
{ "type": "Feature", "properties": { "内容": "なごみ診療所【2:診療所】【診療科目:内科_呼吸器内科】大分県別府市山の手町９番３９号", "url": "https://www.iryou.teikyouseido.mhlw.go.jp/znk-web/juminkanja/S2430/initialize?prefCd=44&kikanCd=2019300000&kikanKbn=2", "url2": "http://www.h-shinwakai.com" }, "geometry": { "type": "Point", "coordinates": [ 131.486161, 33.281235 ] } },
{ "type": "Feature", "properties": { "内容": "かんたん在宅クリニック【2:診療所】【診療科目:内科_精神科】大分県大分市尼が瀬３丁目９９番１", "url": "https://www.iryou.teikyouseido.mhlw.go.jp/znk-web/juminkanja/S2430/initialize?prefCd=44&kikanCd=2019500000&kikanKbn=2", "url2": null }, "geometry": { "type": "Point", "coordinates": [ 131.582038, 33.208259 ] } },
{ "type": "Feature", "properties": { "内容": "森山消化器内科クリニック【2:診療所】【診療科目:内科_消化器内科_外科_肛門外科】大分県大分市宮崎９３３番２", "url": "https://www.iryou.teikyouseido.mhlw.go.jp/znk-web/juminkanja/S2430/initialize?prefCd=44&kikanCd=2020300000&kikanKbn=2", "url2": "http://www.moriyama-clinic.jp" }, "geometry": { "type": "Point", "coordinates": [ 131.606169, 33.198293 ] } },
{ "type": "Feature", "properties": { "内容": "医療法人春風　うちのう整形外科【2:診療所】【診療科目:内科_整形外科_リハビリテーション科_麻酔科】大分県大分市王子南町９－１９", "url": "https://www.iryou.teikyouseido.mhlw.go.jp/znk-web/juminkanja/S2430/initialize?prefCd=44&kikanCd=2020400000&kikanKbn=2", "url2": null }, "geometry": { "type": "Point", "coordinates": [ 131.591449, 33.239064 ] } },
{ "type": "Feature", "properties": { "内容": "かめがわ皮膚科【2:診療所】【診療科目:皮膚科】大分県別府市亀川四の湯町五番一七号", "url": "https://www.iryou.teikyouseido.mhlw.go.jp/znk-web/juminkanja/S2430/initialize?prefCd=44&kikanCd=2020600000&kikanKbn=2", "url2": null }, "geometry": { "type": "Point", "coordinates": [ 131.4923195, 33.320284 ] } },
{ "type": "Feature", "properties": { "内容": "アドテック株式会社内診療所【2:診療所】【診療科目:内科】大分県宇佐市上田１７７０－１", "url": "https://www.iryou.teikyouseido.mhlw.go.jp/znk-web/juminkanja/S2430/initialize?prefCd=44&kikanCd=2021600000&kikanKbn=2", "url2": null }, "geometry": { "type": "Point", "coordinates": [ 131.3558646, 33.532653 ] } },
{ "type": "Feature", "properties": { "内容": "吉田耳鼻咽喉科【2:診療所】【診療科目:耳鼻いんこう科】大分県宇佐市大字上田字寺ノ前１７０番地の１２", "url": "https://www.iryou.teikyouseido.mhlw.go.jp/znk-web/juminkanja/S2430/initialize?prefCd=44&kikanCd=2021700000&kikanKbn=2", "url2": null }, "geometry": { "type": "Point", "coordinates": [ 131.344836, 33.531343 ] } },
{ "type": "Feature", "properties": { "内容": "ＡＮＳ皮膚科クリニック【2:診療所】【診療科目:皮膚科_美容皮膚科_アレルギー科】大分県中津市大字金手１０番地１３", "url": "https://www.iryou.teikyouseido.mhlw.go.jp/znk-web/juminkanja/S2430/initialize?prefCd=44&kikanCd=2021800000&kikanKbn=2", "url2": "http://www.ans-clinic.jp" }, "geometry": { "type": "Point", "coordinates": [ 131.204334, 33.583937 ] } },
{ "type": "Feature", "properties": { "内容": "くまもとココロクリニック【2:診療所】【診療科目:精神科_心療内科_老年精神科】大分県杵築市杵築６６５番地４３２", "url": "https://www.iryou.teikyouseido.mhlw.go.jp/znk-web/juminkanja/S2430/initialize?prefCd=44&kikanCd=2022900000&kikanKbn=2", "url2": "http://kucocoro.jp/" }, "geometry": { "type": "Point", "coordinates": [ 131.626169, 33.4182 ] } },
{ "type": "Feature", "properties": { "内容": "みずのえ呼吸器内科クリニック【2:診療所】【診療科目:内科_呼吸器内科_アレルギー科】大分県豊後高田市界", "url": "https://www.iryou.teikyouseido.mhlw.go.jp/znk-web/juminkanja/S2430/initialize?prefCd=44&kikanCd=2023100000&kikanKbn=2", "url2": "http://mizunoe-clinic.jp/" }, "geometry": { "type": "Point", "coordinates": [ 131.42815, 33.548263 ] } },
{ "type": "Feature", "properties": { "内容": "在宅支援クリニック　すばる【2:診療所】【診療科目:内科】大分県大分市小池原１０２１番地", "url": "https://www.iryou.teikyouseido.mhlw.go.jp/znk-web/juminkanja/S2430/initialize?prefCd=44&kikanCd=2023600000&kikanKbn=2", "url2": "https://keiwakai.oita.jp/" }, "geometry": { "type": "Point", "coordinates": [ 131.661808, 33.235497 ] } },
{ "type": "Feature", "properties": { "内容": "おおば脳神経外科・頭痛クリニック【2:診療所】【診療科目:脳神経外科】大分県大分市要町", "url": "https://www.iryou.teikyouseido.mhlw.go.jp/znk-web/juminkanja/S2430/initialize?prefCd=44&kikanCd=2023700000&kikanKbn=2", "url2": "https://oobanougeka.com/" }, "geometry": { "type": "Point", "coordinates": [ 131.610067, 33.230248 ] } },
{ "type": "Feature", "properties": { "内容": "釘宮整形外科リハビリクリニック【2:診療所】【診療科目:整形外科_リハビリテーション科】大分県別府市鶴見９−４", "url": "https://www.iryou.teikyouseido.mhlw.go.jp/znk-web/juminkanja/S2430/initialize?prefCd=44&kikanCd=2024100000&kikanKbn=2", "url2": null }, "geometry": { "type": "Point", "coordinates": [ 131.4819218, 33.2991389 ] } },
{ "type": "Feature", "properties": { "内容": "深堀内科医院【2:診療所】【診療科目:内科】大分県竹田市大字菅生１１５７番地２", "url": "https://www.iryou.teikyouseido.mhlw.go.jp/znk-web/juminkanja/S2430/initialize?prefCd=44&kikanCd=2024500000&kikanKbn=2", "url2": null }, "geometry": { "type": "Point", "coordinates": [ 131.281588, 32.9576164 ] } },
{ "type": "Feature", "properties": { "内容": "平井眼科【2:診療所】【診療科目:眼科】大分県大分市要町１番１４号　アミュプラザおおいた４Ｆ", "url": "https://www.iryou.teikyouseido.mhlw.go.jp/znk-web/juminkanja/S2430/initialize?prefCd=44&kikanCd=2024600000&kikanKbn=2", "url2": "http://oitahiraiganka.jp/" }, "geometry": { "type": "Point", "coordinates": [ 131.6061, 33.233253 ] } },
{ "type": "Feature", "properties": { "内容": "あけの胃腸内科乳腺クリニック【2:診療所】【診療科目:内科_循環器内科_消化器内科_胃腸内科_老年内科_内視鏡内科_外科_呼吸器外科_乳腺外科_肛門外科_内視鏡外科_放射線科_麻酔科】大分県大分市大字小池原１５３４番地の１", "url": "https://www.iryou.teikyouseido.mhlw.go.jp/znk-web/juminkanja/S2430/initialize?prefCd=44&kikanCd=2024700000&kikanKbn=2", "url2": "http://www.akeno-clinic.jp/" }, "geometry": { "type": "Point", "coordinates": [ 131.661015, 33.232902 ] } },
{ "type": "Feature", "properties": { "内容": "こころの郷クリニック【2:診療所】【診療科目:内科_精神科】大分県竹田市飛田川１６１８番地２３", "url": "https://www.iryou.teikyouseido.mhlw.go.jp/znk-web/juminkanja/S2430/initialize?prefCd=44&kikanCd=2024800000&kikanKbn=2", "url2": null }, "geometry": { "type": "Point", "coordinates": [ 131.384926, 32.965029 ] } },
{ "type": "Feature", "properties": { "内容": "若林脳神経外科クリニック【2:診療所】【診療科目:神経内科_脳神経外科】大分県大分市坂ノ市中央３丁目１３番２９号", "url": "https://www.iryou.teikyouseido.mhlw.go.jp/znk-web/juminkanja/S2430/initialize?prefCd=44&kikanCd=2025100000&kikanKbn=2", "url2": "http://wakabayashi-nclinic.net/" }, "geometry": { "type": "Point", "coordinates": [ 131.748079, 33.231051 ] } },
{ "type": "Feature", "properties": { "内容": "あべたかこ内科循環器クリニック【2:診療所】【診療科目:内科_循環器内科】大分県大分市生石１４５－５４", "url": "https://www.iryou.teikyouseido.mhlw.go.jp/znk-web/juminkanja/S2430/initialize?prefCd=44&kikanCd=2025300000&kikanKbn=2", "url2": "abet-cl.sakura.ne.jp" }, "geometry": { "type": "Point", "coordinates": [ 131.578192, 33.245577 ] } },
{ "type": "Feature", "properties": { "内容": "久保おなか・おしりクリニック【2:診療所】【診療科目:内科_消化器内科_胃腸内科_外科_消化器外科_肛門外科_大腸・肛門外科】大分県別府市石垣東３丁目５番１５号", "url": "https://www.iryou.teikyouseido.mhlw.go.jp/znk-web/juminkanja/S2430/initialize?prefCd=44&kikanCd=2025500000&kikanKbn=2", "url2": "https://www.kubo-onaka-oshiri.com/" }, "geometry": { "type": "Point", "coordinates": [ 131.496055, 33.293069 ] } },
{ "type": "Feature", "properties": { "内容": "福田内科クリニック【2:診療所】【診療科目:内科_循環器内科_リハビリテーション科】大分県日田市大字高瀬１２２８番地１", "url": "https://www.iryou.teikyouseido.mhlw.go.jp/znk-web/juminkanja/S2430/initialize?prefCd=44&kikanCd=2025600000&kikanKbn=2", "url2": null }, "geometry": { "type": "Point", "coordinates": [ 130.922293, 33.290721 ] } },
{ "type": "Feature", "properties": { "内容": "衛藤小児科医院【2:診療所】【診療科目:小児科_小児循環器内科】大分県別府市荘園", "url": "https://www.iryou.teikyouseido.mhlw.go.jp/znk-web/juminkanja/S2430/initialize?prefCd=44&kikanCd=2025900000&kikanKbn=2", "url2": "https://eto-kodomo.jimdofree.com" }, "geometry": { "type": "Point", "coordinates": [ 131.485941, 33.291 ] } },
{ "type": "Feature", "properties": { "内容": "須小耳鼻咽喉科【2:診療所】【診療科目:耳鼻いんこう科_頭頸部・耳鼻いんこう科】大分県竹田市竹田町５１８－４", "url": "https://www.iryou.teikyouseido.mhlw.go.jp/znk-web/juminkanja/S2430/initialize?prefCd=44&kikanCd=2026200000&kikanKbn=2", "url2": null }, "geometry": { "type": "Point", "coordinates": [ 131.392525, 32.968301 ] } },
{ "type": "Feature", "properties": { "内容": "いいそらヒフ科クリニック【2:診療所】【診療科目:皮膚科】大分県大分市東大道１－８－１５　カサベルデ駅南２階", "url": "https://www.iryou.teikyouseido.mhlw.go.jp/znk-web/juminkanja/S2430/initialize?prefCd=44&kikanCd=2026700000&kikanKbn=2", "url2": "http://iisora-hifuka.jp/" }, "geometry": { "type": "Point", "coordinates": [ 131.603186, 33.231577 ] } },
{ "type": "Feature", "properties": { "内容": "きたじま内科・胃腸内科【2:診療所】【診療科目:内科_消化器内科_胃腸内科】大分県大分市六坊北町４４７１－４", "url": "https://www.iryou.teikyouseido.mhlw.go.jp/znk-web/juminkanja/S2430/initialize?prefCd=44&kikanCd=2026800000&kikanKbn=2", "url2": "http://www.kitajima-giclinic.jp/" }, "geometry": { "type": "Point", "coordinates": [ 131.617055, 33.227781 ] } },
{ "type": "Feature", "properties": { "内容": "やまだこどもクリニック【2:診療所】【診療科目:小児科】大分県大分市六坊北町", "url": "https://www.iryou.teikyouseido.mhlw.go.jp/znk-web/juminkanja/S2430/initialize?prefCd=44&kikanCd=2026900000&kikanKbn=2", "url2": "http://www.yamada-kodomo.jp/" }, "geometry": { "type": "Point", "coordinates": [ 131.617055, 33.227781 ] } },
{ "type": "Feature", "properties": { "内容": "別府トキハクリニック【2:診療所】【診療科目:内科_循環器内科_外科_心臓血管外科】大分県別府市北浜２丁目９番１号", "url": "https://www.iryou.teikyouseido.mhlw.go.jp/znk-web/juminkanja/S2430/initialize?prefCd=44&kikanCd=2027300000&kikanKbn=2", "url2": null }, "geometry": { "type": "Point", "coordinates": [ 131.504974, 33.279619 ] } },
{ "type": "Feature", "properties": { "内容": "かわのこどもクリニック【2:診療所】【診療科目:小児科】大分県大分市田中町二丁目６番６号", "url": "https://www.iryou.teikyouseido.mhlw.go.jp/znk-web/juminkanja/S2430/initialize?prefCd=44&kikanCd=2027400000&kikanKbn=2", "url2": "https://kawano-kodomo.jp/" }, "geometry": { "type": "Point", "coordinates": [ 131.591618, 33.210256 ] } },
{ "type": "Feature", "properties": { "内容": "舞鶴内科クリニック【2:診療所】【診療科目:内科_呼吸器内科_循環器内科_消化器内科】大分県大分市西浜３－８", "url": "https://www.iryou.teikyouseido.mhlw.go.jp/znk-web/juminkanja/S2430/initialize?prefCd=44&kikanCd=2027600000&kikanKbn=2", "url2": null }, "geometry": { "type": "Point", "coordinates": [ 131.625462, 33.247424 ] } },
{ "type": "Feature", "properties": { "内容": "特別養護老人ホームかえで診療所【2:診療所】【診療科目:内科】大分県中津市本耶馬渓町跡田", "url": "https://www.iryou.teikyouseido.mhlw.go.jp/znk-web/juminkanja/S2430/initialize?prefCd=44&kikanCd=2028500000&kikanKbn=2", "url2": null }, "geometry": { "type": "Point", "coordinates": [ 131.176409, 33.482517 ] } },
{ "type": "Feature", "properties": { "内容": "医療法人　かみだ脳神経クリニック【2:診療所】【診療科目:神経内科_脳神経外科_リハビリテーション科】大分県大分市大字鴛野１０２８番地１", "url": "https://www.iryou.teikyouseido.mhlw.go.jp/znk-web/juminkanja/S2430/initialize?prefCd=44&kikanCd=2028700000&kikanKbn=2", "url2": "http://tkamida.com" }, "geometry": { "type": "Point", "coordinates": [ 131.615453, 33.186841 ] } },
{ "type": "Feature", "properties": { "内容": "石田消化器ＩＢＤクリニック【2:診療所】【診療科目:内科_消化器内科】大分県大分市東大道１－３－１アクロスプラザ大分駅南２Ｆ", "url": "https://www.iryou.teikyouseido.mhlw.go.jp/znk-web/juminkanja/S2430/initialize?prefCd=44&kikanCd=2028900000&kikanKbn=2", "url2": "https://ishidaibd.com/" }, "geometry": { "type": "Point", "coordinates": [ 131.604284, 33.232864 ] } },
{ "type": "Feature", "properties": { "内容": "いちみや皮フ科クリニック【2:診療所】【診療科目:皮膚科_美容皮膚科】大分県大分市六坊北町５－４２", "url": "https://www.iryou.teikyouseido.mhlw.go.jp/znk-web/juminkanja/S2430/initialize?prefCd=44&kikanCd=2029000000&kikanKbn=2", "url2": null }, "geometry": { "type": "Point", "coordinates": [ 131.6180807, 33.2289079 ] } },
{ "type": "Feature", "properties": { "内容": "医療法人ゆずの木会ゆずの木クリニック【2:診療所】【診療科目:内科】大分県由布市湯布院町川上２７１３－２", "url": "https://www.iryou.teikyouseido.mhlw.go.jp/znk-web/juminkanja/S2430/initialize?prefCd=44&kikanCd=2029800000&kikanKbn=2", "url2": "https://yuzunoki-clinic.com/" }, "geometry": { "type": "Point", "coordinates": [ 131.367431, 33.265846 ] } },
{ "type": "Feature", "properties": { "内容": "あだち眼科【2:診療所】【診療科目:眼科】大分県中津市中殿町", "url": "https://www.iryou.teikyouseido.mhlw.go.jp/znk-web/juminkanja/S2430/initialize?prefCd=44&kikanCd=2030100000&kikanKbn=2", "url2": "https://www.adachiganka.info" }, "geometry": { "type": "Point", "coordinates": [ 131.1948325, 33.5955191 ] } },
{ "type": "Feature", "properties": { "内容": "かみぞのキッズクリニック【2:診療所】【診療科目:小児科】大分県大分市大道町四丁目五の二十七　第五ブンゴヤビル２階", "url": "https://www.iryou.teikyouseido.mhlw.go.jp/znk-web/juminkanja/S2430/initialize?prefCd=44&kikanCd=2030200000&kikanKbn=2", "url2": "http://kamizono-kids.com/" }, "geometry": { "type": "Point", "coordinates": [ 131.597633, 33.229552 ] } },
{ "type": "Feature", "properties": { "内容": "たばるクリニック【2:診療所】【診療科目:内科_外科_消化器外科_整形外科_リハビリテーション科】大分県大分市田原９３６番地１の１", "url": "https://www.iryou.teikyouseido.mhlw.go.jp/znk-web/juminkanja/S2430/initialize?prefCd=44&kikanCd=2030300000&kikanKbn=2", "url2": "http://san-ai-group.org/relevant/tabaru" }, "geometry": { "type": "Point", "coordinates": [ 131.55879, 33.184505 ] } },
{ "type": "Feature", "properties": { "内容": "うちのうリハビリテーションクリニック【2:診療所】【診療科目:内科_整形外科_リハビリテーション科】大分県大分市錦町２丁目１３－１４", "url": "https://www.iryou.teikyouseido.mhlw.go.jp/znk-web/juminkanja/S2430/initialize?prefCd=44&kikanCd=2030500000&kikanKbn=2", "url2": null }, "geometry": { "type": "Point", "coordinates": [ 131.6196445, 33.2322733 ] } },
{ "type": "Feature", "properties": { "内容": "さゆりレディースクリニック【2:診療所】【診療科目:内科_産婦人科】大分県大分市明野北４丁目１番１号山本ビル３Ｆ", "url": "https://www.iryou.teikyouseido.mhlw.go.jp/znk-web/juminkanja/S2430/initialize?prefCd=44&kikanCd=2031200000&kikanKbn=2", "url2": "http://sayuriclinic.jp" }, "geometry": { "type": "Point", "coordinates": [ 131.656455, 33.225792 ] } },
{ "type": "Feature", "properties": { "内容": "クリニック佐伯の太陽【2:診療所】【診療科目:内科_外科_整形外科】大分県佐伯市駅前１丁目１番１１号", "url": "https://www.iryou.teikyouseido.mhlw.go.jp/znk-web/juminkanja/S2430/initialize?prefCd=44&kikanCd=2031300000&kikanKbn=2", "url2": null }, "geometry": { "type": "Point", "coordinates": [ 131.904435, 32.970069 ] } },
{ "type": "Feature", "properties": { "内容": "わさだハートクリニック【2:診療所】【診療科目:内科_糖尿病内科_循環器内科】大分県大分市上宗方南", "url": "https://www.iryou.teikyouseido.mhlw.go.jp/znk-web/juminkanja/S2430/initialize?prefCd=44&kikanCd=2031700000&kikanKbn=2", "url2": "http://www.wasada-heart.com" }, "geometry": { "type": "Point", "coordinates": [ 132.17168, 33.01532 ] } },
{ "type": "Feature", "properties": { "内容": "彦陽クリニック【2:診療所】【診療科目:内科_外科_整形外科】大分県佐伯市戸穴３６２番地１", "url": "https://www.iryou.teikyouseido.mhlw.go.jp/znk-web/juminkanja/S2430/initialize?prefCd=44&kikanCd=2031900000&kikanKbn=2", "url2": null }, "geometry": { "type": "Point", "coordinates": [ 131.889764, 33.00036 ] } },
{ "type": "Feature", "properties": { "内容": "ながまつ内科・小児科クリニック【2:診療所】【診療科目:内科_消化器内科_老年内科_内視鏡内科_小児科】大分県豊後高田市玉津１１０番地１", "url": "https://www.iryou.teikyouseido.mhlw.go.jp/znk-web/juminkanja/S2430/initialize?prefCd=44&kikanCd=2032700000&kikanKbn=2", "url2": "http://nagamatsu-clinic.jp" }, "geometry": { "type": "Point", "coordinates": [ 131.443671, 33.561662 ] } },
{ "type": "Feature", "properties": { "内容": "いしい産婦人科醫院【2:診療所】【診療科目:産婦人科】大分県大分市下郡北３－４３４－２", "url": "https://www.iryou.teikyouseido.mhlw.go.jp/znk-web/juminkanja/S2430/initialize?prefCd=44&kikanCd=2033500000&kikanKbn=2", "url2": "https://www.ishii-mfm.jp/" }, "geometry": { "type": "Point", "coordinates": [ 131.634848, 33.231257 ] } },
{ "type": "Feature", "properties": { "内容": "社会医療法人関愛会　よつばファミリークリニック【2:診療所】【診療科目:内科_小児科】大分県大分市大字横尾１８５９番地", "url": "https://www.iryou.teikyouseido.mhlw.go.jp/znk-web/juminkanja/S2430/initialize?prefCd=44&kikanCd=2033700000&kikanKbn=2", "url2": "https://www.yotsubafcl.com/" }, "geometry": { "type": "Point", "coordinates": [ 131.663552, 33.205912 ] } },
{ "type": "Feature", "properties": { "内容": "永井循環器内科生活習慣病心臓クリニック【2:診療所】【診療科目:内科_代謝内科_呼吸器内科_循環器内科】大分県大分市大字羽田２１７番地", "url": "https://www.iryou.teikyouseido.mhlw.go.jp/znk-web/juminkanja/S2430/initialize?prefCd=44&kikanCd=2034100000&kikanKbn=2", "url2": "http://www.nagaic.jp/" }, "geometry": { "type": "Point", "coordinates": [ 131.635509, 33.219935 ] } },
{ "type": "Feature", "properties": { "内容": "生活習慣病・脳内科あべクリニック【2:診療所】【診療科目:内科_神経内科_皮膚科_アレルギー科】大分県大分市森４０２－５", "url": "https://www.iryou.teikyouseido.mhlw.go.jp/znk-web/juminkanja/S2430/initialize?prefCd=44&kikanCd=2034300000&kikanKbn=2", "url2": "https://brain-abe-clinic.org" }, "geometry": { "type": "Point", "coordinates": [ 131.680919, 33.217296 ] } },
{ "type": "Feature", "properties": { "内容": "大分駅南クリニック【2:診療所】【診療科目:神経内科_精神科_心療内科】大分県大分市東大道２丁目３番４５号", "url": "https://www.iryou.teikyouseido.mhlw.go.jp/znk-web/juminkanja/S2430/initialize?prefCd=44&kikanCd=2034500000&kikanKbn=2", "url2": "http://oitaekinanclinic.com/" }, "geometry": { "type": "Point", "coordinates": [ 131.601979, 33.230283 ] } },
{ "type": "Feature", "properties": { "内容": "みやざき内科リウマチクリニック【2:診療所】【診療科目:内科_感染症内科_内分泌内科_呼吸器内科_循環器内科_消化器内科_膠原病内科_リウマチ科】大分県大分市牧１丁目３－１５", "url": "https://www.iryou.teikyouseido.mhlw.go.jp/znk-web/juminkanja/S2430/initialize?prefCd=44&kikanCd=2034600000&kikanKbn=2", "url2": "https://miyazaki-naika.net" }, "geometry": { "type": "Point", "coordinates": [ 131.636113, 33.239272 ] } },
{ "type": "Feature", "properties": { "内容": "岡本医院　おかもと糖尿病・内分泌クリニック【2:診療所】【診療科目:内科_糖尿病内科_内分泌内科】大分県豊後大野市犬飼町犬飼１１－１", "url": "https://www.iryou.teikyouseido.mhlw.go.jp/znk-web/juminkanja/S2430/initialize?prefCd=44&kikanCd=2034800000&kikanKbn=2", "url2": "https://okamoto-dm-clinic.com/" }, "geometry": { "type": "Point", "coordinates": [ 131.634535, 33.070991 ] } },
{ "type": "Feature", "properties": { "内容": "しもやま内科・循環器内科クリニック【2:診療所】【診療科目:内科_糖尿病内科_循環器内科_心臓血管内科】大分県別府市南荘園町４９番３２号", "url": "https://www.iryou.teikyouseido.mhlw.go.jp/znk-web/juminkanja/S2430/initialize?prefCd=44&kikanCd=2034900000&kikanKbn=2", "url2": null }, "geometry": { "type": "Point", "coordinates": [ 131.476415, 33.2910228 ] } },
{ "type": "Feature", "properties": { "内容": "大分春日内科循環器・エコークリニック【2:診療所】【診療科目:内科_循環器内科】大分県大分市田室町６－１１", "url": "https://www.iryou.teikyouseido.mhlw.go.jp/znk-web/juminkanja/S2430/initialize?prefCd=44&kikanCd=2035300000&kikanKbn=2", "url2": null }, "geometry": { "type": "Point", "coordinates": [ 131.597784, 33.235809 ] } },
{ "type": "Feature", "properties": { "内容": "甲斐医院【2:診療所】【診療科目:内科】大分県別府市野口元町８番１０号", "url": "https://www.iryou.teikyouseido.mhlw.go.jp/znk-web/juminkanja/S2430/initialize?prefCd=44&kikanCd=2035600000&kikanKbn=2", "url2": "https://www.kaiclinic.co/" }, "geometry": { "type": "Point", "coordinates": [ 131.500556, 33.282314 ] } },
{ "type": "Feature", "properties": { "内容": "おおたにクリニック【2:診療所】【診療科目:内科_腎臓内科_小児科_小児泌尿器科_泌尿器科_男性泌尿器科_神経泌尿器科】大分県中津市沖代町二丁目１１９番２", "url": "https://www.iryou.teikyouseido.mhlw.go.jp/znk-web/juminkanja/S2430/initialize?prefCd=44&kikanCd=2035900000&kikanKbn=2", "url2": "https://otani-cl.jp" }, "geometry": { "type": "Point", "coordinates": [ 131.198052, 33.586306 ] } },
{ "type": "Feature", "properties": { "内容": "すどクリニック【2:診療所】【診療科目:内科_消化器内科_内視鏡内科】大分県佐伯市長島町１丁目４番１６号", "url": "https://www.iryou.teikyouseido.mhlw.go.jp/znk-web/juminkanja/S2430/initialize?prefCd=44&kikanCd=2036400000&kikanKbn=2", "url2": "http://www.saiki-sudoclinic.com" }, "geometry": { "type": "Point", "coordinates": [ 131.906084, 32.964384 ] } },
{ "type": "Feature", "properties": { "内容": "三愛呼吸器クリニック【2:診療所】【診療科目:内科_呼吸器内科_リハビリテーション科】大分県大分市田尻４１９番地の１", "url": "https://www.iryou.teikyouseido.mhlw.go.jp/znk-web/juminkanja/S2430/initialize?prefCd=44&kikanCd=2036500000&kikanKbn=2", "url2": "http://kokyu-oita.com/" }, "geometry": { "type": "Point", "coordinates": [ 131.592591199999987, 33.1874823 ] } },
{ "type": "Feature", "properties": { "内容": "医療法人ＮＯＣ　ななせクリニック【2:診療所】【診療科目:整形外科_リウマチ科_リハビリテーション科】大分県大分市上宗方", "url": "https://www.iryou.teikyouseido.mhlw.go.jp/znk-web/juminkanja/S2430/initialize?prefCd=44&kikanCd=2037500000&kikanKbn=2", "url2": null }, "geometry": { "type": "Point", "coordinates": [ 131.583027, 33.199931 ] } },
{ "type": "Feature", "properties": { "内容": "あきこ皮フ科クリニック【2:診療所】【診療科目:皮膚科_美容皮膚科】大分県大分市東大道１丁目３番１号アクロスプラザ大分駅南２Ｆ", "url": "https://www.iryou.teikyouseido.mhlw.go.jp/znk-web/juminkanja/S2430/initialize?prefCd=44&kikanCd=2037900000&kikanKbn=2", "url2": "https://akikosc.jp" }, "geometry": { "type": "Point", "coordinates": [ 131.604765, 33.232847 ] } },
{ "type": "Feature", "properties": { "内容": "医療法人賢鶯会　西村内科クリニック【2:診療所】【診療科目:内科_呼吸器内科_循環器内科_消化器内科】大分県大分市明野北４丁目１番１号　山本ビル４階", "url": "https://www.iryou.teikyouseido.mhlw.go.jp/znk-web/juminkanja/S2430/initialize?prefCd=44&kikanCd=2038100000&kikanKbn=2", "url2": null }, "geometry": { "type": "Point", "coordinates": [ 131.656466, 33.225947 ] } },
{ "type": "Feature", "properties": { "内容": "いまき眼科【2:診療所】【診療科目:眼科】大分県大分市羽田２２４－１", "url": "https://www.iryou.teikyouseido.mhlw.go.jp/znk-web/juminkanja/S2430/initialize?prefCd=44&kikanCd=2038300000&kikanKbn=2", "url2": "https://www.imakiganka.com" }, "geometry": { "type": "Point", "coordinates": [ 131.635873, 33.219898 ] } },
{ "type": "Feature", "properties": { "内容": "進耳鼻いんこう科クリニック【2:診療所】【診療科目:小児耳鼻いんこう科_耳鼻いんこう科_頭頸部・耳鼻いんこう科】大分県中津市古魚町１６８０", "url": "https://www.iryou.teikyouseido.mhlw.go.jp/znk-web/juminkanja/S2430/initialize?prefCd=44&kikanCd=2038600000&kikanKbn=2", "url2": "https://www.shin-ent.jp" }, "geometry": { "type": "Point", "coordinates": [ 131.188063, 33.60288 ] } },
{ "type": "Feature", "properties": { "内容": "寺尾こころクリニック【2:診療所】【診療科目:精神科_心療内科】大分県日田市元町１９－２４ＡＰＥＸビル６Ｆ", "url": "https://www.iryou.teikyouseido.mhlw.go.jp/znk-web/juminkanja/S2430/initialize?prefCd=44&kikanCd=2038700000&kikanKbn=2", "url2": "https://terao-cocoro.com" }, "geometry": { "type": "Point", "coordinates": [ 130.937869, 33.315933 ] } },
{ "type": "Feature", "properties": { "内容": "あべ胃腸病内視鏡クリニック【2:診療所】【診療科目:内科_消化器内科】大分県大分市片島３９６番地の１", "url": "https://www.iryou.teikyouseido.mhlw.go.jp/znk-web/juminkanja/S2430/initialize?prefCd=44&kikanCd=2039200000&kikanKbn=2", "url2": "http://www.abe-dig-endoscopy-cl.com" }, "geometry": { "type": "Point", "coordinates": [ 131.62514, 33.220581 ] } },
{ "type": "Feature", "properties": { "内容": "医療法人惺光会　冨士本眼科　中津院【2:診療所】【診療科目:眼科】大分県中津市島田本町４８番", "url": "https://www.iryou.teikyouseido.mhlw.go.jp/znk-web/juminkanja/S2430/initialize?prefCd=44&kikanCd=2039300000&kikanKbn=2", "url2": "https://fujimoto-nakatsu-clinic.jp/" }, "geometry": { "type": "Point", "coordinates": [ 131.189953, 33.60045 ] } },
{ "type": "Feature", "properties": { "内容": "在宅支援クリニックえがお【2:診療所】【診療科目:内科_精神科_心療内科】大分県佐伯市池田２２６０ー１", "url": "https://www.iryou.teikyouseido.mhlw.go.jp/znk-web/juminkanja/S2430/initialize?prefCd=44&kikanCd=2039800000&kikanKbn=2", "url2": "http://egaoclinic.jp/" }, "geometry": { "type": "Point", "coordinates": [ 131.896384, 32.945472 ] } },
{ "type": "Feature", "properties": { "内容": "みゆきクリニック【2:診療所】【診療科目:整形外科_リウマチ科_リハビリテーション科】大分県大分市大字城原１７６９番５", "url": "https://www.iryou.teikyouseido.mhlw.go.jp/znk-web/juminkanja/S2430/initialize?prefCd=44&kikanCd=2041400000&kikanKbn=2", "url2": null }, "geometry": { "type": "Point", "coordinates": [ 131.728327900000011, 33.2376902 ] } },
{ "type": "Feature", "properties": { "内容": "高崎皮フ科【2:診療所】【診療科目:形成外科_皮膚科】大分県中津市下池永", "url": "https://www.iryou.teikyouseido.mhlw.go.jp/znk-web/juminkanja/S2430/initialize?prefCd=44&kikanCd=2041500000&kikanKbn=2", "url2": "https://takasaki-skin.com" }, "geometry": { "type": "Point", "coordinates": [ 131.2168223, 33.5883886 ] } },
{ "type": "Feature", "properties": { "内容": "轟木整形外科【2:診療所】【診療科目:整形外科_美容外科_リハビリテーション科】大分県宇佐市南宇佐７６６", "url": "https://www.iryou.teikyouseido.mhlw.go.jp/znk-web/juminkanja/S2430/initialize?prefCd=44&kikanCd=2041700000&kikanKbn=2", "url2": "https://todoroki-seikei.com/" }, "geometry": { "type": "Point", "coordinates": [ 131.384189, 33.528821 ] } },
{ "type": "Feature", "properties": { "内容": "立花漢方内科小児科【2:診療所】【診療科目:内科_漢方内科_小児科】大分県大分市西鶴崎２ー２ー４", "url": "https://www.iryou.teikyouseido.mhlw.go.jp/znk-web/juminkanja/S2430/initialize?prefCd=44&kikanCd=2043200000&kikanKbn=2", "url2": "https://tatibanakanpounaika.com/" }, "geometry": { "type": "Point", "coordinates": [ 131.683522, 33.242282 ] } },
{ "type": "Feature", "properties": { "内容": "別府駅ゆのまち内科・胃と腸クリニック【2:診療所】【診療科目:内科_消化器内科_内視鏡内科】大分県別府市駅前町１２－１３", "url": "https://www.iryou.teikyouseido.mhlw.go.jp/znk-web/juminkanja/S2430/initialize?prefCd=44&kikanCd=2043800000&kikanKbn=2", "url2": "https://yunomachi.clinic" }, "geometry": { "type": "Point", "coordinates": [ 131.500703, 33.280079 ] } },
{ "type": "Feature", "properties": { "内容": "なかがわ柳通りクリニック【2:診療所】【診療科目:内科_小児科_美容皮膚科_精神科_心療内科】大分県大分市高松２ー６ー１０", "url": "https://www.iryou.teikyouseido.mhlw.go.jp/znk-web/juminkanja/S2430/initialize?prefCd=44&kikanCd=2044900000&kikanKbn=2", "url2": "https://oita-nakagawa.jp" }, "geometry": { "type": "Point", "coordinates": [ 131.656323, 33.247378 ] } },
{ "type": "Feature", "properties": { "内容": "ふじみ整形外科クリニック【2:診療所】【診療科目:整形外科_リウマチ科_リハビリテーション科】大分県大分市富士見が丘西１丁目３番２６号", "url": "https://www.iryou.teikyouseido.mhlw.go.jp/znk-web/juminkanja/S2430/initialize?prefCd=44&kikanCd=2045000000&kikanKbn=2", "url2": "https://fujimiseikei.jp/" }, "geometry": { "type": "Point", "coordinates": [ 131.541903, 33.181735 ] } },
{ "type": "Feature", "properties": { "内容": "おかもと整形外科【2:診療所】【診療科目:整形外科】大分県大分市六坊北町６－７３－３", "url": "https://www.iryou.teikyouseido.mhlw.go.jp/znk-web/juminkanja/S2430/initialize?prefCd=44&kikanCd=2045100000&kikanKbn=2", "url2": null }, "geometry": { "type": "Point", "coordinates": [ 131.617605700000013, 33.227973 ] } },
{ "type": "Feature", "properties": { "内容": "府内大橋こどもクリニック【2:診療所】【診療科目:小児科_児童精神科_アレルギー科】大分県大分市畑中２－６－６０", "url": "https://www.iryou.teikyouseido.mhlw.go.jp/znk-web/juminkanja/S2430/initialize?prefCd=44&kikanCd=2045300000&kikanKbn=2", "url2": "https://funai-nanase.jp/" }, "geometry": { "type": "Point", "coordinates": [ 131.600879, 33.202199 ] } },
{ "type": "Feature", "properties": { "内容": "医療法人　新生会　宇佐胃腸内科医院【2:診療所】【診療科目:内科_消化器内科_外科_消化器外科_肛門外科_リハビリテーション科】大分県宇佐市江須賀", "url": "https://www.iryou.teikyouseido.mhlw.go.jp/znk-web/juminkanja/S2430/initialize?prefCd=44&kikanCd=2045900000&kikanKbn=2", "url2": "http://usaicho-hosp.jp" }, "geometry": { "type": "Point", "coordinates": [ 131.356959, 33.557543 ] } },
{ "type": "Feature", "properties": { "内容": "宇佐メディカルクリニック【2:診療所】【診療科目:内科_消化器内科_肝臓内科】大分県宇佐市辛島２９８の２", "url": "https://www.iryou.teikyouseido.mhlw.go.jp/znk-web/juminkanja/S2430/initialize?prefCd=44&kikanCd=2046000000&kikanKbn=2", "url2": "https://usa-medical-clinic.com/" }, "geometry": { "type": "Point", "coordinates": [ 131.337174, 33.531888 ] } },
{ "type": "Feature", "properties": { "内容": "中山レディースクリニック【2:診療所】【診療科目:婦人科】大分県別府市石垣西４丁目１１１０番", "url": "https://www.iryou.teikyouseido.mhlw.go.jp/znk-web/juminkanja/S2430/initialize?prefCd=44&kikanCd=2046500000&kikanKbn=2", "url2": null }, "geometry": { "type": "Point", "coordinates": [ 131.4934668, 33.2947992 ] } },
{ "type": "Feature", "properties": { "内容": "皮フ科　河野クリニック【2:診療所】【診療科目:皮膚科_美容皮膚科】大分県別府市荘園１－１", "url": "https://www.iryou.teikyouseido.mhlw.go.jp/znk-web/juminkanja/S2430/initialize?prefCd=44&kikanCd=2046600000&kikanKbn=2", "url2": null }, "geometry": { "type": "Point", "coordinates": [ 131.48211, 33.292345 ] } },
{ "type": "Feature", "properties": { "内容": "秋本こどもクリニック【2:診療所】【診療科目:小児科_アレルギー科】大分県中津市大貞３７１－５２", "url": "https://www.iryou.teikyouseido.mhlw.go.jp/znk-web/juminkanja/S2430/initialize?prefCd=44&kikanCd=2047900000&kikanKbn=2", "url2": "https://akimoto-child.com/" }, "geometry": { "type": "Point", "coordinates": [ 131.206049, 33.563973 ] } },
{ "type": "Feature", "properties": { "内容": "銀座美容クリニック大分院【2:診療所】【診療科目:内科_形成外科_美容外科_美容皮膚科】大分県大分市金池町２丁目１番１９号大分駅前ビル５Ｆ", "url": "https://www.iryou.teikyouseido.mhlw.go.jp/znk-web/juminkanja/S2430/initialize?prefCd=44&kikanCd=2049400000&kikanKbn=2", "url2": "https://f-clinic-oita.com/" }, "geometry": { "type": "Point", "coordinates": [ 131.607982, 33.234534 ] } },
{ "type": "Feature", "properties": { "内容": "八木整形外科【2:診療所】【診療科目:整形外科_リハビリテーション科】大分県大分市金池町三丁目１番７７号", "url": "https://www.iryou.teikyouseido.mhlw.go.jp/znk-web/juminkanja/S2430/initialize?prefCd=44&kikanCd=2049600000&kikanKbn=2", "url2": null }, "geometry": { "type": "Point", "coordinates": [ 131.612486, 33.232588 ] } },
{ "type": "Feature", "properties": { "内容": "府内ハートフルクリニック【2:診療所】【診療科目:精神科_心療内科】大分県大分市府内町１丁目１ー２０トイビル２階", "url": "https://www.iryou.teikyouseido.mhlw.go.jp/znk-web/juminkanja/S2430/initialize?prefCd=44&kikanCd=2049900000&kikanKbn=2", "url2": "https://heartful.clinic/access/" }, "geometry": { "type": "Point", "coordinates": [ 131.608885, 33.235585 ] } },
{ "type": "Feature", "properties": { "内容": "ほんだ肝臓・胃腸内科クリニック【2:診療所】【診療科目:内科_胃腸内科_肝臓内科_内視鏡内科】大分県大分市森町５０１－１", "url": "https://www.iryou.teikyouseido.mhlw.go.jp/znk-web/juminkanja/S2430/initialize?prefCd=44&kikanCd=2050000000&kikanKbn=2", "url2": null }, "geometry": { "type": "Point", "coordinates": [ 131.681437, 33.226826 ] } },
{ "type": "Feature", "properties": { "内容": "すみれレディースクリニック【2:診療所】【診療科目:内科_婦人科】大分県大分市中央町１－３－１２　大一マートビル２階", "url": "https://www.iryou.teikyouseido.mhlw.go.jp/znk-web/juminkanja/S2430/initialize?prefCd=44&kikanCd=2050700000&kikanKbn=2", "url2": "https://sumire-lc.com/" }, "geometry": { "type": "Point", "coordinates": [ 131.606714, 33.236926 ] } },
{ "type": "Feature", "properties": { "内容": "ヒカリノ診療所【2:診療所】【診療科目:内科】大分県大分市寒田９４４番地３芝崎ビル１階１０１号", "url": "https://www.iryou.teikyouseido.mhlw.go.jp/znk-web/juminkanja/S2430/initialize?prefCd=44&kikanCd=2050800000&kikanKbn=2", "url2": "http://hikarino.clinic" }, "geometry": { "type": "Point", "coordinates": [ 131.605761, 33.187012 ] } },
{ "type": "Feature", "properties": { "内容": "しみず在宅内科クリニック【2:診療所】【診療科目:内科_呼吸器内科】大分県大分市大字猪野８２２－１", "url": "https://www.iryou.teikyouseido.mhlw.go.jp/znk-web/juminkanja/S2430/initialize?prefCd=44&kikanCd=2051300000&kikanKbn=2", "url2": null }, "geometry": { "type": "Point", "coordinates": [ 131.6656542, 33.2297308 ] } },
{ "type": "Feature", "properties": { "内容": "にしお呼吸器内科・アレルギークリニック【2:診療所】【診療科目:内科_呼吸器内科_アレルギー科】大分県大分市大字駄原２８８１－８２", "url": "https://www.iryou.teikyouseido.mhlw.go.jp/znk-web/juminkanja/S2430/initialize?prefCd=44&kikanCd=2051400000&kikanKbn=2", "url2": "https://nishio-rac.com" }, "geometry": { "type": "Point", "coordinates": [ 131.591277, 33.231463 ] } },
{ "type": "Feature", "properties": { "内容": "医療法人　順橙会　山上内科医院【2:診療所】【診療科目:内科_呼吸器内科_循環器内科_消化器内科】大分県中津市大貞", "url": "https://www.iryou.teikyouseido.mhlw.go.jp/znk-web/juminkanja/S2430/initialize?prefCd=44&kikanCd=2051900000&kikanKbn=2", "url2": "https://www.yamagami-naika.com/access" }, "geometry": { "type": "Point", "coordinates": [ 131.215736, 33.569079 ] } },
{ "type": "Feature", "properties": { "内容": "はまさきクリニック【2:診療所】【診療科目:内科_婦人科_リウマチ科】大分県大分市東大道２丁目３番１６号", "url": "https://www.iryou.teikyouseido.mhlw.go.jp/znk-web/juminkanja/S2430/initialize?prefCd=44&kikanCd=2052400000&kikanKbn=2", "url2": "https://hamasakiclinic.com" }, "geometry": { "type": "Point", "coordinates": [ 131.60145, 33.2294 ] } },
{ "type": "Feature", "properties": { "内容": "湘南美容クリニック大分院【2:診療所】【診療科目:美容外科_美容皮膚科】大分県大分市中央町一丁目２番１７号　大分オーパ３階", "url": "https://www.iryou.teikyouseido.mhlw.go.jp/znk-web/juminkanja/S2430/initialize?prefCd=44&kikanCd=2053900000&kikanKbn=2", "url2": "https://www.s-b-c.net/clinic/branch/oita/" }, "geometry": { "type": "Point", "coordinates": [ 131.606869, 33.236164 ] } },
{ "type": "Feature", "properties": { "内容": "せきぐち赤ちゃんこどもクリニック【2:診療所】【診療科目:小児科_新生児内科_アレルギー科】大分県大分市高松１丁目１－２", "url": "https://www.iryou.teikyouseido.mhlw.go.jp/znk-web/juminkanja/S2430/initialize?prefCd=44&kikanCd=2055200000&kikanKbn=2", "url2": null }, "geometry": { "type": "Point", "coordinates": [ 131.6545701, 33.2445732 ] } },
{ "type": "Feature", "properties": { "内容": "医療法人大晴会　べっぷ在宅・訪問クリニック【2:診療所】【診療科目:内科】大分県別府市荘園９組１　セスナビル３階", "url": "https://www.iryou.teikyouseido.mhlw.go.jp/znk-web/juminkanja/S2430/initialize?prefCd=44&kikanCd=2055800000&kikanKbn=2", "url2": "http://www.beppu.dai-seikai.net" }, "geometry": { "type": "Point", "coordinates": [ 131.484479, 33.293193 ] } },
{ "type": "Feature", "properties": { "内容": "ブランクリニック大分院【2:診療所】【診療科目:皮膚科_美容皮膚科】大分県大分市中央町１ー４ー２オフィスニューガイアＴＩＣ大分ビル３階", "url": "https://www.iryou.teikyouseido.mhlw.go.jp/znk-web/juminkanja/S2430/initialize?prefCd=44&kikanCd=2056000000&kikanKbn=2", "url2": "https://bccl.jp/about2/ooita/" }, "geometry": { "type": "Point", "coordinates": [ 131.6070598, 33.2372071 ] } },
{ "type": "Feature", "properties": { "内容": "ごとう内科・脳神経内科【2:診療所】【診療科目:内科_脳神経内科_神経内科_リハビリテーション科】大分県大分市中央町２－５－３セントポルタビル２階", "url": "https://www.iryou.teikyouseido.mhlw.go.jp/znk-web/juminkanja/S2430/initialize?prefCd=44&kikanCd=2056200000&kikanKbn=2", "url2": "https://www.gotoneuroclinic.com/" }, "geometry": { "type": "Point", "coordinates": [ 131.606093, 33.236454 ] } },
{ "type": "Feature", "properties": { "内容": "ＴＣＢ　東京中央美容外科・ＴＣＢ　スキンクリニック　大分院【2:診療所】【診療科目:形成外科_美容外科_皮膚科_美容皮膚科】大分県大分市府内町２丁目１−４トキハ会館２階", "url": "https://www.iryou.teikyouseido.mhlw.go.jp/znk-web/juminkanja/S2430/initialize?prefCd=44&kikanCd=2056800000&kikanKbn=2", "url2": null }, "geometry": { "type": "Point", "coordinates": [ 131.6085665, 33.2367865 ] } },
{ "type": "Feature", "properties": { "内容": "エミナルクリニック大分院【2:診療所】【診療科目:美容皮膚科】大分県大分市中央町１丁目１−２０ニューガイア大分駅前ＢＬＤＧ７階", "url": "https://www.iryou.teikyouseido.mhlw.go.jp/znk-web/juminkanja/S2430/initialize?prefCd=44&kikanCd=2057200000&kikanKbn=2", "url2": null }, "geometry": { "type": "Point", "coordinates": [ 131.6072058, 33.2354477 ] } },
{ "type": "Feature", "properties": { "内容": "おかさんクリニック【2:診療所】【診療科目:ペインクリニック外科_整形外科_麻酔科】大分県大分市南鶴崎二丁目７番３４号", "url": "https://www.iryou.teikyouseido.mhlw.go.jp/znk-web/juminkanja/S2430/initialize?prefCd=44&kikanCd=2057400000&kikanKbn=2", "url2": "https://okasan-clinic.com" }, "geometry": { "type": "Point", "coordinates": [ 131.688889, 33.238889 ] } },
{ "type": "Feature", "properties": { "内容": "ふるさとクリニック【2:診療所】【診療科目:内科_皮膚科_精神科】大分県大分市南春日町２－３０コーポ大塚　Ｉ　４０２号室", "url": "https://www.iryou.teikyouseido.mhlw.go.jp/znk-web/juminkanja/S2430/initialize?prefCd=44&kikanCd=2058200000&kikanKbn=2", "url2": null }, "geometry": { "type": "Point", "coordinates": [ 131.5931785, 33.2379933 ] } },
{ "type": "Feature", "properties": { "内容": "医療法人社団青樹会　大分メンタルクリニック【2:診療所】【診療科目:精神科_心療内科】大分県大分市中央町２丁目７番２２号ピアッツァ・ドゥオーモ２Ｆ（２０２号）", "url": "https://www.iryou.teikyouseido.mhlw.go.jp/znk-web/juminkanja/S2430/initialize?prefCd=44&kikanCd=2058400000&kikanKbn=2", "url2": null }, "geometry": { "type": "Point", "coordinates": [ 131.605664, 33.237827 ] } },
{ "type": "Feature", "properties": { "内容": "ゆうき皮ふ科クリニック【2:診療所】【診療科目:皮膚科】大分県臼杵市大字市浜７４３－９", "url": "https://www.iryou.teikyouseido.mhlw.go.jp/znk-web/juminkanja/S2430/initialize?prefCd=44&kikanCd=2058700000&kikanKbn=2", "url2": "https://yuki-hifu.jp/" }, "geometry": { "type": "Point", "coordinates": [ 131.7952789, 33.1236483 ] } },
{ "type": "Feature", "properties": { "内容": "佐藤とよかわクリニック【2:診療所】【診療科目:内科_小児科_精神科_心療内科】大分県宇佐市中原３４７番地", "url": "https://www.iryou.teikyouseido.mhlw.go.jp/znk-web/juminkanja/S2430/initialize?prefCd=44&kikanCd=2058900000&kikanKbn=2", "url2": null }, "geometry": { "type": "Point", "coordinates": [ 131.336265, 33.516196 ] } },
{ "type": "Feature", "properties": { "内容": "大分東耳鼻咽喉科【2:診療所】【診療科目:耳鼻いんこう科】大分県大分市猪野１０７６", "url": "https://www.iryou.teikyouseido.mhlw.go.jp/znk-web/juminkanja/S2430/initialize?prefCd=44&kikanCd=2059000000&kikanKbn=2", "url2": "https://oita-east-ent.jimdofree.com/" }, "geometry": { "type": "Point", "coordinates": [ 131.6647831, 33.2279576 ] } },
{ "type": "Feature", "properties": { "内容": "おおつか内科クリニック【2:診療所】【診療科目:内科_消化器内科_内視鏡内科】大分県大分市横田７５－１", "url": "https://www.iryou.teikyouseido.mhlw.go.jp/znk-web/juminkanja/S2430/initialize?prefCd=44&kikanCd=2059100000&kikanKbn=2", "url2": null }, "geometry": { "type": "Point", "coordinates": [ 131.716043, 33.244835 ] } },
{ "type": "Feature", "properties": { "内容": "医療法人　豊山会　渓和ファミリークリニック【2:診療所】【診療科目:内科_泌尿器科】大分県玖珠郡九重町町田字瀧ノ尻９１０番地１", "url": "https://www.iryou.teikyouseido.mhlw.go.jp/znk-web/juminkanja/S2430/initialize?prefCd=44&kikanCd=2059200000&kikanKbn=2", "url2": "https://careport-keiwa.jp/kanren" }, "geometry": { "type": "Point", "coordinates": [ 131.181831, 33.230918 ] } },
{ "type": "Feature", "properties": { "内容": "わたなべ整形外科クリニック【2:診療所】【診療科目:整形外科】大分県中津市大字加来字加来原２２８３番地２０１", "url": "https://www.iryou.teikyouseido.mhlw.go.jp/znk-web/juminkanja/S2430/initialize?prefCd=44&kikanCd=2059300000&kikanKbn=2", "url2": "https://www.watanabe-seikei.org/" }, "geometry": { "type": "Point", "coordinates": [ 131.202505, 33.559721 ] } },
{ "type": "Feature", "properties": { "内容": "そまだ胃腸内科クリニック【2:診療所】【診療科目:内科_消化器内科_内視鏡内科】大分県大分市王子中町４－１", "url": "https://www.iryou.teikyouseido.mhlw.go.jp/znk-web/juminkanja/S2430/initialize?prefCd=44&kikanCd=2059700000&kikanKbn=2", "url2": null }, "geometry": { "type": "Point", "coordinates": [ 131.594223199999988, 33.2411995 ] } },
{ "type": "Feature", "properties": { "内容": "桜レディースクリニック大分駅前【2:診療所】【診療科目:産婦人科】大分県大分市中央町２丁目１ー１７ブンゴヤ薬局本社ビル４階", "url": "https://www.iryou.teikyouseido.mhlw.go.jp/znk-web/juminkanja/S2430/initialize?prefCd=44&kikanCd=2060000000&kikanKbn=2", "url2": "https://sakura-oita-lc.com" }, "geometry": { "type": "Point", "coordinates": [ 131.605723, 33.235897 ] } },
{ "type": "Feature", "properties": { "内容": "松亀クリニック【2:診療所】【診療科目:内科_皮膚科_精神科】大分県大分市南春日町２－３０コーポ大塚　Ｉ　４０２号室", "url": "https://www.iryou.teikyouseido.mhlw.go.jp/znk-web/juminkanja/S2430/initialize?prefCd=44&kikanCd=2060100000&kikanKbn=2", "url2": null }, "geometry": { "type": "Point", "coordinates": [ 131.5931785, 33.2379933 ] } }
]
}
