{
"type": "FeatureCollection",
"name": "geo_44_3",
"crs": { "type": "name", "properties": { "name": "urn:ogc:def:crs:OGC:1.3:CRS84" } },
"features": [
{ "type": "Feature", "properties": { "内容": "秋好歯科医院【3:歯科】大分県大分市日岡１－３－２１", "url": "https://www.iryou.teikyouseido.mhlw.go.jp/znk-web/juminkanja/S2430/initialize?prefCd=44&kikanCd=1116700000&kikanKbn=3", "url2": null }, "geometry": { "type": "Point", "coordinates": [ 131.660804, 33.248545 ] } },
{ "type": "Feature", "properties": { "内容": "明野古沢歯科【3:歯科】大分県大分市明野東１－１－１　明野アクロス内", "url": "https://www.iryou.teikyouseido.mhlw.go.jp/znk-web/juminkanja/S2430/initialize?prefCd=44&kikanCd=1116900000&kikanKbn=3", "url2": null }, "geometry": { "type": "Point", "coordinates": [ 131.652464, 33.223494 ] } },
{ "type": "Feature", "properties": { "内容": "麻生歯科【3:歯科】大分県大分市東野台１丁目２番３", "url": "https://www.iryou.teikyouseido.mhlw.go.jp/znk-web/juminkanja/S2430/initialize?prefCd=44&kikanCd=1117000000&kikanKbn=3", "url2": null }, "geometry": { "type": "Point", "coordinates": [ 131.533623, 33.206577 ] } },
{ "type": "Feature", "properties": { "内容": "麻生歯科大分駅南クリニック【3:歯科】大分県大分市金池南１−９−１１", "url": "https://www.iryou.teikyouseido.mhlw.go.jp/znk-web/juminkanja/S2430/initialize?prefCd=44&kikanCd=1117100000&kikanKbn=3", "url2": "https://www.aso-dental.net/" }, "geometry": { "type": "Point", "coordinates": [ 131.60724, 33.23902 ] } },
{ "type": "Feature", "properties": { "内容": "阿部歯科医院【3:歯科】大分県大分市都町１－３－２２　大分都町ビル１階", "url": "https://www.iryou.teikyouseido.mhlw.go.jp/znk-web/juminkanja/S2430/initialize?prefCd=44&kikanCd=1117200000&kikanKbn=3", "url2": null }, "geometry": { "type": "Point", "coordinates": [ 131.606922, 33.241083 ] } },
{ "type": "Feature", "properties": { "内容": "あべ歯科インプラントクリニック【3:歯科】大分県大分市中央町１－３－２４", "url": "https://www.iryou.teikyouseido.mhlw.go.jp/znk-web/juminkanja/S2430/initialize?prefCd=44&kikanCd=1117300000&kikanKbn=3", "url2": "http://www.abedental.com/" }, "geometry": { "type": "Point", "coordinates": [ 131.607022, 33.236586 ] } },
{ "type": "Feature", "properties": { "内容": "あやべ歯科医院【3:歯科】大分県大分市下郡北２－１０－２１", "url": "https://www.iryou.teikyouseido.mhlw.go.jp/znk-web/juminkanja/S2430/initialize?prefCd=44&kikanCd=1117500000&kikanKbn=3", "url2": null }, "geometry": { "type": "Point", "coordinates": [ 131.631598, 33.227051 ] } },
{ "type": "Feature", "properties": { "内容": "アルプス歯科医院【3:歯科】大分県大分市中戸次", "url": "https://www.iryou.teikyouseido.mhlw.go.jp/znk-web/juminkanja/S2430/initialize?prefCd=44&kikanCd=1117700000&kikanKbn=3", "url2": "http://alpsdc.jp/" }, "geometry": { "type": "Point", "coordinates": [ 131.661878, 33.150915 ] } },
{ "type": "Feature", "properties": { "内容": "医療法人秀和会安東歯科医院【3:歯科】大分県大分市明野南１丁目２７番２５号", "url": "https://www.iryou.teikyouseido.mhlw.go.jp/znk-web/juminkanja/S2430/initialize?prefCd=44&kikanCd=1117800000&kikanKbn=3", "url2": null }, "geometry": { "type": "Point", "coordinates": [ 131.649161, 33.221783 ] } },
{ "type": "Feature", "properties": { "内容": "いちぎ歯科【3:歯科】大分県大分市政所字村田２２１９の３", "url": "https://www.iryou.teikyouseido.mhlw.go.jp/znk-web/juminkanja/S2430/initialize?prefCd=44&kikanCd=1118000000&kikanKbn=3", "url2": null }, "geometry": { "type": "Point", "coordinates": [ 131.717089, 33.23653 ] } },
{ "type": "Feature", "properties": { "内容": "いちご歯科クリニック【3:歯科】大分県大分市久原中央", "url": "https://www.iryou.teikyouseido.mhlw.go.jp/znk-web/juminkanja/S2430/initialize?prefCd=44&kikanCd=1118100000&kikanKbn=3", "url2": null }, "geometry": { "type": "Point", "coordinates": [ 131.762374, 33.235545 ] } },
{ "type": "Feature", "properties": { "内容": "伊藤歯科医院【3:歯科】大分県大分市荏隈７５４－３", "url": "https://www.iryou.teikyouseido.mhlw.go.jp/znk-web/juminkanja/S2430/initialize?prefCd=44&kikanCd=1118200000&kikanKbn=3", "url2": null }, "geometry": { "type": "Point", "coordinates": [ 131.579384, 33.21352 ] } },
{ "type": "Feature", "properties": { "内容": "医療法人イワオ歯科医院【3:歯科】大分県大分市志手", "url": "https://www.iryou.teikyouseido.mhlw.go.jp/znk-web/juminkanja/S2430/initialize?prefCd=44&kikanCd=1118600000&kikanKbn=3", "url2": null }, "geometry": { "type": "Point", "coordinates": [ 131.590365, 33.228367 ] } },
{ "type": "Feature", "properties": { "内容": "内尾歯科医院【3:歯科】大分県大分市都町２－６－２５", "url": "https://www.iryou.teikyouseido.mhlw.go.jp/znk-web/juminkanja/S2430/initialize?prefCd=44&kikanCd=1118700000&kikanKbn=3", "url2": null }, "geometry": { "type": "Point", "coordinates": [ 131.60602, 33.241635 ] } },
{ "type": "Feature", "properties": { "内容": "医療法人輝衛会　うちだ歯科【3:歯科】大分県大分市顕徳町２－５－２１ガーデンコート１階", "url": "https://www.iryou.teikyouseido.mhlw.go.jp/znk-web/juminkanja/S2430/initialize?prefCd=44&kikanCd=1118800000&kikanKbn=3", "url2": "http://utidasika.com/" }, "geometry": { "type": "Point", "coordinates": [ 131.615013, 33.229878 ] } },
{ "type": "Feature", "properties": { "内容": "大内歯科医院【3:歯科】大分県大分市山津町２丁目ー３ー２３ハイネス佐藤１Ｆ", "url": "https://www.iryou.teikyouseido.mhlw.go.jp/znk-web/juminkanja/S2430/initialize?prefCd=44&kikanCd=1119400000&kikanKbn=3", "url2": null }, "geometry": { "type": "Point", "coordinates": [ 131.669848, 33.242623 ] } },
{ "type": "Feature", "properties": { "内容": "大在中央歯科【3:歯科】大分県大分市大在中央", "url": "https://www.iryou.teikyouseido.mhlw.go.jp/znk-web/juminkanja/S2430/initialize?prefCd=44&kikanCd=1119500000&kikanKbn=3", "url2": null }, "geometry": { "type": "Point", "coordinates": [ 131.720968, 33.245747 ] } },
{ "type": "Feature", "properties": { "内容": "大谷歯科医院【3:歯科】大分県大分市田中町１８組－１Ｂ", "url": "https://www.iryou.teikyouseido.mhlw.go.jp/znk-web/juminkanja/S2430/initialize?prefCd=44&kikanCd=1119800000&kikanKbn=3", "url2": null }, "geometry": { "type": "Point", "coordinates": [ 131.594568, 33.211893 ] } },
{ "type": "Feature", "properties": { "内容": "四季デンタルクリニック【3:歯科】大分県大分市上宗方南１ー２ー２２", "url": "https://www.iryou.teikyouseido.mhlw.go.jp/znk-web/juminkanja/S2430/initialize?prefCd=44&kikanCd=1120000000&kikanKbn=3", "url2": "http://www.shiki-dental.com" }, "geometry": { "type": "Point", "coordinates": [ 131.578153, 33.196463 ] } },
{ "type": "Feature", "properties": { "内容": "オーラルケア・プラザ　ハート歯科クリニック【3:歯科】大分県大分市大在北１丁目２０２番", "url": "https://www.iryou.teikyouseido.mhlw.go.jp/znk-web/juminkanja/S2430/initialize?prefCd=44&kikanCd=1120300000&kikanKbn=3", "url2": "http://www.heart-dentalc.jp/" }, "geometry": { "type": "Point", "coordinates": [ 131.709547, 33.249416 ] } },
{ "type": "Feature", "properties": { "内容": "小野歯科医院【3:歯科】大分県大分市毛井４５０－１", "url": "https://www.iryou.teikyouseido.mhlw.go.jp/znk-web/juminkanja/S2430/initialize?prefCd=44&kikanCd=1120800000&kikanKbn=3", "url2": null }, "geometry": { "type": "Point", "coordinates": [ 131.671501, 33.190715 ] } },
{ "type": "Feature", "properties": { "内容": "医療法人　小幡歯科【3:歯科】大分県大分市末広町１－５－１５", "url": "https://www.iryou.teikyouseido.mhlw.go.jp/znk-web/juminkanja/S2430/initialize?prefCd=44&kikanCd=1121000000&kikanKbn=3", "url2": "https://obata-d-c.com/" }, "geometry": { "type": "Point", "coordinates": [ 131.6053, 33.235344 ] } },
{ "type": "Feature", "properties": { "内容": "カイ歯科医院【3:歯科】大分県大分市古国府", "url": "https://www.iryou.teikyouseido.mhlw.go.jp/znk-web/juminkanja/S2430/initialize?prefCd=44&kikanCd=1121100000&kikanKbn=3", "url2": null }, "geometry": { "type": "Point", "coordinates": [ 131.610289, 33.217077 ] } },
{ "type": "Feature", "properties": { "内容": "甲斐歯科医院【3:歯科】大分県大分市城崎町１ー５ー６甲斐歯科ビル２階", "url": "https://www.iryou.teikyouseido.mhlw.go.jp/znk-web/juminkanja/S2430/initialize?prefCd=44&kikanCd=1121200000&kikanKbn=3", "url2": "http://kaishika.jp" }, "geometry": { "type": "Point", "coordinates": [ 131.615405, 33.240202 ] } },
{ "type": "Feature", "properties": { "内容": "賀来歯科医院【3:歯科】大分県大分市大字光吉３６７－３　ＨＩＨ２番館１Ｆ", "url": "https://www.iryou.teikyouseido.mhlw.go.jp/znk-web/juminkanja/S2430/initialize?prefCd=44&kikanCd=1121500000&kikanKbn=3", "url2": null }, "geometry": { "type": "Point", "coordinates": [ 131.606281, 33.201053 ] } },
{ "type": "Feature", "properties": { "内容": "かずの歯科小児歯科【3:歯科】大分県大分市高砂町４－１", "url": "https://www.iryou.teikyouseido.mhlw.go.jp/znk-web/juminkanja/S2430/initialize?prefCd=44&kikanCd=1121800000&kikanKbn=3", "url2": "https://kazuno-dental.net/" }, "geometry": { "type": "Point", "coordinates": [ 131.599635, 33.238544 ] } },
{ "type": "Feature", "properties": { "内容": "加藤歯科医院【3:歯科】大分県大分市大字横尾字二目川３９３２", "url": "https://www.iryou.teikyouseido.mhlw.go.jp/znk-web/juminkanja/S2430/initialize?prefCd=44&kikanCd=1121900000&kikanKbn=3", "url2": null }, "geometry": { "type": "Point", "coordinates": [ 131.663418, 33.214168 ] } },
{ "type": "Feature", "properties": { "内容": "加藤歯科医院【3:歯科】大分県大分市坂ノ市南１丁目８－１０", "url": "https://www.iryou.teikyouseido.mhlw.go.jp/znk-web/juminkanja/S2430/initialize?prefCd=44&kikanCd=1122000000&kikanKbn=3", "url2": null }, "geometry": { "type": "Point", "coordinates": [ 131.751442, 33.231825 ] } },
{ "type": "Feature", "properties": { "内容": "辛島コーイチ歯科【3:歯科】大分県大分市府内町２丁目５－８", "url": "https://www.iryou.teikyouseido.mhlw.go.jp/znk-web/juminkanja/S2430/initialize?prefCd=44&kikanCd=1122200000&kikanKbn=3", "url2": "http://koichi-sika.dentalmall.jp" }, "geometry": { "type": "Point", "coordinates": [ 131.6109, 33.236472 ] } },
{ "type": "Feature", "properties": { "内容": "医療法人　川上歯科医院【3:歯科】大分県大分市上田町二丁目１番７号", "url": "https://www.iryou.teikyouseido.mhlw.go.jp/znk-web/juminkanja/S2430/initialize?prefCd=44&kikanCd=1122300000&kikanKbn=3", "url2": "https://kawakami-do.or.jp" }, "geometry": { "type": "Point", "coordinates": [ 131.596487, 33.216001 ] } },
{ "type": "Feature", "properties": { "内容": "川原歯科医院【3:歯科】大分県大分市高松１－３－６", "url": "https://www.iryou.teikyouseido.mhlw.go.jp/znk-web/juminkanja/S2430/initialize?prefCd=44&kikanCd=1122500000&kikanKbn=3", "url2": "http://kawaharadental.com/" }, "geometry": { "type": "Point", "coordinates": [ 131.654438, 33.245222 ] } },
{ "type": "Feature", "properties": { "内容": "カワムラ歯科医院【3:歯科】大分県大分市賀来北３－３－１", "url": "https://www.iryou.teikyouseido.mhlw.go.jp/znk-web/juminkanja/S2430/initialize?prefCd=44&kikanCd=1122600000&kikanKbn=3", "url2": null }, "geometry": { "type": "Point", "coordinates": [ 131.564176, 33.213271 ] } },
{ "type": "Feature", "properties": { "内容": "神崎歯科医院【3:歯科】大分県大分市西春日町１－１６　サンフレンドビル２Ｆ", "url": "https://www.iryou.teikyouseido.mhlw.go.jp/znk-web/juminkanja/S2430/initialize?prefCd=44&kikanCd=1122700000&kikanKbn=3", "url2": null }, "geometry": { "type": "Point", "coordinates": [ 131.596343, 33.240032 ] } },
{ "type": "Feature", "properties": { "内容": "岸本歯科【3:歯科】大分県大分市南津留", "url": "https://www.iryou.teikyouseido.mhlw.go.jp/znk-web/juminkanja/S2430/initialize?prefCd=44&kikanCd=1122800000&kikanKbn=3", "url2": null }, "geometry": { "type": "Point", "coordinates": [ 131.624506, 33.239019 ] } },
{ "type": "Feature", "properties": { "内容": "木津歯科医院【3:歯科】大分県大分市大石町１丁目４－１", "url": "https://www.iryou.teikyouseido.mhlw.go.jp/znk-web/juminkanja/S2430/initialize?prefCd=44&kikanCd=1122900000&kikanKbn=3", "url2": null }, "geometry": { "type": "Point", "coordinates": [ 131.586564, 33.212571 ] } },
{ "type": "Feature", "properties": { "内容": "きふね小児歯科【3:歯科】大分県大分市明野東５－２－１２", "url": "https://www.iryou.teikyouseido.mhlw.go.jp/znk-web/juminkanja/S2430/initialize?prefCd=44&kikanCd=1123100000&kikanKbn=3", "url2": "https://kifunedent.com" }, "geometry": { "type": "Point", "coordinates": [ 131.659089, 33.217491 ] } },
{ "type": "Feature", "properties": { "内容": "杉村歯科医院【3:歯科】大分県大分市二又町３丁目１番６号", "url": "https://www.iryou.teikyouseido.mhlw.go.jp/znk-web/juminkanja/S2430/initialize?prefCd=44&kikanCd=1123200000&kikanKbn=3", "url2": "http://www.kimura-dc-oita.com" }, "geometry": { "type": "Point", "coordinates": [ 131.596103, 33.213222 ] } },
{ "type": "Feature", "properties": { "内容": "木本歯科診療所【3:歯科】大分県大分市大字佐賀関２０１１番地", "url": "https://www.iryou.teikyouseido.mhlw.go.jp/znk-web/juminkanja/S2430/initialize?prefCd=44&kikanCd=1123300000&kikanKbn=3", "url2": null }, "geometry": { "type": "Point", "coordinates": [ 131.87553, 33.248231 ] } },
{ "type": "Feature", "properties": { "内容": "矯正歯科スマイルクリニック【3:歯科】大分県大分市金池町２－１－１９　大分駅前ビル６Ｆ", "url": "https://www.iryou.teikyouseido.mhlw.go.jp/znk-web/juminkanja/S2430/initialize?prefCd=44&kikanCd=1123400000&kikanKbn=3", "url2": "http://www.smileclinic.jp/" }, "geometry": { "type": "Point", "coordinates": [ 131.607969, 33.234711 ] } },
{ "type": "Feature", "properties": { "内容": "くさつ歯科【3:歯科】大分県大分市萩原１の１９の３５松栄ビル２階", "url": "https://www.iryou.teikyouseido.mhlw.go.jp/znk-web/juminkanja/S2430/initialize?prefCd=44&kikanCd=1123700000&kikanKbn=3", "url2": "http://www.kusatsu-shika.com/" }, "geometry": { "type": "Point", "coordinates": [ 131.64004, 33.242268 ] } },
{ "type": "Feature", "properties": { "内容": "医療法人信明会　くどう歯科医院【3:歯科】大分県大分市松岡５１６７－１", "url": "https://www.iryou.teikyouseido.mhlw.go.jp/znk-web/juminkanja/S2430/initialize?prefCd=44&kikanCd=1123800000&kikanKbn=3", "url2": "http://www.kudoshika.com" }, "geometry": { "type": "Point", "coordinates": [ 131.66581, 33.180042 ] } },
{ "type": "Feature", "properties": { "内容": "くまい歯科医院【3:歯科】大分県大分市久原南１丁目１番１１号", "url": "https://www.iryou.teikyouseido.mhlw.go.jp/znk-web/juminkanja/S2430/initialize?prefCd=44&kikanCd=1124100000&kikanKbn=3", "url2": "http://www.citydo.com/sp/097-593-1118" }, "geometry": { "type": "Point", "coordinates": [ 131.756507, 33.234926 ] } },
{ "type": "Feature", "properties": { "内容": "けんせい歯科クリニック【3:歯科】大分県大分市古ケ鶴１－４－２３", "url": "https://www.iryou.teikyouseido.mhlw.go.jp/znk-web/juminkanja/S2430/initialize?prefCd=44&kikanCd=1124200000&kikanKbn=3", "url2": "http://www.oita-min.or.jp/shika/" }, "geometry": { "type": "Point", "coordinates": [ 131.630623, 33.238533 ] } },
{ "type": "Feature", "properties": { "内容": "県庁歯科診療所【3:歯科】大分県大分市大手町３－１－１", "url": "https://www.iryou.teikyouseido.mhlw.go.jp/znk-web/juminkanja/S2430/initialize?prefCd=44&kikanCd=1124300000&kikanKbn=3", "url2": null }, "geometry": { "type": "Point", "coordinates": [ 131.612674, 33.2382 ] } },
{ "type": "Feature", "properties": { "内容": "西郷歯科医院【3:歯科】大分県大分市中戸次４５６０－２", "url": "https://www.iryou.teikyouseido.mhlw.go.jp/znk-web/juminkanja/S2430/initialize?prefCd=44&kikanCd=1125100000&kikanKbn=3", "url2": null }, "geometry": { "type": "Point", "coordinates": [ 131.656648, 33.153287 ] } },
{ "type": "Feature", "properties": { "内容": "佐藤歯科【3:歯科】大分県大分市片島１５－１組", "url": "https://www.iryou.teikyouseido.mhlw.go.jp/znk-web/juminkanja/S2430/initialize?prefCd=44&kikanCd=1125400000&kikanKbn=3", "url2": null }, "geometry": { "type": "Point", "coordinates": [ 131.632151, 33.212303 ] } },
{ "type": "Feature", "properties": { "内容": "さとう歯科医院【3:歯科】大分県大分市牧１－８－２９", "url": "https://www.iryou.teikyouseido.mhlw.go.jp/znk-web/juminkanja/S2430/initialize?prefCd=44&kikanCd=1125600000&kikanKbn=3", "url2": "http://www.turitaro.com/index.html" }, "geometry": { "type": "Point", "coordinates": [ 131.636883, 33.240203 ] } },
{ "type": "Feature", "properties": { "内容": "さとう歯科クリニック【3:歯科】大分県大分市坂ノ市中央４－９－６", "url": "https://www.iryou.teikyouseido.mhlw.go.jp/znk-web/juminkanja/S2430/initialize?prefCd=44&kikanCd=1125700000&kikanKbn=3", "url2": "http://e-satodc.ftw.jp/index.html" }, "geometry": { "type": "Point", "coordinates": [ 131.75324, 33.232899 ] } },
{ "type": "Feature", "properties": { "内容": "サンライト歯科【3:歯科】大分県大分市中津留１－１１－１４", "url": "https://www.iryou.teikyouseido.mhlw.go.jp/znk-web/juminkanja/S2430/initialize?prefCd=44&kikanCd=1125800000&kikanKbn=3", "url2": null }, "geometry": { "type": "Point", "coordinates": [ 131.630884, 33.243658 ] } },
{ "type": "Feature", "properties": { "内容": "歯科首藤医院【3:歯科】大分県大分市大道町１－６－２５", "url": "https://www.iryou.teikyouseido.mhlw.go.jp/znk-web/juminkanja/S2430/initialize?prefCd=44&kikanCd=1125900000&kikanKbn=3", "url2": null }, "geometry": { "type": "Point", "coordinates": [ 131.601952, 33.233187 ] } },
{ "type": "Feature", "properties": { "内容": "歯科菅原健二医院【3:歯科】大分県大分市大字津留字六本松１９０９－１", "url": "https://www.iryou.teikyouseido.mhlw.go.jp/znk-web/juminkanja/S2430/initialize?prefCd=44&kikanCd=1126000000&kikanKbn=3", "url2": null }, "geometry": { "type": "Point", "coordinates": [ 131.628715, 33.232931 ] } },
{ "type": "Feature", "properties": { "内容": "敷戸グリーン歯科【3:歯科】大分県大分市敷戸台２丁目１番１０号", "url": "https://www.iryou.teikyouseido.mhlw.go.jp/znk-web/juminkanja/S2430/initialize?prefCd=44&kikanCd=1126100000&kikanKbn=3", "url2": null }, "geometry": { "type": "Point", "coordinates": [ 131.617372, 33.18823 ] } },
{ "type": "Feature", "properties": { "内容": "敷戸沢宮歯科医院【3:歯科】大分県大分市敷戸西町１－１０", "url": "https://www.iryou.teikyouseido.mhlw.go.jp/znk-web/juminkanja/S2430/initialize?prefCd=44&kikanCd=1126200000&kikanKbn=3", "url2": null }, "geometry": { "type": "Point", "coordinates": [ 131.623147, 33.187924 ] } },
{ "type": "Feature", "properties": { "内容": "重光歯科医院【3:歯科】大分県大分市鴛野１０８９－１", "url": "https://www.iryou.teikyouseido.mhlw.go.jp/znk-web/juminkanja/S2430/initialize?prefCd=44&kikanCd=1126400000&kikanKbn=3", "url2": null }, "geometry": { "type": "Point", "coordinates": [ 131.616011, 33.184291 ] } },
{ "type": "Feature", "properties": { "内容": "柴田歯科医院【3:歯科】大分県大分市大字野津原１７５４－１", "url": "https://www.iryou.teikyouseido.mhlw.go.jp/znk-web/juminkanja/S2430/initialize?prefCd=44&kikanCd=1126600000&kikanKbn=3", "url2": null }, "geometry": { "type": "Point", "coordinates": [ 131.529711, 33.163798 ] } },
{ "type": "Feature", "properties": { "内容": "医療法人純洋会　首藤歯科クリニック【3:歯科】大分県大分市大字津守字伏子８７番地６", "url": "https://www.iryou.teikyouseido.mhlw.go.jp/znk-web/juminkanja/S2430/initialize?prefCd=44&kikanCd=1126800000&kikanKbn=3", "url2": "https://www.shuto-dental.jp" }, "geometry": { "type": "Point", "coordinates": [ 131.615833, 33.210206 ] } },
{ "type": "Feature", "properties": { "内容": "生野歯科医院【3:歯科】大分県大分市南鶴崎", "url": "https://www.iryou.teikyouseido.mhlw.go.jp/znk-web/juminkanja/S2430/initialize?prefCd=44&kikanCd=1126900000&kikanKbn=3", "url2": null }, "geometry": { "type": "Point", "coordinates": [ 131.689888, 33.239705 ] } },
{ "type": "Feature", "properties": { "内容": "スマイルラインデンタルクリニック【3:歯科】大分県大分市横塚２丁目１４番３５号", "url": "https://www.iryou.teikyouseido.mhlw.go.jp/znk-web/juminkanja/S2430/initialize?prefCd=44&kikanCd=1127700000&kikanKbn=3", "url2": "http://smile-line.jp" }, "geometry": { "type": "Point", "coordinates": [ 131.742644, 33.240406 ] } },
{ "type": "Feature", "properties": { "内容": "せぐち歯科医院【3:歯科】大分県大分市南春日町９－８", "url": "https://www.iryou.teikyouseido.mhlw.go.jp/znk-web/juminkanja/S2430/initialize?prefCd=44&kikanCd=1127800000&kikanKbn=3", "url2": null }, "geometry": { "type": "Point", "coordinates": [ 131.596036, 33.234256 ] } },
{ "type": "Feature", "properties": { "内容": "ソノダ歯科医院【3:歯科】大分県大分市府内町１－２－５　５階", "url": "https://www.iryou.teikyouseido.mhlw.go.jp/znk-web/juminkanja/S2430/initialize?prefCd=44&kikanCd=1128200000&kikanKbn=3", "url2": null }, "geometry": { "type": "Point", "coordinates": [ 131.608444, 33.235883 ] } },
{ "type": "Feature", "properties": { "内容": "そのだ歯科医院【3:歯科】大分県大分市中央町４－２－２９園田ビル３Ｆ", "url": "https://www.iryou.teikyouseido.mhlw.go.jp/znk-web/juminkanja/S2430/initialize?prefCd=44&kikanCd=1128300000&kikanKbn=3", "url2": null }, "geometry": { "type": "Point", "coordinates": [ 131.603301, 33.23813 ] } },
{ "type": "Feature", "properties": { "内容": "高江にこにこ歯科クリニック【3:歯科】大分県大分市高江南", "url": "https://www.iryou.teikyouseido.mhlw.go.jp/znk-web/juminkanja/S2430/initialize?prefCd=44&kikanCd=1128400000&kikanKbn=3", "url2": null }, "geometry": { "type": "Point", "coordinates": [ 131.614473, 33.163843 ] } },
{ "type": "Feature", "properties": { "内容": "多賀歯科医院【3:歯科】大分県大分市大手町１－３－１２", "url": "https://www.iryou.teikyouseido.mhlw.go.jp/znk-web/juminkanja/S2430/initialize?prefCd=44&kikanCd=1128700000&kikanKbn=3", "url2": null }, "geometry": { "type": "Point", "coordinates": [ 131.612697, 33.236189 ] } },
{ "type": "Feature", "properties": { "内容": "高城やまだ歯科【3:歯科】大分県大分市高城南町１１－５", "url": "https://www.iryou.teikyouseido.mhlw.go.jp/znk-web/juminkanja/S2430/initialize?prefCd=44&kikanCd=1128800000&kikanKbn=3", "url2": null }, "geometry": { "type": "Point", "coordinates": [ 131.658163, 33.241801 ] } },
{ "type": "Feature", "properties": { "内容": "田中歯科クリニック【3:歯科】大分県大分市王子西町１１－２２", "url": "https://www.iryou.teikyouseido.mhlw.go.jp/znk-web/juminkanja/S2430/initialize?prefCd=44&kikanCd=1129700000&kikanKbn=3", "url2": null }, "geometry": { "type": "Point", "coordinates": [ 131.58793, 33.242438 ] } },
{ "type": "Feature", "properties": { "内容": "たにがわ歯科【3:歯科】大分県大分市賀来北２－９－３", "url": "https://www.iryou.teikyouseido.mhlw.go.jp/znk-web/juminkanja/S2430/initialize?prefCd=44&kikanCd=1129800000&kikanKbn=3", "url2": null }, "geometry": { "type": "Point", "coordinates": [ 131.569543, 33.21275 ] } },
{ "type": "Feature", "properties": { "内容": "たんぽぽ歯科クリニック【3:歯科】大分県大分市新春日町２－２－１１　トポアコート２Ｆ", "url": "https://www.iryou.teikyouseido.mhlw.go.jp/znk-web/juminkanja/S2430/initialize?prefCd=44&kikanCd=1129900000&kikanKbn=3", "url2": null }, "geometry": { "type": "Point", "coordinates": [ 131.591696, 33.233785 ] } },
{ "type": "Feature", "properties": { "内容": "つるさき歯科医院【3:歯科】大分県大分市中鶴崎１－２－５", "url": "https://www.iryou.teikyouseido.mhlw.go.jp/znk-web/juminkanja/S2430/initialize?prefCd=44&kikanCd=1130200000&kikanKbn=3", "url2": null }, "geometry": { "type": "Point", "coordinates": [ 131.689799, 33.241497 ] } },
{ "type": "Feature", "properties": { "内容": "徳丸歯科医院【3:歯科】大分県大分市寒田池添１０３６－１", "url": "https://www.iryou.teikyouseido.mhlw.go.jp/znk-web/juminkanja/S2430/initialize?prefCd=44&kikanCd=1130500000&kikanKbn=3", "url2": "https://www.tokumaru-shika.com/" }, "geometry": { "type": "Point", "coordinates": [ 131.61252, 33.186464 ] } },
{ "type": "Feature", "properties": { "内容": "中川歯科医院【3:歯科】大分県大分市市池田１０５７", "url": "https://www.iryou.teikyouseido.mhlw.go.jp/znk-web/juminkanja/S2430/initialize?prefCd=44&kikanCd=1130800000&kikanKbn=3", "url2": null }, "geometry": { "type": "Point", "coordinates": [ 131.571171, 33.187434 ] } },
{ "type": "Feature", "properties": { "内容": "なかじま歯科医院【3:歯科】大分県大分市森町花の木通５０１－３", "url": "https://www.iryou.teikyouseido.mhlw.go.jp/znk-web/juminkanja/S2430/initialize?prefCd=44&kikanCd=1131000000&kikanKbn=3", "url2": null }, "geometry": { "type": "Point", "coordinates": [ 131.682129, 33.227057 ] } },
{ "type": "Feature", "properties": { "内容": "中村歯科医院【3:歯科】大分県大分市坂ノ市中央一丁目７番３２号", "url": "https://www.iryou.teikyouseido.mhlw.go.jp/znk-web/juminkanja/S2430/initialize?prefCd=44&kikanCd=1131200000&kikanKbn=3", "url2": null }, "geometry": { "type": "Point", "coordinates": [ 131.75036, 33.23541 ] } },
{ "type": "Feature", "properties": { "内容": "中山歯科医院【3:歯科】大分県大分市中島中央１－２－４４", "url": "https://www.iryou.teikyouseido.mhlw.go.jp/znk-web/juminkanja/S2430/initialize?prefCd=44&kikanCd=1131300000&kikanKbn=3", "url2": "www.nakayama-dc.jp" }, "geometry": { "type": "Point", "coordinates": [ 131.614435, 33.242997 ] } },
{ "type": "Feature", "properties": { "内容": "なりやす歯科医院【3:歯科】大分県大分市市５６１－５", "url": "https://www.iryou.teikyouseido.mhlw.go.jp/znk-web/juminkanja/S2430/initialize?prefCd=44&kikanCd=1131400000&kikanKbn=3", "url2": null }, "geometry": { "type": "Point", "coordinates": [ 131.481105, 33.190126 ] } },
{ "type": "Feature", "properties": { "内容": "ノアデンタルオフィス【3:歯科】大分県大分市城崎町", "url": "https://www.iryou.teikyouseido.mhlw.go.jp/znk-web/juminkanja/S2430/initialize?prefCd=44&kikanCd=1131700000&kikanKbn=3", "url2": "http://www.noahdent.jp" }, "geometry": { "type": "Point", "coordinates": [ 131.614346, 33.242038 ] } },
{ "type": "Feature", "properties": { "内容": "はしもと歯科医院【3:歯科】大分県大分市大字田尻１９６番地の１", "url": "https://www.iryou.teikyouseido.mhlw.go.jp/znk-web/juminkanja/S2430/initialize?prefCd=44&kikanCd=1132200000&kikanKbn=3", "url2": null }, "geometry": { "type": "Point", "coordinates": [ 131.592413, 33.189806 ] } },
{ "type": "Feature", "properties": { "内容": "はしもと歯科医院【3:歯科】大分県大分市坂ノ市西１丁目１番３号", "url": "https://www.iryou.teikyouseido.mhlw.go.jp/znk-web/juminkanja/S2430/initialize?prefCd=44&kikanCd=1132300000&kikanKbn=3", "url2": "http://www3.coara.or.jp/~hdo/index2.html" }, "geometry": { "type": "Point", "coordinates": [ 131.747317, 33.232433 ] } },
{ "type": "Feature", "properties": { "内容": "花みずき歯科クリニック【3:歯科】大分県大分市古国府", "url": "https://www.iryou.teikyouseido.mhlw.go.jp/znk-web/juminkanja/S2430/initialize?prefCd=44&kikanCd=1132500000&kikanKbn=3", "url2": null }, "geometry": { "type": "Point", "coordinates": [ 131.605123, 33.215149 ] } },
{ "type": "Feature", "properties": { "内容": "馬場歯科医院【3:歯科】大分県大分市西鶴崎", "url": "https://www.iryou.teikyouseido.mhlw.go.jp/znk-web/juminkanja/S2430/initialize?prefCd=44&kikanCd=1132600000&kikanKbn=3", "url2": null }, "geometry": { "type": "Point", "coordinates": [ 131.686305, 33.241308 ] } },
{ "type": "Feature", "properties": { "内容": "かず歯科【3:歯科】大分県大分市中央町３－２－１", "url": "https://www.iryou.teikyouseido.mhlw.go.jp/znk-web/juminkanja/S2430/initialize?prefCd=44&kikanCd=1132700000&kikanKbn=3", "url2": "http://www.babadental.com" }, "geometry": { "type": "Point", "coordinates": [ 131.604703, 33.236688 ] } },
{ "type": "Feature", "properties": { "内容": "馬場歯科医院神崎診療所【3:歯科】大分県大分市大字本神崎６１５番地", "url": "https://www.iryou.teikyouseido.mhlw.go.jp/znk-web/juminkanja/S2430/initialize?prefCd=44&kikanCd=1132800000&kikanKbn=3", "url2": null }, "geometry": { "type": "Point", "coordinates": [ 131.798008, 33.238544 ] } },
{ "type": "Feature", "properties": { "内容": "ハルヤマ歯科【3:歯科】大分県大分市木上", "url": "https://www.iryou.teikyouseido.mhlw.go.jp/znk-web/juminkanja/S2430/initialize?prefCd=44&kikanCd=1132900000&kikanKbn=3", "url2": null }, "geometry": { "type": "Point", "coordinates": [ 131.566696, 33.185367 ] } },
{ "type": "Feature", "properties": { "内容": "ハロー歯科医院【3:歯科】大分県大分市上田町３－３－４－１１２", "url": "https://www.iryou.teikyouseido.mhlw.go.jp/znk-web/juminkanja/S2430/initialize?prefCd=44&kikanCd=1133000000&kikanKbn=3", "url2": null }, "geometry": { "type": "Point", "coordinates": [ 131.597371, 33.213874 ] } },
{ "type": "Feature", "properties": { "内容": "判田歯科クリニック【3:歯科】大分県大分市中判田字尾坪１８６０番地", "url": "https://www.iryou.teikyouseido.mhlw.go.jp/znk-web/juminkanja/S2430/initialize?prefCd=44&kikanCd=1133100000&kikanKbn=3", "url2": "https://plus.dentamap.jp/hpplus/plus_edit/hp_build/index.php" }, "geometry": { "type": "Point", "coordinates": [ 131.63471, 33.165788 ] } },
{ "type": "Feature", "properties": { "内容": "医療法人ひまわり歯科【3:歯科】大分県大分市田尻１８８－１", "url": "https://www.iryou.teikyouseido.mhlw.go.jp/znk-web/juminkanja/S2430/initialize?prefCd=44&kikanCd=1133200000&kikanKbn=3", "url2": null }, "geometry": { "type": "Point", "coordinates": [ 131.592899, 33.190745 ] } },
{ "type": "Feature", "properties": { "内容": "平岡歯科【3:歯科】大分県大分市二又町", "url": "https://www.iryou.teikyouseido.mhlw.go.jp/znk-web/juminkanja/S2430/initialize?prefCd=44&kikanCd=1133500000&kikanKbn=3", "url2": "http://hiraoka-shika.cihp2.jp/" }, "geometry": { "type": "Point", "coordinates": [ 131.594298, 33.21574 ] } },
{ "type": "Feature", "properties": { "内容": "平林歯科医院【3:歯科】大分県大分市畑中１丁目４番９号", "url": "https://www.iryou.teikyouseido.mhlw.go.jp/znk-web/juminkanja/S2430/initialize?prefCd=44&kikanCd=1133600000&kikanKbn=3", "url2": "http://www.hirabayashi-d.jp/index.html" }, "geometry": { "type": "Point", "coordinates": [ 131.602368, 33.205757 ] } },
{ "type": "Feature", "properties": { "内容": "福原総合デンタルクリニック【3:歯科】大分県大分市岩田町", "url": "https://www.iryou.teikyouseido.mhlw.go.jp/znk-web/juminkanja/S2430/initialize?prefCd=44&kikanCd=1134100000&kikanKbn=3", "url2": "http://www.fukuhara-dental.jp/" }, "geometry": { "type": "Point", "coordinates": [ 131.629107, 33.239441 ] } },
{ "type": "Feature", "properties": { "内容": "医療法人　　富士見歯科クリニック【3:歯科】大分県大分市横瀬", "url": "https://www.iryou.teikyouseido.mhlw.go.jp/znk-web/juminkanja/S2430/initialize?prefCd=44&kikanCd=1134300000&kikanKbn=3", "url2": null }, "geometry": { "type": "Point", "coordinates": [ 131.552692, 33.18736 ] } },
{ "type": "Feature", "properties": { "内容": "船橋歯科医院【3:歯科】大分県大分市横尾４２６６―３", "url": "https://www.iryou.teikyouseido.mhlw.go.jp/znk-web/juminkanja/S2430/initialize?prefCd=44&kikanCd=1134500000&kikanKbn=3", "url2": null }, "geometry": { "type": "Point", "coordinates": [ 131.658797, 33.212715 ] } },
{ "type": "Feature", "properties": { "内容": "フラワー歯科医院【3:歯科】大分県大分市大字三芳６４８番地１４", "url": "https://www.iryou.teikyouseido.mhlw.go.jp/znk-web/juminkanja/S2430/initialize?prefCd=44&kikanCd=1134600000&kikanKbn=3", "url2": null }, "geometry": { "type": "Point", "coordinates": [ 131.593336, 33.224947 ] } },
{ "type": "Feature", "properties": { "内容": "堀内歯科【3:歯科】大分県大分市高城西町１６－１１", "url": "https://www.iryou.teikyouseido.mhlw.go.jp/znk-web/juminkanja/S2430/initialize?prefCd=44&kikanCd=1134700000&kikanKbn=3", "url2": null }, "geometry": { "type": "Point", "coordinates": [ 131.649763, 33.240095 ] } },
{ "type": "Feature", "properties": { "内容": "ホワイト矯正歯科医院【3:歯科】大分県大分市宮崎字五反田８３５−２", "url": "https://www.iryou.teikyouseido.mhlw.go.jp/znk-web/juminkanja/S2430/initialize?prefCd=44&kikanCd=1134900000&kikanKbn=3", "url2": null }, "geometry": { "type": "Point", "coordinates": [ 131.607896, 33.198549 ] } },
{ "type": "Feature", "properties": { "内容": "ホワイトロードデンタルクリニック【3:歯科】大分県大分市玉沢", "url": "https://www.iryou.teikyouseido.mhlw.go.jp/znk-web/juminkanja/S2430/initialize?prefCd=44&kikanCd=1135000000&kikanKbn=3", "url2": "https://white-road.ci-hp.jp/" }, "geometry": { "type": "Point", "coordinates": [ 131.579992, 33.186339 ] } },
{ "type": "Feature", "properties": { "内容": "まさき歯科医院【3:歯科】大分県大分市下郡中央３－１１－１８", "url": "https://www.iryou.teikyouseido.mhlw.go.jp/znk-web/juminkanja/S2430/initialize?prefCd=44&kikanCd=1135200000&kikanKbn=3", "url2": null }, "geometry": { "type": "Point", "coordinates": [ 131.637842, 33.224605 ] } },
{ "type": "Feature", "properties": { "内容": "まつもと歯科医院【3:歯科】大分県大分市新栄町１２－２０", "url": "https://www.iryou.teikyouseido.mhlw.go.jp/znk-web/juminkanja/S2430/initialize?prefCd=44&kikanCd=1135300000&kikanKbn=3", "url2": "http://web.me.com/gonta13/matsumotodent/home.html" }, "geometry": { "type": "Point", "coordinates": [ 131.649342, 33.244377 ] } },
{ "type": "Feature", "properties": { "内容": "マツモト歯科クリニック【3:歯科】大分県大分市南春日町８－３", "url": "https://www.iryou.teikyouseido.mhlw.go.jp/znk-web/juminkanja/S2430/initialize?prefCd=44&kikanCd=1135400000&kikanKbn=3", "url2": null }, "geometry": { "type": "Point", "coordinates": [ 131.594911, 33.235414 ] } },
{ "type": "Feature", "properties": { "内容": "三浦歯科医院【3:歯科】大分県大分市にじが丘", "url": "https://www.iryou.teikyouseido.mhlw.go.jp/znk-web/juminkanja/S2430/initialize?prefCd=44&kikanCd=1135700000&kikanKbn=3", "url2": null }, "geometry": { "type": "Point", "coordinates": [ 131.579187, 33.228163 ] } },
{ "type": "Feature", "properties": { "内容": "右田歯科医院【3:歯科】大分県大分市大字永興１丁目－１６－１７", "url": "https://www.iryou.teikyouseido.mhlw.go.jp/znk-web/juminkanja/S2430/initialize?prefCd=44&kikanCd=1135900000&kikanKbn=3", "url2": null }, "geometry": { "type": "Point", "coordinates": [ 131.587027, 33.214962 ] } },
{ "type": "Feature", "properties": { "内容": "みつよしデンタルクリニック【3:歯科】大分県大分市光吉新町３－１", "url": "https://www.iryou.teikyouseido.mhlw.go.jp/znk-web/juminkanja/S2430/initialize?prefCd=44&kikanCd=1136000000&kikanKbn=3", "url2": null }, "geometry": { "type": "Point", "coordinates": [ 131.596341, 33.189319 ] } },
{ "type": "Feature", "properties": { "内容": "緑が丘歯科医院【3:歯科】大分県大分市緑が丘４－３－７", "url": "https://www.iryou.teikyouseido.mhlw.go.jp/znk-web/juminkanja/S2430/initialize?prefCd=44&kikanCd=1136100000&kikanKbn=3", "url2": null }, "geometry": { "type": "Point", "coordinates": [ 131.530085, 33.184354 ] } },
{ "type": "Feature", "properties": { "内容": "南大分フレッシュ歯科【3:歯科】大分県大分市田中町２丁目４－３", "url": "https://www.iryou.teikyouseido.mhlw.go.jp/znk-web/juminkanja/S2430/initialize?prefCd=44&kikanCd=1136200000&kikanKbn=3", "url2": "http://www.fresh-dc.com" }, "geometry": { "type": "Point", "coordinates": [ 131.591277, 33.211547 ] } },
{ "type": "Feature", "properties": { "内容": "医療法人むくもと歯科医院【3:歯科】大分県大分市中判田１７３４－８", "url": "https://www.iryou.teikyouseido.mhlw.go.jp/znk-web/juminkanja/S2430/initialize?prefCd=44&kikanCd=1136300000&kikanKbn=3", "url2": null }, "geometry": { "type": "Point", "coordinates": [ 131.639007, 33.164945 ] } },
{ "type": "Feature", "properties": { "内容": "村上歯科医院【3:歯科】大分県大分市森町２４３番地の７", "url": "https://www.iryou.teikyouseido.mhlw.go.jp/znk-web/juminkanja/S2430/initialize?prefCd=44&kikanCd=1136500000&kikanKbn=3", "url2": null }, "geometry": { "type": "Point", "coordinates": [ 131.680847, 33.228673 ] } },
{ "type": "Feature", "properties": { "内容": "毛利歯科医院【3:歯科】大分県大分市府内町１丁目５番４４号", "url": "https://www.iryou.teikyouseido.mhlw.go.jp/znk-web/juminkanja/S2430/initialize?prefCd=44&kikanCd=1136600000&kikanKbn=3", "url2": "https://www.dc-mouri.com/" }, "geometry": { "type": "Point", "coordinates": [ 131.610514, 33.235178 ] } },
{ "type": "Feature", "properties": { "内容": "森いとう歯科医院【3:歯科】大分県大分市森３７７－１", "url": "https://www.iryou.teikyouseido.mhlw.go.jp/znk-web/juminkanja/S2430/initialize?prefCd=44&kikanCd=1136900000&kikanKbn=3", "url2": null }, "geometry": { "type": "Point", "coordinates": [ 131.679823, 33.215266 ] } },
{ "type": "Feature", "properties": { "内容": "森澤歯科医院【3:歯科】大分県大分市中央町３丁目１番２号", "url": "https://www.iryou.teikyouseido.mhlw.go.jp/znk-web/juminkanja/S2430/initialize?prefCd=44&kikanCd=1137000000&kikanKbn=3", "url2": "http://www.morisawa-dental.net/" }, "geometry": { "type": "Point", "coordinates": [ 131.604287, 33.236322 ] } },
{ "type": "Feature", "properties": { "内容": "守谷歯科医院【3:歯科】大分県大分市上田町１丁目１番１６号", "url": "https://www.iryou.teikyouseido.mhlw.go.jp/znk-web/juminkanja/S2430/initialize?prefCd=44&kikanCd=1137200000&kikanKbn=3", "url2": null }, "geometry": { "type": "Point", "coordinates": [ 131.595987, 33.216053 ] } },
{ "type": "Feature", "properties": { "内容": "やなる歯科医院【3:歯科】大分県大分市大字中戸次５９３９", "url": "https://www.iryou.teikyouseido.mhlw.go.jp/znk-web/juminkanja/S2430/initialize?prefCd=44&kikanCd=1137400000&kikanKbn=3", "url2": null }, "geometry": { "type": "Point", "coordinates": [ 131.655587, 33.155807 ] } },
{ "type": "Feature", "properties": { "内容": "山本歯科医院【3:歯科】大分県大分市中島東２－３－３８", "url": "https://www.iryou.teikyouseido.mhlw.go.jp/znk-web/juminkanja/S2430/initialize?prefCd=44&kikanCd=1137500000&kikanKbn=3", "url2": null }, "geometry": { "type": "Point", "coordinates": [ 131.615889, 33.244816 ] } },
{ "type": "Feature", "properties": { "内容": "吉岡歯科【3:歯科】大分県大分市大在中央２－３－１２", "url": "https://www.iryou.teikyouseido.mhlw.go.jp/znk-web/juminkanja/S2430/initialize?prefCd=44&kikanCd=1137700000&kikanKbn=3", "url2": null }, "geometry": { "type": "Point", "coordinates": [ 131.72224, 33.244927 ] } },
{ "type": "Feature", "properties": { "内容": "よしだ歯科医院【3:歯科】大分県大分市皆春２９２－１", "url": "https://www.iryou.teikyouseido.mhlw.go.jp/znk-web/juminkanja/S2430/initialize?prefCd=44&kikanCd=1137800000&kikanKbn=3", "url2": null }, "geometry": { "type": "Point", "coordinates": [ 131.676694, 33.23528 ] } },
{ "type": "Feature", "properties": { "内容": "わかばデンタルクリニック【3:歯科】大分県大分市大在浜１ー７ー３８", "url": "https://www.iryou.teikyouseido.mhlw.go.jp/znk-web/juminkanja/S2430/initialize?prefCd=44&kikanCd=1138200000&kikanKbn=3", "url2": null }, "geometry": { "type": "Point", "coordinates": [ 131.728023, 33.243 ] } },
{ "type": "Feature", "properties": { "内容": "大分きずなハロー歯科診療所【3:歯科】大分県大分市中島中央３丁目２番１９号", "url": "https://www.iryou.teikyouseido.mhlw.go.jp/znk-web/juminkanja/S2430/initialize?prefCd=44&kikanCd=1138400000&kikanKbn=3", "url2": "http://www.kizuna-hello.com" }, "geometry": { "type": "Point", "coordinates": [ 131.614038, 33.245457 ] } },
{ "type": "Feature", "properties": { "内容": "ベル歯科クリニック【3:歯科】大分県大分市金池南２－１７－９", "url": "https://www.iryou.teikyouseido.mhlw.go.jp/znk-web/juminkanja/S2430/initialize?prefCd=44&kikanCd=1138500000&kikanKbn=3", "url2": "http://bell-dc.main.jp" }, "geometry": { "type": "Point", "coordinates": [ 131.610894, 33.226587 ] } },
{ "type": "Feature", "properties": { "内容": "南大分さとう歯科【3:歯科】大分県大分市三ケ田町３－１－１", "url": "https://www.iryou.teikyouseido.mhlw.go.jp/znk-web/juminkanja/S2430/initialize?prefCd=44&kikanCd=1138600000&kikanKbn=3", "url2": "http://www.minamioita-sato-dc.jp/" }, "geometry": { "type": "Point", "coordinates": [ 131.591277, 33.215443 ] } },
{ "type": "Feature", "properties": { "内容": "石垣鶴田歯科医院【3:歯科】大分県別府市石垣西８丁目５番８号", "url": "https://www.iryou.teikyouseido.mhlw.go.jp/znk-web/juminkanja/S2430/initialize?prefCd=44&kikanCd=1139300000&kikanKbn=3", "url2": null }, "geometry": { "type": "Point", "coordinates": [ 131.491156, 33.30109 ] } },
{ "type": "Feature", "properties": { "内容": "伊東歯科医院【3:歯科】大分県別府市亀川東町１９９６－１", "url": "https://www.iryou.teikyouseido.mhlw.go.jp/znk-web/juminkanja/S2430/initialize?prefCd=44&kikanCd=1139400000&kikanKbn=3", "url2": null }, "geometry": { "type": "Point", "coordinates": [ 131.496971, 33.323626 ] } },
{ "type": "Feature", "properties": { "内容": "イトセ歯科医院（南立石イトセ歯科）【3:歯科】大分県別府市南荘園町２１組", "url": "https://www.iryou.teikyouseido.mhlw.go.jp/znk-web/juminkanja/S2430/initialize?prefCd=44&kikanCd=1139500000&kikanKbn=3", "url2": null }, "geometry": { "type": "Point", "coordinates": [ 131.476554, 33.288647 ] } },
{ "type": "Feature", "properties": { "内容": "医療法人尚歯会　矢田歯科医院【3:歯科】大分県別府市北浜一丁目１１番９号", "url": "https://www.iryou.teikyouseido.mhlw.go.jp/znk-web/juminkanja/S2430/initialize?prefCd=44&kikanCd=1139700000&kikanKbn=3", "url2": null }, "geometry": { "type": "Point", "coordinates": [ 131.505429, 33.279376 ] } },
{ "type": "Feature", "properties": { "内容": "医療法人社団　興裕会　イルカデンタル【3:歯科】大分県別府市扇山１－４", "url": "https://www.iryou.teikyouseido.mhlw.go.jp/znk-web/juminkanja/S2430/initialize?prefCd=44&kikanCd=1139800000&kikanKbn=3", "url2": null }, "geometry": { "type": "Point", "coordinates": [ 131.46748, 33.29394 ] } },
{ "type": "Feature", "properties": { "内容": "姫山歯科診療所【3:歯科】大分県別府市亀川中央町２９ー１０", "url": "https://www.iryou.teikyouseido.mhlw.go.jp/znk-web/juminkanja/S2430/initialize?prefCd=44&kikanCd=1140000000&kikanKbn=3", "url2": "http://himeyama-dental.com/index.cgi" }, "geometry": { "type": "Point", "coordinates": [ 131.489911, 33.328798 ] } },
{ "type": "Feature", "properties": { "内容": "医療法人　ウエダ歯科【3:歯科】大分県別府市大畑６組１", "url": "https://www.iryou.teikyouseido.mhlw.go.jp/znk-web/juminkanja/S2430/initialize?prefCd=44&kikanCd=1140300000&kikanKbn=3", "url2": null }, "geometry": { "type": "Point", "coordinates": [ 131.473775, 33.303524 ] } },
{ "type": "Feature", "properties": { "内容": "えびたに歯科医院【3:歯科】大分県別府市餅ケ浜町３ー２５", "url": "https://www.iryou.teikyouseido.mhlw.go.jp/znk-web/juminkanja/S2430/initialize?prefCd=44&kikanCd=1140500000&kikanKbn=3", "url2": "http://www.ebitani-dental.com/" }, "geometry": { "type": "Point", "coordinates": [ 131.501058, 33.295597 ] } },
{ "type": "Feature", "properties": { "内容": "扇山矢田歯科医院【3:歯科】大分県別府市扇山町１３組の６", "url": "https://www.iryou.teikyouseido.mhlw.go.jp/znk-web/juminkanja/S2430/initialize?prefCd=44&kikanCd=1140600000&kikanKbn=3", "url2": null }, "geometry": { "type": "Point", "coordinates": [ 131.472446, 33.297096 ] } },
{ "type": "Feature", "properties": { "内容": "ガーデン歯科クリニック【3:歯科】大分県別府市南立石一区", "url": "https://www.iryou.teikyouseido.mhlw.go.jp/znk-web/juminkanja/S2430/initialize?prefCd=44&kikanCd=1141000000&kikanKbn=3", "url2": null }, "geometry": { "type": "Point", "coordinates": [ 131.480856, 33.285266 ] } },
{ "type": "Feature", "properties": { "内容": "兼子矯正歯科クリニック【3:歯科】大分県別府市田の湯町１０―２９丸子ビル２Ｆ", "url": "https://www.iryou.teikyouseido.mhlw.go.jp/znk-web/juminkanja/S2430/initialize?prefCd=44&kikanCd=1141100000&kikanKbn=3", "url2": "http://kaneko-kyousei.com" }, "geometry": { "type": "Point", "coordinates": [ 131.499529, 33.279301 ] } },
{ "type": "Feature", "properties": { "内容": "医療法人皓歯会鉄輪歯科クリニック【3:歯科】大分県別府市大字鉄輪１２９番地の１", "url": "https://www.iryou.teikyouseido.mhlw.go.jp/znk-web/juminkanja/S2430/initialize?prefCd=44&kikanCd=1141300000&kikanKbn=3", "url2": "http://www.kannawa-d.com/" }, "geometry": { "type": "Point", "coordinates": [ 131.46653, 33.320308 ] } },
{ "type": "Feature", "properties": { "内容": "北浜さとう歯科クリニック【3:歯科】大分県別府市北浜２－７－１８", "url": "https://www.iryou.teikyouseido.mhlw.go.jp/znk-web/juminkanja/S2430/initialize?prefCd=44&kikanCd=1141400000&kikanKbn=3", "url2": null }, "geometry": { "type": "Point", "coordinates": [ 131.504488, 33.280773 ] } },
{ "type": "Feature", "properties": { "内容": "歯科清岡デンタル・クリニック【3:歯科】大分県別府市平田町６－２３", "url": "https://www.iryou.teikyouseido.mhlw.go.jp/znk-web/juminkanja/S2430/initialize?prefCd=44&kikanCd=1141500000&kikanKbn=3", "url2": "https://epark.jp/shopinfo/shk46349/" }, "geometry": { "type": "Point", "coordinates": [ 131.493207, 33.318614 ] } },
{ "type": "Feature", "properties": { "内容": "歯科アサノ医院【3:歯科】大分県別府市鶴見４０８３－１３", "url": "https://www.iryou.teikyouseido.mhlw.go.jp/znk-web/juminkanja/S2430/initialize?prefCd=44&kikanCd=1141600000&kikanKbn=3", "url2": null }, "geometry": { "type": "Point", "coordinates": [ 131.476085, 33.301835 ] } },
{ "type": "Feature", "properties": { "内容": "新港イトセ歯科【3:歯科】大分県別府市新港町５番１号", "url": "https://www.iryou.teikyouseido.mhlw.go.jp/znk-web/juminkanja/S2430/initialize?prefCd=44&kikanCd=1141700000&kikanKbn=3", "url2": "https://www.itoseshika.com/" }, "geometry": { "type": "Point", "coordinates": [ 131.502813, 33.296271 ] } },
{ "type": "Feature", "properties": { "内容": "上人豊田歯科【3:歯科】大分県別府市上人仲町７００－１", "url": "https://www.iryou.teikyouseido.mhlw.go.jp/znk-web/juminkanja/S2430/initialize?prefCd=44&kikanCd=1141900000&kikanKbn=3", "url2": null }, "geometry": { "type": "Point", "coordinates": [ 131.493945, 33.313423 ] } },
{ "type": "Feature", "properties": { "内容": "医療法人北極会　　しろくま歯科矯正歯科【3:歯科】大分県別府市餅ケ浜町９−３９", "url": "https://www.iryou.teikyouseido.mhlw.go.jp/znk-web/juminkanja/S2430/initialize?prefCd=44&kikanCd=1142000000&kikanKbn=3", "url2": "http://www.shirokuma-dental.jp/" }, "geometry": { "type": "Point", "coordinates": [ 131.502571, 33.292781 ] } },
{ "type": "Feature", "properties": { "内容": "しんぐう歯科医院【3:歯科】大分県別府市荘園町３ー２", "url": "https://www.iryou.teikyouseido.mhlw.go.jp/znk-web/juminkanja/S2430/initialize?prefCd=44&kikanCd=1142100000&kikanKbn=3", "url2": "azu0azu@cpost.plala.or.jp" }, "geometry": { "type": "Point", "coordinates": [ 131.48772, 33.292539 ] } },
{ "type": "Feature", "properties": { "内容": "関の江歯科医院【3:歯科】大分県別府市古市町２４－２", "url": "https://www.iryou.teikyouseido.mhlw.go.jp/znk-web/juminkanja/S2430/initialize?prefCd=44&kikanCd=1142300000&kikanKbn=3", "url2": null }, "geometry": { "type": "Point", "coordinates": [ 131.494142, 33.34296 ] } },
{ "type": "Feature", "properties": { "内容": "荘園豊田歯科【3:歯科】大分県別府市大字鶴見字五反４２０９ー２０", "url": "https://www.iryou.teikyouseido.mhlw.go.jp/znk-web/juminkanja/S2430/initialize?prefCd=44&kikanCd=1142500000&kikanKbn=3", "url2": null }, "geometry": { "type": "Point", "coordinates": [ 131.478611, 33.299436 ] } },
{ "type": "Feature", "properties": { "内容": "ぞう歯科クリニック【3:歯科】大分県別府市北中７の１", "url": "https://www.iryou.teikyouseido.mhlw.go.jp/znk-web/juminkanja/S2430/initialize?prefCd=44&kikanCd=1142600000&kikanKbn=3", "url2": "https://zousika.com/" }, "geometry": { "type": "Point", "coordinates": [ 131.479736, 33.311311 ] } },
{ "type": "Feature", "properties": { "内容": "高橋歯科医院【3:歯科】大分県別府市石垣西１丁目２８０番地", "url": "https://www.iryou.teikyouseido.mhlw.go.jp/znk-web/juminkanja/S2430/initialize?prefCd=44&kikanCd=1142700000&kikanKbn=3", "url2": "http://www.takahashi6868.jp" }, "geometry": { "type": "Point", "coordinates": [ 131.495715, 33.290154 ] } },
{ "type": "Feature", "properties": { "内容": "医療法人谷口歯科医院【3:歯科】大分県別府市北浜", "url": "https://www.iryou.teikyouseido.mhlw.go.jp/znk-web/juminkanja/S2430/initialize?prefCd=44&kikanCd=1142800000&kikanKbn=3", "url2": "http://taniguchi-dc.com" }, "geometry": { "type": "Point", "coordinates": [ 131.507333, 33.279379 ] } },
{ "type": "Feature", "properties": { "内容": "医療法人社団明日葉会　土屋歯科口腔外科クリニック【3:歯科】大分県別府市船小路町６番１４号", "url": "https://www.iryou.teikyouseido.mhlw.go.jp/znk-web/juminkanja/S2430/initialize?prefCd=44&kikanCd=1143000000&kikanKbn=3", "url2": null }, "geometry": { "type": "Point", "coordinates": [ 131.502614, 33.302542 ] } },
{ "type": "Feature", "properties": { "内容": "ツルミ山村歯科医院【3:歯科】大分県別府市馬場１－８", "url": "https://www.iryou.teikyouseido.mhlw.go.jp/znk-web/juminkanja/S2430/initialize?prefCd=44&kikanCd=1143200000&kikanKbn=3", "url2": null }, "geometry": { "type": "Point", "coordinates": [ 131.475278, 33.306661 ] } },
{ "type": "Feature", "properties": { "内容": "友岡歯科医院【3:歯科】大分県別府市田の湯町９－１２", "url": "https://www.iryou.teikyouseido.mhlw.go.jp/znk-web/juminkanja/S2430/initialize?prefCd=44&kikanCd=1143300000&kikanKbn=3", "url2": "http://www.tomookasika.com" }, "geometry": { "type": "Point", "coordinates": [ 131.504177, 33.276324 ] } },
{ "type": "Feature", "properties": { "内容": "西林歯科医院【3:歯科】大分県別府市石垣西８丁目１－５１　リベラ９０　２Ｆ", "url": "https://www.iryou.teikyouseido.mhlw.go.jp/znk-web/juminkanja/S2430/initialize?prefCd=44&kikanCd=1143400000&kikanKbn=3", "url2": null }, "geometry": { "type": "Point", "coordinates": [ 131.494639, 33.301768 ] } },
{ "type": "Feature", "properties": { "内容": "歯科馬場医院【3:歯科】大分県別府市楠町１－２７", "url": "https://www.iryou.teikyouseido.mhlw.go.jp/znk-web/juminkanja/S2430/initialize?prefCd=44&kikanCd=1143600000&kikanKbn=3", "url2": null }, "geometry": { "type": "Point", "coordinates": [ 131.503618, 33.275146 ] } },
{ "type": "Feature", "properties": { "内容": "ふじた歯科医院【3:歯科】大分県別府市扇山町９組の２", "url": "https://www.iryou.teikyouseido.mhlw.go.jp/znk-web/juminkanja/S2430/initialize?prefCd=44&kikanCd=1143700000&kikanKbn=3", "url2": null }, "geometry": { "type": "Point", "coordinates": [ 131.469226, 33.295095 ] } },
{ "type": "Feature", "properties": { "内容": "別府口腔保健センター【3:歯科】大分県別府市西野口町１５番３３号", "url": "https://www.iryou.teikyouseido.mhlw.go.jp/znk-web/juminkanja/S2430/initialize?prefCd=44&kikanCd=1143800000&kikanKbn=3", "url2": null }, "geometry": { "type": "Point", "coordinates": [ 131.493688, 33.283705 ] } },
{ "type": "Feature", "properties": { "内容": "マスダ歯科医院【3:歯科】大分県別府市上田の湯町１７－２４", "url": "https://www.iryou.teikyouseido.mhlw.go.jp/znk-web/juminkanja/S2430/initialize?prefCd=44&kikanCd=1143900000&kikanKbn=3", "url2": null }, "geometry": { "type": "Point", "coordinates": [ 131.496797, 33.280371 ] } },
{ "type": "Feature", "properties": { "内容": "まつもと歯科医院【3:歯科】大分県別府市幸町１４００番地の１１", "url": "https://www.iryou.teikyouseido.mhlw.go.jp/znk-web/juminkanja/S2430/initialize?prefCd=44&kikanCd=1144000000&kikanKbn=3", "url2": null }, "geometry": { "type": "Point", "coordinates": [ 131.50453, 33.2787 ] } },
{ "type": "Feature", "properties": { "内容": "ルミエール歯科【3:歯科】大分県別府市鶴見", "url": "https://www.iryou.teikyouseido.mhlw.go.jp/znk-web/juminkanja/S2430/initialize?prefCd=44&kikanCd=1144500000&kikanKbn=3", "url2": "http://www.lumiere-dc.jp/" }, "geometry": { "type": "Point", "coordinates": [ 131.476961, 33.30174 ] } },
{ "type": "Feature", "properties": { "内容": "脇歯科【3:歯科】大分県別府市小倉４組", "url": "https://www.iryou.teikyouseido.mhlw.go.jp/znk-web/juminkanja/S2430/initialize?prefCd=44&kikanCd=1144600000&kikanKbn=3", "url2": null }, "geometry": { "type": "Point", "coordinates": [ 131.465172, 33.307698 ] } },
{ "type": "Feature", "properties": { "内容": "荒尾歯科医院【3:歯科】大分県中津市丸山町９５－１", "url": "https://www.iryou.teikyouseido.mhlw.go.jp/znk-web/juminkanja/S2430/initialize?prefCd=44&kikanCd=1144800000&kikanKbn=3", "url2": null }, "geometry": { "type": "Point", "coordinates": [ 131.182828, 33.598168 ] } },
{ "type": "Feature", "properties": { "内容": "伊東歯科医院【3:歯科】大分県中津市本耶馬渓町樋田１６５番地１", "url": "https://www.iryou.teikyouseido.mhlw.go.jp/znk-web/juminkanja/S2430/initialize?prefCd=44&kikanCd=1145100000&kikanKbn=3", "url2": null }, "geometry": { "type": "Point", "coordinates": [ 131.171298, 33.504268 ] } },
{ "type": "Feature", "properties": { "内容": "いわみず歯科クリニック【3:歯科】大分県中津市相原３３８８－３", "url": "https://www.iryou.teikyouseido.mhlw.go.jp/znk-web/juminkanja/S2430/initialize?prefCd=44&kikanCd=1145300000&kikanKbn=3", "url2": "http://iwamizushika.com" }, "geometry": { "type": "Point", "coordinates": [ 131.188695, 33.568196 ] } },
{ "type": "Feature", "properties": { "内容": "おざ歯科医院【3:歯科】大分県中津市中殿町３－２４－９", "url": "https://www.iryou.teikyouseido.mhlw.go.jp/znk-web/juminkanja/S2430/initialize?prefCd=44&kikanCd=1145700000&kikanKbn=3", "url2": null }, "geometry": { "type": "Point", "coordinates": [ 131.192069, 33.596341 ] } },
{ "type": "Feature", "properties": { "内容": "川永歯科【3:歯科】大分県中津市沖代町", "url": "https://www.iryou.teikyouseido.mhlw.go.jp/znk-web/juminkanja/S2430/initialize?prefCd=44&kikanCd=1146100000&kikanKbn=3", "url2": null }, "geometry": { "type": "Point", "coordinates": [ 131.19725, 33.592235 ] } },
{ "type": "Feature", "properties": { "内容": "篠島歯科医院【3:歯科】大分県中津市山国町守実１６０－８", "url": "https://www.iryou.teikyouseido.mhlw.go.jp/znk-web/juminkanja/S2430/initialize?prefCd=44&kikanCd=1146500000&kikanKbn=3", "url2": null }, "geometry": { "type": "Point", "coordinates": [ 131.041028, 33.403301 ] } },
{ "type": "Feature", "properties": { "内容": "角野歯科医院【3:歯科】大分県中津市豊田町１４－３５", "url": "https://www.iryou.teikyouseido.mhlw.go.jp/znk-web/juminkanja/S2430/initialize?prefCd=44&kikanCd=1146600000&kikanKbn=3", "url2": null }, "geometry": { "type": "Point", "coordinates": [ 131.188066, 33.599143 ] } },
{ "type": "Feature", "properties": { "内容": "鳥谷デンタルクリニック【3:歯科】大分県中津市沖代町１丁目３－１７", "url": "https://www.iryou.teikyouseido.mhlw.go.jp/znk-web/juminkanja/S2430/initialize?prefCd=44&kikanCd=1147000000&kikanKbn=3", "url2": null }, "geometry": { "type": "Point", "coordinates": [ 131.204029, 33.589631 ] } },
{ "type": "Feature", "properties": { "内容": "なかにし歯科医院【3:歯科】大分県中津市上宮永", "url": "https://www.iryou.teikyouseido.mhlw.go.jp/znk-web/juminkanja/S2430/initialize?prefCd=44&kikanCd=1147200000&kikanKbn=3", "url2": null }, "geometry": { "type": "Point", "coordinates": [ 131.185395, 33.591283 ] } },
{ "type": "Feature", "properties": { "内容": "ながの歯科医院【3:歯科】大分県中津市上池永１２８０－８", "url": "https://www.iryou.teikyouseido.mhlw.go.jp/znk-web/juminkanja/S2430/initialize?prefCd=44&kikanCd=1147300000&kikanKbn=3", "url2": "http://www.nagano-dental.com/" }, "geometry": { "type": "Point", "coordinates": [ 131.204271, 33.58362 ] } },
{ "type": "Feature", "properties": { "内容": "のぞみ歯科三光【3:歯科】大分県中津市三光佐知１０３２番地　イオンモール三光１Ｆ", "url": "https://www.iryou.teikyouseido.mhlw.go.jp/znk-web/juminkanja/S2430/initialize?prefCd=44&kikanCd=1147400000&kikanKbn=3", "url2": "http://sankou.nozomi-dc.jp/" }, "geometry": { "type": "Point", "coordinates": [ 131.193833, 33.55822 ] } },
{ "type": "Feature", "properties": { "内容": "広沢歯科医院【3:歯科】大分県中津市大貞３７１ー３６２", "url": "https://www.iryou.teikyouseido.mhlw.go.jp/znk-web/juminkanja/S2430/initialize?prefCd=44&kikanCd=1147600000&kikanKbn=3", "url2": null }, "geometry": { "type": "Point", "coordinates": [ 131.213759, 33.569453 ] } },
{ "type": "Feature", "properties": { "内容": "福成歯科医院【3:歯科】大分県中津市万田宮ノ下４９９－６", "url": "https://www.iryou.teikyouseido.mhlw.go.jp/znk-web/juminkanja/S2430/initialize?prefCd=44&kikanCd=1147700000&kikanKbn=3", "url2": null }, "geometry": { "type": "Point", "coordinates": [ 131.185998, 33.57972 ] } },
{ "type": "Feature", "properties": { "内容": "福原歯科医院【3:歯科】大分県中津市耶馬溪町柿坂４７９－２", "url": "https://www.iryou.teikyouseido.mhlw.go.jp/znk-web/juminkanja/S2430/initialize?prefCd=44&kikanCd=1147800000&kikanKbn=3", "url2": "http://fukuhara-dc.jp/" }, "geometry": { "type": "Point", "coordinates": [ 131.115324, 33.451254 ] } },
{ "type": "Feature", "properties": { "内容": "渕野歯科医院【3:歯科】大分県中津市沖代町２丁目１番５５号", "url": "https://www.iryou.teikyouseido.mhlw.go.jp/znk-web/juminkanja/S2430/initialize?prefCd=44&kikanCd=1147900000&kikanKbn=3", "url2": null }, "geometry": { "type": "Point", "coordinates": [ 131.195444, 33.585956 ] } },
{ "type": "Feature", "properties": { "内容": "前田歯科【3:歯科】大分県中津市江三竹町１９５４－２", "url": "https://www.iryou.teikyouseido.mhlw.go.jp/znk-web/juminkanja/S2430/initialize?prefCd=44&kikanCd=1148200000&kikanKbn=3", "url2": null }, "geometry": { "type": "Point", "coordinates": [ 131.185019, 33.600474 ] } },
{ "type": "Feature", "properties": { "内容": "真邉歯科医院【3:歯科】大分県中津市大字大悟法５２９番地", "url": "https://www.iryou.teikyouseido.mhlw.go.jp/znk-web/juminkanja/S2430/initialize?prefCd=44&kikanCd=1148500000&kikanKbn=3", "url2": null }, "geometry": { "type": "Point", "coordinates": [ 131.220578, 33.571331 ] } },
{ "type": "Feature", "properties": { "内容": "和田歯科医院【3:歯科】大分県中津市島田７８６番地１", "url": "https://www.iryou.teikyouseido.mhlw.go.jp/znk-web/juminkanja/S2430/initialize?prefCd=44&kikanCd=1148900000&kikanKbn=3", "url2": null }, "geometry": { "type": "Point", "coordinates": [ 131.187544, 33.601033 ] } },
{ "type": "Feature", "properties": { "内容": "アペックス歯科【3:歯科】大分県日田市元町１９－２４", "url": "https://www.iryou.teikyouseido.mhlw.go.jp/znk-web/juminkanja/S2430/initialize?prefCd=44&kikanCd=1149200000&kikanKbn=3", "url2": null }, "geometry": { "type": "Point", "coordinates": [ 130.937755, 33.315866 ] } },
{ "type": "Feature", "properties": { "内容": "荒木歯科医院【3:歯科】大分県日田市大山町西大山８９４－３", "url": "https://www.iryou.teikyouseido.mhlw.go.jp/znk-web/juminkanja/S2430/initialize?prefCd=44&kikanCd=1149300000&kikanKbn=3", "url2": null }, "geometry": { "type": "Point", "coordinates": [ 130.960597, 33.260172 ] } },
{ "type": "Feature", "properties": { "内容": "石井歯科医院【3:歯科】大分県日田市日の出町５９－１３", "url": "https://www.iryou.teikyouseido.mhlw.go.jp/znk-web/juminkanja/S2430/initialize?prefCd=44&kikanCd=1149400000&kikanKbn=3", "url2": null }, "geometry": { "type": "Point", "coordinates": [ 130.939799, 33.334854 ] } },
{ "type": "Feature", "properties": { "内容": "石松朗歯科医院【3:歯科】大分県日田市丸山", "url": "https://www.iryou.teikyouseido.mhlw.go.jp/znk-web/juminkanja/S2430/initialize?prefCd=44&kikanCd=1149600000&kikanKbn=3", "url2": null }, "geometry": { "type": "Point", "coordinates": [ 130.937634, 33.32999 ] } },
{ "type": "Feature", "properties": { "内容": "医療法人あすか会　伊藤歯科医院【3:歯科】大分県日田市玉川町４３－１", "url": "https://www.iryou.teikyouseido.mhlw.go.jp/znk-web/juminkanja/S2430/initialize?prefCd=44&kikanCd=1149800000&kikanKbn=3", "url2": null }, "geometry": { "type": "Point", "coordinates": [ 130.944008, 33.316456 ] } },
{ "type": "Feature", "properties": { "内容": "井上歯科医院【3:歯科】大分県日田市三本松１丁目１４番１１号", "url": "https://www.iryou.teikyouseido.mhlw.go.jp/znk-web/juminkanja/S2430/initialize?prefCd=44&kikanCd=1149900000&kikanKbn=3", "url2": null }, "geometry": { "type": "Point", "coordinates": [ 130.933105, 33.321191 ] } },
{ "type": "Feature", "properties": { "内容": "おおくら歯科医院【3:歯科】大分県日田市本町１０ー１８", "url": "https://www.iryou.teikyouseido.mhlw.go.jp/znk-web/juminkanja/S2430/initialize?prefCd=44&kikanCd=1150100000&kikanKbn=3", "url2": null }, "geometry": { "type": "Point", "coordinates": [ 130.936508, 33.315594 ] } },
{ "type": "Feature", "properties": { "内容": "北山歯科医院【3:歯科】大分県日田市大山町西大山", "url": "https://www.iryou.teikyouseido.mhlw.go.jp/znk-web/juminkanja/S2430/initialize?prefCd=44&kikanCd=1150600000&kikanKbn=3", "url2": null }, "geometry": { "type": "Point", "coordinates": [ 130.967104, 33.256059 ] } },
{ "type": "Feature", "properties": { "内容": "医療法人亀山会　桑野歯科医院【3:歯科】大分県日田市隈２丁目１－３", "url": "https://www.iryou.teikyouseido.mhlw.go.jp/znk-web/juminkanja/S2430/initialize?prefCd=44&kikanCd=1150700000&kikanKbn=3", "url2": null }, "geometry": { "type": "Point", "coordinates": [ 130.932314, 33.313797 ] } },
{ "type": "Feature", "properties": { "内容": "せさき歯科【3:歯科】大分県日田市中央", "url": "https://www.iryou.teikyouseido.mhlw.go.jp/znk-web/juminkanja/S2430/initialize?prefCd=44&kikanCd=1151300000&kikanKbn=3", "url2": null }, "geometry": { "type": "Point", "coordinates": [ 130.937042, 33.318315 ] } },
{ "type": "Feature", "properties": { "内容": "武内歯科医院【3:歯科】大分県日田市元町", "url": "https://www.iryou.teikyouseido.mhlw.go.jp/znk-web/juminkanja/S2430/initialize?prefCd=44&kikanCd=1151600000&kikanKbn=3", "url2": null }, "geometry": { "type": "Point", "coordinates": [ 130.937932, 33.31566 ] } },
{ "type": "Feature", "properties": { "内容": "内藤デンタルクリニック【3:歯科】大分県日田市三芳小渕町１０７９－１", "url": "https://www.iryou.teikyouseido.mhlw.go.jp/znk-web/juminkanja/S2430/initialize?prefCd=44&kikanCd=1152100000&kikanKbn=3", "url2": null }, "geometry": { "type": "Point", "coordinates": [ 130.950324, 33.304273 ] } },
{ "type": "Feature", "properties": { "内容": "中村歯科医院【3:歯科】大分県日田市下井手町４０", "url": "https://www.iryou.teikyouseido.mhlw.go.jp/znk-web/juminkanja/S2430/initialize?prefCd=44&kikanCd=1152300000&kikanKbn=3", "url2": null }, "geometry": { "type": "Point", "coordinates": [ 130.949075, 33.305203 ] } },
{ "type": "Feature", "properties": { "内容": "はたの歯科医院【3:歯科】大分県日田市豆田町７－３２", "url": "https://www.iryou.teikyouseido.mhlw.go.jp/znk-web/juminkanja/S2430/initialize?prefCd=44&kikanCd=1152400000&kikanKbn=3", "url2": null }, "geometry": { "type": "Point", "coordinates": [ 130.936913, 33.328004 ] } },
{ "type": "Feature", "properties": { "内容": "樋口歯科クリニック【3:歯科】大分県日田市南元町１９－２１", "url": "https://www.iryou.teikyouseido.mhlw.go.jp/znk-web/juminkanja/S2430/initialize?prefCd=44&kikanCd=1152600000&kikanKbn=3", "url2": null }, "geometry": { "type": "Point", "coordinates": [ 130.939307, 33.313046 ] } },
{ "type": "Feature", "properties": { "内容": "またけ歯科クリニック【3:歯科】大分県日田市新治町", "url": "https://www.iryou.teikyouseido.mhlw.go.jp/znk-web/juminkanja/S2430/initialize?prefCd=44&kikanCd=1152800000&kikanKbn=3", "url2": null }, "geometry": { "type": "Point", "coordinates": [ 130.919991, 33.323097 ] } },
{ "type": "Feature", "properties": { "内容": "村山歯科医院【3:歯科】大分県日田市本町７－２４", "url": "https://www.iryou.teikyouseido.mhlw.go.jp/znk-web/juminkanja/S2430/initialize?prefCd=44&kikanCd=1152900000&kikanKbn=3", "url2": null }, "geometry": { "type": "Point", "coordinates": [ 130.935231, 33.314306 ] } },
{ "type": "Feature", "properties": { "内容": "もちまつ歯科医院【3:歯科】大分県日田市清水町", "url": "https://www.iryou.teikyouseido.mhlw.go.jp/znk-web/juminkanja/S2430/initialize?prefCd=44&kikanCd=1153000000&kikanKbn=3", "url2": null }, "geometry": { "type": "Point", "coordinates": [ 130.942054, 33.344941 ] } },
{ "type": "Feature", "properties": { "内容": "森山歯科医院【3:歯科】大分県日田市若宮町１番４１号", "url": "https://www.iryou.teikyouseido.mhlw.go.jp/znk-web/juminkanja/S2430/initialize?prefCd=44&kikanCd=1153100000&kikanKbn=3", "url2": null }, "geometry": { "type": "Point", "coordinates": [ 130.942094, 33.310003 ] } },
{ "type": "Feature", "properties": { "内容": "麻生歯科医院【3:歯科】大分県佐伯市駅前１－４－８", "url": "https://www.iryou.teikyouseido.mhlw.go.jp/znk-web/juminkanja/S2430/initialize?prefCd=44&kikanCd=1153200000&kikanKbn=3", "url2": null }, "geometry": { "type": "Point", "coordinates": [ 131.903186, 32.971705 ] } },
{ "type": "Feature", "properties": { "内容": "上田歯科医院【3:歯科】大分県佐伯市弥生大字井崎字川又１３６６－１", "url": "https://www.iryou.teikyouseido.mhlw.go.jp/znk-web/juminkanja/S2430/initialize?prefCd=44&kikanCd=1153400000&kikanKbn=3", "url2": null }, "geometry": { "type": "Point", "coordinates": [ 131.840401, 32.972124 ] } },
{ "type": "Feature", "properties": { "内容": "上浦歯科クリニック【3:歯科】大分県佐伯市上浦津井浦", "url": "https://www.iryou.teikyouseido.mhlw.go.jp/znk-web/juminkanja/S2430/initialize?prefCd=44&kikanCd=1153600000&kikanKbn=3", "url2": null }, "geometry": { "type": "Point", "coordinates": [ 131.931415, 33.053219 ] } },
{ "type": "Feature", "properties": { "内容": "川野歯科医院【3:歯科】大分県佐伯市春日町８－１２", "url": "https://www.iryou.teikyouseido.mhlw.go.jp/znk-web/juminkanja/S2430/initialize?prefCd=44&kikanCd=1153700000&kikanKbn=3", "url2": null }, "geometry": { "type": "Point", "coordinates": [ 131.903523, 32.976068 ] } },
{ "type": "Feature", "properties": { "内容": "きよなが歯科クリニック【3:歯科】大分県佐伯市鶴岡町１－１１－５９", "url": "https://www.iryou.teikyouseido.mhlw.go.jp/znk-web/juminkanja/S2430/initialize?prefCd=44&kikanCd=1153800000&kikanKbn=3", "url2": null }, "geometry": { "type": "Point", "coordinates": [ 131.881943, 32.959211 ] } },
{ "type": "Feature", "properties": { "内容": "隈歯科医院【3:歯科】大分県佐伯市長島町", "url": "https://www.iryou.teikyouseido.mhlw.go.jp/znk-web/juminkanja/S2430/initialize?prefCd=44&kikanCd=1153900000&kikanKbn=3", "url2": null }, "geometry": { "type": "Point", "coordinates": [ 131.908904, 32.957365 ] } },
{ "type": "Feature", "properties": { "内容": "タケオ歯科医院【3:歯科】大分県佐伯市蒲江大字蒲江浦３３７８－１", "url": "https://www.iryou.teikyouseido.mhlw.go.jp/znk-web/juminkanja/S2430/initialize?prefCd=44&kikanCd=1154100000&kikanKbn=3", "url2": null }, "geometry": { "type": "Point", "coordinates": [ 131.926446, 32.799288 ] } },
{ "type": "Feature", "properties": { "内容": "土屋デンタルクリニック【3:歯科】大分県佐伯市春日町２－１", "url": "https://www.iryou.teikyouseido.mhlw.go.jp/znk-web/juminkanja/S2430/initialize?prefCd=44&kikanCd=1154200000&kikanKbn=3", "url2": "http://www.tsuchiya-dc.com/" }, "geometry": { "type": "Point", "coordinates": [ 131.90251, 32.974495 ] } },
{ "type": "Feature", "properties": { "内容": "つるおか歯科医院【3:歯科】大分県佐伯市鶴岡町３－１０－１７", "url": "https://www.iryou.teikyouseido.mhlw.go.jp/znk-web/juminkanja/S2430/initialize?prefCd=44&kikanCd=1154300000&kikanKbn=3", "url2": null }, "geometry": { "type": "Point", "coordinates": [ 131.878829, 32.959106 ] } },
{ "type": "Feature", "properties": { "内容": "利光歯科医院【3:歯科】大分県佐伯市中の島", "url": "https://www.iryou.teikyouseido.mhlw.go.jp/znk-web/juminkanja/S2430/initialize?prefCd=44&kikanCd=1154500000&kikanKbn=3", "url2": null }, "geometry": { "type": "Point", "coordinates": [ 131.902646, 32.955079 ] } },
{ "type": "Feature", "properties": { "内容": "戸高歯科医院【3:歯科】大分県佐伯市蒲江畑野浦", "url": "https://www.iryou.teikyouseido.mhlw.go.jp/znk-web/juminkanja/S2430/initialize?prefCd=44&kikanCd=1154600000&kikanKbn=3", "url2": "http://todakashika.com/" }, "geometry": { "type": "Point", "coordinates": [ 131.949792, 32.855373 ] } },
{ "type": "Feature", "properties": { "内容": "中川歯科クリニック【3:歯科】大分県佐伯市長谷７７２６－１", "url": "https://www.iryou.teikyouseido.mhlw.go.jp/znk-web/juminkanja/S2430/initialize?prefCd=44&kikanCd=1154700000&kikanKbn=3", "url2": "http://nakagawa.dentdb.com/" }, "geometry": { "type": "Point", "coordinates": [ 131.880548, 32.93709 ] } },
{ "type": "Feature", "properties": { "内容": "長田歯科クリニック【3:歯科】大分県佐伯市中村東町６−１４", "url": "https://www.iryou.teikyouseido.mhlw.go.jp/znk-web/juminkanja/S2430/initialize?prefCd=44&kikanCd=1154800000&kikanKbn=3", "url2": "http://www.saiki.tv/~yoshi-ngt5/" }, "geometry": { "type": "Point", "coordinates": [ 131.900016, 32.962245 ] } },
{ "type": "Feature", "properties": { "内容": "永谷歯科医院【3:歯科】大分県佐伯市内町５－１１", "url": "https://www.iryou.teikyouseido.mhlw.go.jp/znk-web/juminkanja/S2430/initialize?prefCd=44&kikanCd=1154900000&kikanKbn=3", "url2": null }, "geometry": { "type": "Point", "coordinates": [ 131.895953, 32.956747 ] } },
{ "type": "Feature", "properties": { "内容": "はやし歯科医院【3:歯科】大分県佐伯市池船町２１－１４", "url": "https://www.iryou.teikyouseido.mhlw.go.jp/znk-web/juminkanja/S2430/initialize?prefCd=44&kikanCd=1155100000&kikanKbn=3", "url2": null }, "geometry": { "type": "Point", "coordinates": [ 131.893862, 32.951496 ] } },
{ "type": "Feature", "properties": { "内容": "東歯科医院【3:歯科】大分県佐伯市蒲江蒲江浦２２１５－８", "url": "https://www.iryou.teikyouseido.mhlw.go.jp/znk-web/juminkanja/S2430/initialize?prefCd=44&kikanCd=1155200000&kikanKbn=3", "url2": null }, "geometry": { "type": "Point", "coordinates": [ 131.927261, 32.797187 ] } },
{ "type": "Feature", "properties": { "内容": "古田歯科医院【3:歯科】大分県佐伯市城下東町１－１", "url": "https://www.iryou.teikyouseido.mhlw.go.jp/znk-web/juminkanja/S2430/initialize?prefCd=44&kikanCd=1155300000&kikanKbn=3", "url2": null }, "geometry": { "type": "Point", "coordinates": [ 131.896875, 32.959439 ] } },
{ "type": "Feature", "properties": { "内容": "丸山歯科医院【3:歯科】大分県佐伯市向島１－１１－３１", "url": "https://www.iryou.teikyouseido.mhlw.go.jp/znk-web/juminkanja/S2430/initialize?prefCd=44&kikanCd=1155600000&kikanKbn=3", "url2": null }, "geometry": { "type": "Point", "coordinates": [ 131.897264, 32.957122 ] } },
{ "type": "Feature", "properties": { "内容": "矢野歯科医院【3:歯科】大分県佐伯市宇目大字小野市２８０８－８", "url": "https://www.iryou.teikyouseido.mhlw.go.jp/znk-web/juminkanja/S2430/initialize?prefCd=44&kikanCd=1155700000&kikanKbn=3", "url2": null }, "geometry": { "type": "Point", "coordinates": [ 131.629672, 32.858287 ] } },
{ "type": "Feature", "properties": { "内容": "やよい歯科医院【3:歯科】大分県佐伯市弥生井崎", "url": "https://www.iryou.teikyouseido.mhlw.go.jp/znk-web/juminkanja/S2430/initialize?prefCd=44&kikanCd=1155800000&kikanKbn=3", "url2": "http://yayoi-dent.com" }, "geometry": { "type": "Point", "coordinates": [ 131.846232, 32.977906 ] } },
{ "type": "Feature", "properties": { "内容": "吉田歯科医院【3:歯科】大分県佐伯市城下西町２－６０", "url": "https://www.iryou.teikyouseido.mhlw.go.jp/znk-web/juminkanja/S2430/initialize?prefCd=44&kikanCd=1155900000&kikanKbn=3", "url2": "http://yoshidashika.dentalmall.jp/" }, "geometry": { "type": "Point", "coordinates": [ 131.894495, 32.957725 ] } },
{ "type": "Feature", "properties": { "内容": "わきた歯科医院【3:歯科】大分県佐伯市船頭町", "url": "https://www.iryou.teikyouseido.mhlw.go.jp/znk-web/juminkanja/S2430/initialize?prefCd=44&kikanCd=1156000000&kikanKbn=3", "url2": "https://www.wakita-dc.com/" }, "geometry": { "type": "Point", "coordinates": [ 131.894786, 32.954434 ] } },
{ "type": "Feature", "properties": { "内容": "ひかわ歯科医院【3:歯科】大分県佐伯市池田２０５３番地１", "url": "https://www.iryou.teikyouseido.mhlw.go.jp/znk-web/juminkanja/S2430/initialize?prefCd=44&kikanCd=1156100000&kikanKbn=3", "url2": null }, "geometry": { "type": "Point", "coordinates": [ 131.904602, 32.962586 ] } },
{ "type": "Feature", "properties": { "内容": "コスモタウン歯科【3:歯科】大分県佐伯市鶴岡西町一丁目２２８番地", "url": "https://www.iryou.teikyouseido.mhlw.go.jp/znk-web/juminkanja/S2430/initialize?prefCd=44&kikanCd=1156200000&kikanKbn=3", "url2": null }, "geometry": { "type": "Point", "coordinates": [ 131.864251, 32.962127 ] } },
{ "type": "Feature", "properties": { "内容": "芦刈歯科クリニック【3:歯科】大分県臼杵市野津町野津市", "url": "https://www.iryou.teikyouseido.mhlw.go.jp/znk-web/juminkanja/S2430/initialize?prefCd=44&kikanCd=1156300000&kikanKbn=3", "url2": null }, "geometry": { "type": "Point", "coordinates": [ 131.691555, 33.042972 ] } },
{ "type": "Feature", "properties": { "内容": "岩田歯科クリニック【3:歯科】大分県臼杵市野津町大字野津市２７１番地", "url": "https://www.iryou.teikyouseido.mhlw.go.jp/znk-web/juminkanja/S2430/initialize?prefCd=44&kikanCd=1156600000&kikanKbn=3", "url2": null }, "geometry": { "type": "Point", "coordinates": [ 131.693358, 33.043041 ] } },
{ "type": "Feature", "properties": { "内容": "臼杵矢田歯科医院【3:歯科】大分県臼杵市大字臼杵字浜２－１０７－７２０", "url": "https://www.iryou.teikyouseido.mhlw.go.jp/znk-web/juminkanja/S2430/initialize?prefCd=44&kikanCd=1156700000&kikanKbn=3", "url2": null }, "geometry": { "type": "Point", "coordinates": [ 131.806219, 33.123041 ] } },
{ "type": "Feature", "properties": { "内容": "江良歯科医院【3:歯科】大分県臼杵市大字野田字平の下２２１", "url": "https://www.iryou.teikyouseido.mhlw.go.jp/znk-web/juminkanja/S2430/initialize?prefCd=44&kikanCd=1156800000&kikanKbn=3", "url2": null }, "geometry": { "type": "Point", "coordinates": [ 131.779504, 33.110164 ] } },
{ "type": "Feature", "properties": { "内容": "こながわ歯科医院【3:歯科】大分県臼杵市臼杵字浜２－１０７－７５７", "url": "https://www.iryou.teikyouseido.mhlw.go.jp/znk-web/juminkanja/S2430/initialize?prefCd=44&kikanCd=1157100000&kikanKbn=3", "url2": "http://www.us.oct-net.jp/~konachan/" }, "geometry": { "type": "Point", "coordinates": [ 131.806433, 33.120956 ] } },
{ "type": "Feature", "properties": { "内容": "佐藤歯科医院【3:歯科】大分県臼杵市新町２組", "url": "https://www.iryou.teikyouseido.mhlw.go.jp/znk-web/juminkanja/S2430/initialize?prefCd=44&kikanCd=1157200000&kikanKbn=3", "url2": null }, "geometry": { "type": "Point", "coordinates": [ 131.7984, 33.12009 ] } },
{ "type": "Feature", "properties": { "内容": "杉山歯科医院【3:歯科】大分県臼杵市野津町野津市", "url": "https://www.iryou.teikyouseido.mhlw.go.jp/znk-web/juminkanja/S2430/initialize?prefCd=44&kikanCd=1157300000&kikanKbn=3", "url2": null }, "geometry": { "type": "Point", "coordinates": [ 131.693498, 33.043897 ] } },
{ "type": "Feature", "properties": { "内容": "鳥越歯科医院【3:歯科】大分県臼杵市大字市浜６９２－１", "url": "https://www.iryou.teikyouseido.mhlw.go.jp/znk-web/juminkanja/S2430/initialize?prefCd=44&kikanCd=1157600000&kikanKbn=3", "url2": null }, "geometry": { "type": "Point", "coordinates": [ 131.788816, 33.119905 ] } },
{ "type": "Feature", "properties": { "内容": "医療法人　深江歯科医院【3:歯科】大分県臼杵市大字江無田３８４番地６", "url": "https://www.iryou.teikyouseido.mhlw.go.jp/znk-web/juminkanja/S2430/initialize?prefCd=44&kikanCd=1157700000&kikanKbn=3", "url2": null }, "geometry": { "type": "Point", "coordinates": [ 131.784461, 33.129447 ] } },
{ "type": "Feature", "properties": { "内容": "藤澤歯科医院【3:歯科】大分県臼杵市福良９平清水４", "url": "https://www.iryou.teikyouseido.mhlw.go.jp/znk-web/juminkanja/S2430/initialize?prefCd=44&kikanCd=1157800000&kikanKbn=3", "url2": null }, "geometry": { "type": "Point", "coordinates": [ 131.792932, 33.114585 ] } },
{ "type": "Feature", "properties": { "内容": "秋岡デンタルクリニック【3:歯科】大分県津久見市千怒６０４５番地３", "url": "https://www.iryou.teikyouseido.mhlw.go.jp/znk-web/juminkanja/S2430/initialize?prefCd=44&kikanCd=1158000000&kikanKbn=3", "url2": null }, "geometry": { "type": "Point", "coordinates": [ 131.890054, 33.071009 ] } },
{ "type": "Feature", "properties": { "内容": "医療法人　辰人会　立川和人歯科医院【3:歯科】大分県津久見市宮本町６－１１", "url": "https://www.iryou.teikyouseido.mhlw.go.jp/znk-web/juminkanja/S2430/initialize?prefCd=44&kikanCd=1158100000&kikanKbn=3", "url2": null }, "geometry": { "type": "Point", "coordinates": [ 131.862752, 33.071078 ] } },
{ "type": "Feature", "properties": { "内容": "上杉歯科医院【3:歯科】大分県津久見市中央町１９番１０号", "url": "https://www.iryou.teikyouseido.mhlw.go.jp/znk-web/juminkanja/S2430/initialize?prefCd=44&kikanCd=1158300000&kikanKbn=3", "url2": null }, "geometry": { "type": "Point", "coordinates": [ 131.864443, 33.074097 ] } },
{ "type": "Feature", "properties": { "内容": "川野歯科医院【3:歯科】大分県津久見市中央町　２３－３", "url": "https://www.iryou.teikyouseido.mhlw.go.jp/znk-web/juminkanja/S2430/initialize?prefCd=44&kikanCd=1158400000&kikanKbn=3", "url2": null }, "geometry": { "type": "Point", "coordinates": [ 131.86306, 33.074938 ] } },
{ "type": "Feature", "properties": { "内容": "近藤歯科医院【3:歯科】大分県津久見市宮本町１９－１４", "url": "https://www.iryou.teikyouseido.mhlw.go.jp/znk-web/juminkanja/S2430/initialize?prefCd=44&kikanCd=1158500000&kikanKbn=3", "url2": null }, "geometry": { "type": "Point", "coordinates": [ 131.862024, 33.072703 ] } },
{ "type": "Feature", "properties": { "内容": "近藤中央歯科医院【3:歯科】大分県津久見市中央町８－３１", "url": "https://www.iryou.teikyouseido.mhlw.go.jp/znk-web/juminkanja/S2430/initialize?prefCd=44&kikanCd=1158600000&kikanKbn=3", "url2": "http://ww6.tiki.ne.jp/~kontyan/" }, "geometry": { "type": "Point", "coordinates": [ 131.868896, 33.063924 ] } },
{ "type": "Feature", "properties": { "内容": "増村歯科医院【3:歯科】大分県津久見市井無田２－１４", "url": "https://www.iryou.teikyouseido.mhlw.go.jp/znk-web/juminkanja/S2430/initialize?prefCd=44&kikanCd=1158900000&kikanKbn=3", "url2": null }, "geometry": { "type": "Point", "coordinates": [ 131.854383, 33.076131 ] } },
{ "type": "Feature", "properties": { "内容": "歯科筑紫医院【3:歯科】大分県竹田市久住町久住６０６５ー１", "url": "https://www.iryou.teikyouseido.mhlw.go.jp/znk-web/juminkanja/S2430/initialize?prefCd=44&kikanCd=1159100000&kikanKbn=3", "url2": null }, "geometry": { "type": "Point", "coordinates": [ 131.297371, 33.016671 ] } },
{ "type": "Feature", "properties": { "内容": "竹下歯科医院【3:歯科】大分県竹田市大字竹田１８７７ー１", "url": "https://www.iryou.teikyouseido.mhlw.go.jp/znk-web/juminkanja/S2430/initialize?prefCd=44&kikanCd=1159400000&kikanKbn=3", "url2": null }, "geometry": { "type": "Point", "coordinates": [ 131.392281, 32.969901 ] } },
{ "type": "Feature", "properties": { "内容": "長湯ごとう歯科【3:歯科】大分県竹田市直入町大字長湯８２１６番地の１", "url": "https://www.iryou.teikyouseido.mhlw.go.jp/znk-web/juminkanja/S2430/initialize?prefCd=44&kikanCd=1159600000&kikanKbn=3", "url2": null }, "geometry": { "type": "Point", "coordinates": [ 131.396484, 33.137551 ] } },
{ "type": "Feature", "properties": { "内容": "ふじさわ歯科医院【3:歯科】大分県竹田市大字竹田１８１８－１", "url": "https://www.iryou.teikyouseido.mhlw.go.jp/znk-web/juminkanja/S2430/initialize?prefCd=44&kikanCd=1159800000&kikanKbn=3", "url2": null }, "geometry": { "type": "Point", "coordinates": [ 131.39125, 32.970457 ] } },
{ "type": "Feature", "properties": { "内容": "まつもと歯科クリニック【3:歯科】大分県竹田市玉来７３３－１１", "url": "https://www.iryou.teikyouseido.mhlw.go.jp/znk-web/juminkanja/S2430/initialize?prefCd=44&kikanCd=1159900000&kikanKbn=3", "url2": "https://matsumoto-dental-clinic.net/" }, "geometry": { "type": "Point", "coordinates": [ 131.374317, 32.953372 ] } },
{ "type": "Feature", "properties": { "内容": "安部歯科医院【3:歯科】大分県豊後高田市新地１９７７番地３", "url": "https://www.iryou.teikyouseido.mhlw.go.jp/znk-web/juminkanja/S2430/initialize?prefCd=44&kikanCd=1160000000&kikanKbn=3", "url2": null }, "geometry": { "type": "Point", "coordinates": [ 131.435711, 33.556935 ] } },
{ "type": "Feature", "properties": { "内容": "うえき歯科クリニック【3:歯科】大分県豊後高田市高田８３２番地", "url": "https://www.iryou.teikyouseido.mhlw.go.jp/znk-web/juminkanja/S2430/initialize?prefCd=44&kikanCd=1160200000&kikanKbn=3", "url2": null }, "geometry": { "type": "Point", "coordinates": [ 131.439528, 33.560386 ] } },
{ "type": "Feature", "properties": { "内容": "京極歯科医院【3:歯科】大分県豊後高田市高田２８３３番地２１", "url": "https://www.iryou.teikyouseido.mhlw.go.jp/znk-web/juminkanja/S2430/initialize?prefCd=44&kikanCd=1160500000&kikanKbn=3", "url2": null }, "geometry": { "type": "Point", "coordinates": [ 131.437338, 33.560412 ] } },
{ "type": "Feature", "properties": { "内容": "医療法人富松歯科医院　すみれ歯科【3:歯科】大分県豊後高田市中真玉２１８４番地１３", "url": "https://www.iryou.teikyouseido.mhlw.go.jp/znk-web/juminkanja/S2430/initialize?prefCd=44&kikanCd=1160700000&kikanKbn=3", "url2": null }, "geometry": { "type": "Point", "coordinates": [ 131.474086, 33.607802 ] } },
{ "type": "Feature", "properties": { "内容": "松江歯科医院【3:歯科】大分県豊後高田市玉津", "url": "https://www.iryou.teikyouseido.mhlw.go.jp/znk-web/juminkanja/S2430/initialize?prefCd=44&kikanCd=1160900000&kikanKbn=3", "url2": null }, "geometry": { "type": "Point", "coordinates": [ 131.444507, 33.56069 ] } },
{ "type": "Feature", "properties": { "内容": "医療法人　まつなり歯科医院【3:歯科】大分県豊後高田市香々地３９４９", "url": "https://www.iryou.teikyouseido.mhlw.go.jp/znk-web/juminkanja/S2430/initialize?prefCd=44&kikanCd=1161000000&kikanKbn=3", "url2": "http://www.matsunarishikaiin.com" }, "geometry": { "type": "Point", "coordinates": [ 131.524261, 33.667771 ] } },
{ "type": "Feature", "properties": { "内容": "水之江歯科医院【3:歯科】大分県豊後高田市本町４８２", "url": "https://www.iryou.teikyouseido.mhlw.go.jp/znk-web/juminkanja/S2430/initialize?prefCd=44&kikanCd=1161100000&kikanKbn=3", "url2": null }, "geometry": { "type": "Point", "coordinates": [ 131.44281, 33.556246 ] } },
{ "type": "Feature", "properties": { "内容": "吉久歯科医院【3:歯科】大分県豊後高田市御玉２３８－１", "url": "https://www.iryou.teikyouseido.mhlw.go.jp/znk-web/juminkanja/S2430/initialize?prefCd=44&kikanCd=1161200000&kikanKbn=3", "url2": null }, "geometry": { "type": "Point", "coordinates": [ 131.445837, 33.560422 ] } },
{ "type": "Feature", "properties": { "内容": "龍口歯科クリニック【3:歯科】大分県豊後高田市玉津１３２４番地１", "url": "https://www.iryou.teikyouseido.mhlw.go.jp/znk-web/juminkanja/S2430/initialize?prefCd=44&kikanCd=1161300000&kikanKbn=3", "url2": "http://www.d-next.com/ryuguchi/" }, "geometry": { "type": "Point", "coordinates": [ 131.439391, 33.56669 ] } },
{ "type": "Feature", "properties": { "内容": "有永歯科医院【3:歯科】大分県杵築市大字杵築１２４番地", "url": "https://www.iryou.teikyouseido.mhlw.go.jp/znk-web/juminkanja/S2430/initialize?prefCd=44&kikanCd=1161400000&kikanKbn=3", "url2": null }, "geometry": { "type": "Point", "coordinates": [ 131.622519, 33.415887 ] } },
{ "type": "Feature", "properties": { "内容": "歯科原田医院【3:歯科】大分県杵築市南杵築２８９番地１", "url": "https://www.iryou.teikyouseido.mhlw.go.jp/znk-web/juminkanja/S2430/initialize?prefCd=44&kikanCd=1161700000&kikanKbn=3", "url2": "http://hxh99p2.html.xdomain.jp/" }, "geometry": { "type": "Point", "coordinates": [ 131.614607, 33.417158 ] } },
{ "type": "Feature", "properties": { "内容": "田川歯科医院【3:歯科】大分県杵築市大字杵築１２１７－１", "url": "https://www.iryou.teikyouseido.mhlw.go.jp/znk-web/juminkanja/S2430/initialize?prefCd=44&kikanCd=1161800000&kikanKbn=3", "url2": null }, "geometry": { "type": "Point", "coordinates": [ 131.610967, 33.418101 ] } },
{ "type": "Feature", "properties": { "内容": "長野歯科口腔外科【3:歯科】大分県杵築市山香町内河野２７３０－１", "url": "https://www.iryou.teikyouseido.mhlw.go.jp/znk-web/juminkanja/S2430/initialize?prefCd=44&kikanCd=1161900000&kikanKbn=3", "url2": null }, "geometry": { "type": "Point", "coordinates": [ 131.503913, 33.448766 ] } },
{ "type": "Feature", "properties": { "内容": "医療法人なんば歯科医院【3:歯科】大分県杵築市大字杵築６６５－２６２", "url": "https://www.iryou.teikyouseido.mhlw.go.jp/znk-web/juminkanja/S2430/initialize?prefCd=44&kikanCd=1162000000&kikanKbn=3", "url2": "https://www.namba-shikaiin.net/" }, "geometry": { "type": "Point", "coordinates": [ 131.624976, 33.417975 ] } },
{ "type": "Feature", "properties": { "内容": "宮本歯科医院【3:歯科】大分県杵築市大字杵築６６５番地５６９", "url": "https://www.iryou.teikyouseido.mhlw.go.jp/znk-web/juminkanja/S2430/initialize?prefCd=44&kikanCd=1162200000&kikanKbn=3", "url2": "http://miyamoto.cihp2.jp" }, "geometry": { "type": "Point", "coordinates": [ 131.627347, 33.418215 ] } },
{ "type": "Feature", "properties": { "内容": "石川歯科医院【3:歯科】大分県宇佐市大字南宇佐２４２９番地の７", "url": "https://www.iryou.teikyouseido.mhlw.go.jp/znk-web/juminkanja/S2430/initialize?prefCd=44&kikanCd=1162600000&kikanKbn=3", "url2": null }, "geometry": { "type": "Point", "coordinates": [ 131.368299, 33.527154 ] } },
{ "type": "Feature", "properties": { "内容": "石部ファミリー歯科医院【3:歯科】大分県宇佐市大字江須賀４０５５－４", "url": "https://www.iryou.teikyouseido.mhlw.go.jp/znk-web/juminkanja/S2430/initialize?prefCd=44&kikanCd=1162800000&kikanKbn=3", "url2": null }, "geometry": { "type": "Point", "coordinates": [ 131.356465, 33.555255 ] } },
{ "type": "Feature", "properties": { "内容": "いわお歯科【3:歯科】大分県宇佐市別府６１－２", "url": "https://www.iryou.teikyouseido.mhlw.go.jp/znk-web/juminkanja/S2430/initialize?prefCd=44&kikanCd=1163000000&kikanKbn=3", "url2": "http://www.iwao-shika.jp" }, "geometry": { "type": "Point", "coordinates": [ 131.322412, 33.569219 ] } },
{ "type": "Feature", "properties": { "内容": "宇佐矯正歯科クリニック【3:歯科】大分県宇佐市大字辛島字屋敷１６７番地", "url": "https://www.iryou.teikyouseido.mhlw.go.jp/znk-web/juminkanja/S2430/initialize?prefCd=44&kikanCd=1163100000&kikanKbn=3", "url2": "https://www.usa-ortho.com" }, "geometry": { "type": "Point", "coordinates": [ 131.339296, 33.530502 ] } },
{ "type": "Feature", "properties": { "内容": "うしろだ歯科医院【3:歯科】大分県宇佐市大字南敷田７２６－１", "url": "https://www.iryou.teikyouseido.mhlw.go.jp/znk-web/juminkanja/S2430/initialize?prefCd=44&kikanCd=1163200000&kikanKbn=3", "url2": null }, "geometry": { "type": "Point", "coordinates": [ 131.278014, 33.548468 ] } },
{ "type": "Feature", "properties": { "内容": "金子歯科医院【3:歯科】大分県宇佐市四日市", "url": "https://www.iryou.teikyouseido.mhlw.go.jp/znk-web/juminkanja/S2430/initialize?prefCd=44&kikanCd=1163400000&kikanKbn=3", "url2": null }, "geometry": { "type": "Point", "coordinates": [ 131.3228, 33.53226 ] } },
{ "type": "Feature", "properties": { "内容": "相良歯科医院【3:歯科】大分県宇佐市住吉町２丁目２８－３", "url": "https://www.iryou.teikyouseido.mhlw.go.jp/znk-web/juminkanja/S2430/initialize?prefCd=44&kikanCd=1163600000&kikanKbn=3", "url2": null }, "geometry": { "type": "Point", "coordinates": [ 131.361045, 33.566757 ] } },
{ "type": "Feature", "properties": { "内容": "佐藤歯科医院【3:歯科】大分県宇佐市法鏡寺２６７ー１", "url": "https://www.iryou.teikyouseido.mhlw.go.jp/znk-web/juminkanja/S2430/initialize?prefCd=44&kikanCd=1163700000&kikanKbn=3", "url2": null }, "geometry": { "type": "Point", "coordinates": [ 131.346981, 33.528561 ] } },
{ "type": "Feature", "properties": { "内容": "歯科久恒医院【3:歯科】大分県宇佐市安心院町下毛２１４５", "url": "https://www.iryou.teikyouseido.mhlw.go.jp/znk-web/juminkanja/S2430/initialize?prefCd=44&kikanCd=1163800000&kikanKbn=3", "url2": null }, "geometry": { "type": "Point", "coordinates": [ 131.353215, 33.437475 ] } },
{ "type": "Feature", "properties": { "内容": "そのき歯科医院【3:歯科】大分県宇佐市葛原", "url": "https://www.iryou.teikyouseido.mhlw.go.jp/znk-web/juminkanja/S2430/initialize?prefCd=44&kikanCd=1163900000&kikanKbn=3", "url2": null }, "geometry": { "type": "Point", "coordinates": [ 131.335792, 33.536532 ] } },
{ "type": "Feature", "properties": { "内容": "たえん歯科【3:歯科】大分県宇佐市下時枝５６８－１", "url": "https://www.iryou.teikyouseido.mhlw.go.jp/znk-web/juminkanja/S2430/initialize?prefCd=44&kikanCd=1164000000&kikanKbn=3", "url2": null }, "geometry": { "type": "Point", "coordinates": [ 131.305611, 33.55512 ] } },
{ "type": "Feature", "properties": { "内容": "田中歯科医院【3:歯科】大分県宇佐市大字長洲６８８", "url": "https://www.iryou.teikyouseido.mhlw.go.jp/znk-web/juminkanja/S2430/initialize?prefCd=44&kikanCd=1164200000&kikanKbn=3", "url2": null }, "geometry": { "type": "Point", "coordinates": [ 131.377602, 33.56904 ] } },
{ "type": "Feature", "properties": { "内容": "長浦歯科医院【3:歯科】大分県宇佐市岩崎", "url": "https://www.iryou.teikyouseido.mhlw.go.jp/znk-web/juminkanja/S2430/initialize?prefCd=44&kikanCd=1164500000&kikanKbn=3", "url2": null }, "geometry": { "type": "Point", "coordinates": [ 131.403586, 33.534889 ] } },
{ "type": "Feature", "properties": { "内容": "中島デンタルクリニック【3:歯科】大分県宇佐市上高家１３７８－１", "url": "https://www.iryou.teikyouseido.mhlw.go.jp/znk-web/juminkanja/S2430/initialize?prefCd=44&kikanCd=1164700000&kikanKbn=3", "url2": null }, "geometry": { "type": "Point", "coordinates": [ 131.323237, 33.564629 ] } },
{ "type": "Feature", "properties": { "内容": "なの花歯科【3:歯科】大分県宇佐市辛島１９２－１", "url": "https://www.iryou.teikyouseido.mhlw.go.jp/znk-web/juminkanja/S2430/initialize?prefCd=44&kikanCd=1164800000&kikanKbn=3", "url2": null }, "geometry": { "type": "Point", "coordinates": [ 131.338807, 33.530727 ] } },
{ "type": "Feature", "properties": { "内容": "蜷木歯科医院【3:歯科】大分県宇佐市宇佐市岩崎１２４３－４", "url": "https://www.iryou.teikyouseido.mhlw.go.jp/znk-web/juminkanja/S2430/initialize?prefCd=44&kikanCd=1164900000&kikanKbn=3", "url2": null }, "geometry": { "type": "Point", "coordinates": [ 131.416311, 33.539678 ] } },
{ "type": "Feature", "properties": { "内容": "朝地町アルファ歯科医院【3:歯科】大分県豊後大野市朝地町坪泉", "url": "https://www.iryou.teikyouseido.mhlw.go.jp/znk-web/juminkanja/S2430/initialize?prefCd=44&kikanCd=1165300000&kikanKbn=3", "url2": null }, "geometry": { "type": "Point", "coordinates": [ 131.432402, 33.004342 ] } },
{ "type": "Feature", "properties": { "内容": "医療法人　久保歯科医院【3:歯科】大分県豊後大野市大野町田中１６６番地の２", "url": "https://www.iryou.teikyouseido.mhlw.go.jp/znk-web/juminkanja/S2430/initialize?prefCd=44&kikanCd=1165700000&kikanKbn=3", "url2": null }, "geometry": { "type": "Point", "coordinates": [ 131.501673, 33.040338 ] } },
{ "type": "Feature", "properties": { "内容": "熊瀬歯科医院【3:歯科】大分県豊後大野市三重町市場５６０番地１", "url": "https://www.iryou.teikyouseido.mhlw.go.jp/znk-web/juminkanja/S2430/initialize?prefCd=44&kikanCd=1165800000&kikanKbn=3", "url2": null }, "geometry": { "type": "Point", "coordinates": [ 131.585144, 32.979875 ] } },
{ "type": "Feature", "properties": { "内容": "ごとう歯科・口腔外科クリニック【3:歯科】大分県豊後大野市三重町赤嶺１６８０", "url": "https://www.iryou.teikyouseido.mhlw.go.jp/znk-web/juminkanja/S2430/initialize?prefCd=44&kikanCd=1165900000&kikanKbn=3", "url2": null }, "geometry": { "type": "Point", "coordinates": [ 131.597039, 32.982753 ] } },
{ "type": "Feature", "properties": { "内容": "杉山歯科医院【3:歯科】大分県豊後大野市犬飼町田原２１０－１", "url": "https://www.iryou.teikyouseido.mhlw.go.jp/znk-web/juminkanja/S2430/initialize?prefCd=44&kikanCd=1166000000&kikanKbn=3", "url2": null }, "geometry": { "type": "Point", "coordinates": [ 131.635844, 33.06735 ] } },
{ "type": "Feature", "properties": { "内容": "第一歯科大塚【3:歯科】大分県豊後大野市三重町市場８１２番地２", "url": "https://www.iryou.teikyouseido.mhlw.go.jp/znk-web/juminkanja/S2430/initialize?prefCd=44&kikanCd=1166100000&kikanKbn=3", "url2": null }, "geometry": { "type": "Point", "coordinates": [ 131.582287, 32.974856 ] } },
{ "type": "Feature", "properties": { "内容": "羽田歯科医院【3:歯科】大分県豊後大野市三重町赤嶺", "url": "https://www.iryou.teikyouseido.mhlw.go.jp/znk-web/juminkanja/S2430/initialize?prefCd=44&kikanCd=1166400000&kikanKbn=3", "url2": "https://hada-dc.net/" }, "geometry": { "type": "Point", "coordinates": [ 131.584375, 32.981163 ] } },
{ "type": "Feature", "properties": { "内容": "みどり歯科クリニック【3:歯科】大分県豊後大野市緒方町下自在１６８－１－２Ｆ", "url": "https://www.iryou.teikyouseido.mhlw.go.jp/znk-web/juminkanja/S2430/initialize?prefCd=44&kikanCd=1166700000&kikanKbn=3", "url2": null }, "geometry": { "type": "Point", "coordinates": [ 131.471518, 32.973174 ] } },
{ "type": "Feature", "properties": { "内容": "むとう歯科医院【3:歯科】大分県豊後大野市犬飼町犬飼１８", "url": "https://www.iryou.teikyouseido.mhlw.go.jp/znk-web/juminkanja/S2430/initialize?prefCd=44&kikanCd=1166800000&kikanKbn=3", "url2": null }, "geometry": { "type": "Point", "coordinates": [ 131.634985, 33.0724 ] } },
{ "type": "Feature", "properties": { "内容": "矢野歯科クリニック【3:歯科】大分県豊後大野市三重町赤嶺１０９２−２５", "url": "https://www.iryou.teikyouseido.mhlw.go.jp/znk-web/juminkanja/S2430/initialize?prefCd=44&kikanCd=1166900000&kikanKbn=3", "url2": "https://itp.ne.jp/info/447820711500000899/" }, "geometry": { "type": "Point", "coordinates": [ 131.601812, 32.987067 ] } },
{ "type": "Feature", "properties": { "内容": "小野歯科医院【3:歯科】大分県由布市庄内町大龍２３４６番地１", "url": "https://www.iryou.teikyouseido.mhlw.go.jp/znk-web/juminkanja/S2430/initialize?prefCd=44&kikanCd=1167000000&kikanKbn=3", "url2": "http://www.dental-ono.com/" }, "geometry": { "type": "Point", "coordinates": [ 131.448179, 33.180592 ] } },
{ "type": "Feature", "properties": { "内容": "医療法人　小原歯科医院【3:歯科】大分県由布市挾間町挾間３５６－１", "url": "https://www.iryou.teikyouseido.mhlw.go.jp/znk-web/juminkanja/S2430/initialize?prefCd=44&kikanCd=1167100000&kikanKbn=3", "url2": "ohara dental clinic.com" }, "geometry": { "type": "Point", "coordinates": [ 131.517786, 33.201749 ] } },
{ "type": "Feature", "properties": { "内容": "かわかみ歯科【3:歯科】大分県由布市挟間町北方１３－１", "url": "https://www.iryou.teikyouseido.mhlw.go.jp/znk-web/juminkanja/S2430/initialize?prefCd=44&kikanCd=1167200000&kikanKbn=3", "url2": null }, "geometry": { "type": "Point", "coordinates": [ 131.523535, 33.205588 ] } },
{ "type": "Feature", "properties": { "内容": "杉本歯科クリニック【3:歯科】大分県由布市挾間町挾間４５６－１", "url": "https://www.iryou.teikyouseido.mhlw.go.jp/znk-web/juminkanja/S2430/initialize?prefCd=44&kikanCd=1167300000&kikanKbn=3", "url2": "http://www.kimoto-dc.jp" }, "geometry": { "type": "Point", "coordinates": [ 131.515383, 33.199821 ] } },
{ "type": "Feature", "properties": { "内容": "歯科吉村医院【3:歯科】大分県由布市湯布院町川南", "url": "https://www.iryou.teikyouseido.mhlw.go.jp/znk-web/juminkanja/S2430/initialize?prefCd=44&kikanCd=1167400000&kikanKbn=3", "url2": null }, "geometry": { "type": "Point", "coordinates": [ 131.357913, 33.256026 ] } },
{ "type": "Feature", "properties": { "内容": "田代歯科医院【3:歯科】大分県由布市湯布院町川上２９３５番地４", "url": "https://www.iryou.teikyouseido.mhlw.go.jp/znk-web/juminkanja/S2430/initialize?prefCd=44&kikanCd=1167600000&kikanKbn=3", "url2": "http://www.tashiro-dental.net" }, "geometry": { "type": "Point", "coordinates": [ 131.357363, 33.263151 ] } },
{ "type": "Feature", "properties": { "内容": "ヒロ歯科クリニック【3:歯科】大分県由布市庄内町柿原３０５番２　花菱ハイツ１Ｆ", "url": "https://www.iryou.teikyouseido.mhlw.go.jp/znk-web/juminkanja/S2430/initialize?prefCd=44&kikanCd=1167800000&kikanKbn=3", "url2": null }, "geometry": { "type": "Point", "coordinates": [ 131.422013, 33.179278 ] } },
{ "type": "Feature", "properties": { "内容": "フォレスト・デンタル・クリニック【3:歯科】大分県由布市湯布院町川上１１８１－１４", "url": "https://www.iryou.teikyouseido.mhlw.go.jp/znk-web/juminkanja/S2430/initialize?prefCd=44&kikanCd=1167900000&kikanKbn=3", "url2": null }, "geometry": { "type": "Point", "coordinates": [ 131.365923, 33.272646 ] } },
{ "type": "Feature", "properties": { "内容": "吉村歯科クリニック【3:歯科】大分県由布市挾間町古野２０４－５", "url": "https://www.iryou.teikyouseido.mhlw.go.jp/znk-web/juminkanja/S2430/initialize?prefCd=44&kikanCd=1168000000&kikanKbn=3", "url2": null }, "geometry": { "type": "Point", "coordinates": [ 131.529315, 33.209554 ] } },
{ "type": "Feature", "properties": { "内容": "川野歯科医院【3:歯科】大分県国東市武蔵町古市１０９番地", "url": "https://www.iryou.teikyouseido.mhlw.go.jp/znk-web/juminkanja/S2430/initialize?prefCd=44&kikanCd=1168200000&kikanKbn=3", "url2": null }, "geometry": { "type": "Point", "coordinates": [ 131.715088, 33.511629 ] } },
{ "type": "Feature", "properties": { "内容": "岐部歯科医院【3:歯科】大分県国東市国見町伊美２５８４番地３", "url": "https://www.iryou.teikyouseido.mhlw.go.jp/znk-web/juminkanja/S2430/initialize?prefCd=44&kikanCd=1168400000&kikanKbn=3", "url2": null }, "geometry": { "type": "Point", "coordinates": [ 131.596148, 33.6843 ] } },
{ "type": "Feature", "properties": { "内容": "清末歯科医院【3:歯科】大分県国東市国東町富来浦１４４４", "url": "https://www.iryou.teikyouseido.mhlw.go.jp/znk-web/juminkanja/S2430/initialize?prefCd=44&kikanCd=1168500000&kikanKbn=3", "url2": null }, "geometry": { "type": "Point", "coordinates": [ 131.711898, 33.603242 ] } },
{ "type": "Feature", "properties": { "内容": "医療法人社団　栗林歯科医院【3:歯科】大分県国東市国東町鶴川３９８番地１", "url": "https://www.iryou.teikyouseido.mhlw.go.jp/znk-web/juminkanja/S2430/initialize?prefCd=44&kikanCd=1168600000&kikanKbn=3", "url2": "https://www.kuribayashi-dc.com/kunisaki/" }, "geometry": { "type": "Point", "coordinates": [ 131.737443, 33.56393 ] } },
{ "type": "Feature", "properties": { "内容": "ざいぜん歯科【3:歯科】大分県国東市国東町小原２７６９", "url": "https://www.iryou.teikyouseido.mhlw.go.jp/znk-web/juminkanja/S2430/initialize?prefCd=44&kikanCd=1168800000&kikanKbn=3", "url2": null }, "geometry": { "type": "Point", "coordinates": [ 131.736827, 33.543771 ] } },
{ "type": "Feature", "properties": { "内容": "医療法人さいとう歯科医院【3:歯科】大分県国東市安岐町塩屋", "url": "https://www.iryou.teikyouseido.mhlw.go.jp/znk-web/juminkanja/S2430/initialize?prefCd=44&kikanCd=1168900000&kikanKbn=3", "url2": null }, "geometry": { "type": "Point", "coordinates": [ 131.719079, 33.457708 ] } },
{ "type": "Feature", "properties": { "内容": "なかよし歯科医院【3:歯科】大分県国東市武蔵町古市", "url": "https://www.iryou.teikyouseido.mhlw.go.jp/znk-web/juminkanja/S2430/initialize?prefCd=44&kikanCd=1169000000&kikanKbn=3", "url2": null }, "geometry": { "type": "Point", "coordinates": [ 131.721979, 33.501796 ] } },
{ "type": "Feature", "properties": { "内容": "福永歯科医院【3:歯科】大分県国東市国東町鶴川１０６番地", "url": "https://www.iryou.teikyouseido.mhlw.go.jp/znk-web/juminkanja/S2430/initialize?prefCd=44&kikanCd=1169100000&kikanKbn=3", "url2": null }, "geometry": { "type": "Point", "coordinates": [ 131.733145, 33.562389 ] } },
{ "type": "Feature", "properties": { "内容": "医療法人　ふじがき歯科医院【3:歯科】大分県国東市国見町伊美", "url": "https://www.iryou.teikyouseido.mhlw.go.jp/znk-web/juminkanja/S2430/initialize?prefCd=44&kikanCd=1169200000&kikanKbn=3", "url2": null }, "geometry": { "type": "Point", "coordinates": [ 131.598564, 33.682463 ] } },
{ "type": "Feature", "properties": { "内容": "矢野歯科医院【3:歯科】大分県国東市安岐町瀬戸田６６９番地", "url": "https://www.iryou.teikyouseido.mhlw.go.jp/znk-web/juminkanja/S2430/initialize?prefCd=44&kikanCd=1169300000&kikanKbn=3", "url2": null }, "geometry": { "type": "Point", "coordinates": [ 131.69664, 33.468495 ] } },
{ "type": "Feature", "properties": { "内容": "ＡＬＰＳ　ＳＵＮＲＩＳＥ　ＣＬＩＮＩＣ【3:歯科】大分県速見郡日出町日出町の次に番地がくる場合", "url": "https://www.iryou.teikyouseido.mhlw.go.jp/znk-web/juminkanja/S2430/initialize?prefCd=44&kikanCd=1169500000&kikanKbn=3", "url2": "http://alpsdc.jp" }, "geometry": { "type": "Point", "coordinates": [ 131.53303, 33.369379 ] } },
{ "type": "Feature", "properties": { "内容": "大原歯科医院【3:歯科】大分県速見郡日出町３１１５番地１８", "url": "https://www.iryou.teikyouseido.mhlw.go.jp/znk-web/juminkanja/S2430/initialize?prefCd=44&kikanCd=1169700000&kikanKbn=3", "url2": null }, "geometry": { "type": "Point", "coordinates": [ 131.568146, 33.392466 ] } },
{ "type": "Feature", "properties": { "内容": "河野歯科医院【3:歯科】大分県速見郡日出町川崎", "url": "https://www.iryou.teikyouseido.mhlw.go.jp/znk-web/juminkanja/S2430/initialize?prefCd=44&kikanCd=1169800000&kikanKbn=3", "url2": null }, "geometry": { "type": "Point", "coordinates": [ 131.583252, 33.374119 ] } },
{ "type": "Feature", "properties": { "内容": "医療法人第二谷口歯科医院【3:歯科】大分県速見郡日出町豊岡３８５ー１", "url": "https://www.iryou.teikyouseido.mhlw.go.jp/znk-web/juminkanja/S2430/initialize?prefCd=44&kikanCd=1169900000&kikanKbn=3", "url2": null }, "geometry": { "type": "Point", "coordinates": [ 131.515269, 33.368462 ] } },
{ "type": "Feature", "properties": { "内容": "溝部歯科医院【3:歯科】大分県速見郡日出町３４８０－７", "url": "https://www.iryou.teikyouseido.mhlw.go.jp/znk-web/juminkanja/S2430/initialize?prefCd=44&kikanCd=1170300000&kikanKbn=3", "url2": null }, "geometry": { "type": "Point", "coordinates": [ 131.532, 33.368958 ] } },
{ "type": "Feature", "properties": { "内容": "脇歯科医院【3:歯科】大分県速見郡日出町１６６１－１８", "url": "https://www.iryou.teikyouseido.mhlw.go.jp/znk-web/juminkanja/S2430/initialize?prefCd=44&kikanCd=1170400000&kikanKbn=3", "url2": null }, "geometry": { "type": "Point", "coordinates": [ 131.533771, 33.372954 ] } },
{ "type": "Feature", "properties": { "内容": "麻生歯科医院【3:歯科】大分県玖珠郡九重町右田", "url": "https://www.iryou.teikyouseido.mhlw.go.jp/znk-web/juminkanja/S2430/initialize?prefCd=44&kikanCd=1170500000&kikanKbn=3", "url2": null }, "geometry": { "type": "Point", "coordinates": [ 131.207732, 33.226378 ] } },
{ "type": "Feature", "properties": { "内容": "井上歯科医院【3:歯科】大分県玖珠郡九重町右田７３７−３", "url": "https://www.iryou.teikyouseido.mhlw.go.jp/znk-web/juminkanja/S2430/initialize?prefCd=44&kikanCd=1170600000&kikanKbn=3", "url2": null }, "geometry": { "type": "Point", "coordinates": [ 131.207657, 33.226913 ] } },
{ "type": "Feature", "properties": { "内容": "玉井歯科医院【3:歯科】大分県玖珠郡九重町恵良", "url": "https://www.iryou.teikyouseido.mhlw.go.jp/znk-web/juminkanja/S2430/initialize?prefCd=44&kikanCd=1170700000&kikanKbn=3", "url2": null }, "geometry": { "type": "Point", "coordinates": [ 131.177468, 33.258327 ] } },
{ "type": "Feature", "properties": { "内容": "秋吉歯科医院【3:歯科】大分県玖珠郡玖珠町帆足", "url": "https://www.iryou.teikyouseido.mhlw.go.jp/znk-web/juminkanja/S2430/initialize?prefCd=44&kikanCd=1170900000&kikanKbn=3", "url2": null }, "geometry": { "type": "Point", "coordinates": [ 131.153086, 33.284382 ] } },
{ "type": "Feature", "properties": { "内容": "井上第二歯科医院【3:歯科】大分県玖珠郡玖珠町塚脇７３４ー２", "url": "https://www.iryou.teikyouseido.mhlw.go.jp/znk-web/juminkanja/S2430/initialize?prefCd=44&kikanCd=1171000000&kikanKbn=3", "url2": null }, "geometry": { "type": "Point", "coordinates": [ 131.143799, 33.276584 ] } },
{ "type": "Feature", "properties": { "内容": "相良歯科医院【3:歯科】大分県玖珠郡玖珠町塚脇３４８－１", "url": "https://www.iryou.teikyouseido.mhlw.go.jp/znk-web/juminkanja/S2430/initialize?prefCd=44&kikanCd=1171300000&kikanKbn=3", "url2": null }, "geometry": { "type": "Point", "coordinates": [ 131.152275, 33.277803 ] } },
{ "type": "Feature", "properties": { "内容": "たしろ歯科医院【3:歯科】大分県玖珠郡玖珠町大字塚脇１８１－４", "url": "https://www.iryou.teikyouseido.mhlw.go.jp/znk-web/juminkanja/S2430/initialize?prefCd=44&kikanCd=1171400000&kikanKbn=3", "url2": null }, "geometry": { "type": "Point", "coordinates": [ 131.150831, 33.276761 ] } },
{ "type": "Feature", "properties": { "内容": "長尾歯科【3:歯科】大分県玖珠郡玖珠町大字帆足２７９番地", "url": "https://www.iryou.teikyouseido.mhlw.go.jp/znk-web/juminkanja/S2430/initialize?prefCd=44&kikanCd=1171500000&kikanKbn=3", "url2": null }, "geometry": { "type": "Point", "coordinates": [ 131.150472, 33.283221 ] } },
{ "type": "Feature", "properties": { "内容": "吉武歯科医院【3:歯科】大分県玖珠郡玖珠町大字帆足２４１－２", "url": "https://www.iryou.teikyouseido.mhlw.go.jp/znk-web/juminkanja/S2430/initialize?prefCd=44&kikanCd=1171600000&kikanKbn=3", "url2": null }, "geometry": { "type": "Point", "coordinates": [ 131.154781, 33.283483 ] } },
{ "type": "Feature", "properties": { "内容": "いとう歯科こども歯科【3:歯科】大分県臼杵市市浜", "url": "https://www.iryou.teikyouseido.mhlw.go.jp/znk-web/juminkanja/S2430/initialize?prefCd=44&kikanCd=2000400000&kikanKbn=3", "url2": null }, "geometry": { "type": "Point", "coordinates": [ 131.783624, 33.111099 ] } },
{ "type": "Feature", "properties": { "内容": "タカサゴデンタルオフィス【3:歯科】大分県大分市高砂町１－５　大川産婦人科・小児科高砂ビル　７Ｆ", "url": "https://www.iryou.teikyouseido.mhlw.go.jp/znk-web/juminkanja/S2430/initialize?prefCd=44&kikanCd=2004500000&kikanKbn=3", "url2": "http://takasago-do.jp" }, "geometry": { "type": "Point", "coordinates": [ 131.601995, 33.237458 ] } },
{ "type": "Feature", "properties": { "内容": "らいおん歯科【3:歯科】大分県大分市金池南２－３－５　らいおんＢＬＤ　２０１", "url": "https://www.iryou.teikyouseido.mhlw.go.jp/znk-web/juminkanja/S2430/initialize?prefCd=44&kikanCd=2004600000&kikanKbn=3", "url2": "http://www.lionshika.com/" }, "geometry": { "type": "Point", "coordinates": [ 131.608875, 33.229682 ] } },
{ "type": "Feature", "properties": { "内容": "安心院わたなべ歯科【3:歯科】大分県宇佐市安心院町木裳３８０－２", "url": "https://www.iryou.teikyouseido.mhlw.go.jp/znk-web/juminkanja/S2430/initialize?prefCd=44&kikanCd=2004800000&kikanKbn=3", "url2": null }, "geometry": { "type": "Point", "coordinates": [ 131.356124, 33.440598 ] } },
{ "type": "Feature", "properties": { "内容": "とも歯科クリニック【3:歯科】大分県大分市明野北１丁目２２２６－１０", "url": "https://www.iryou.teikyouseido.mhlw.go.jp/znk-web/juminkanja/S2430/initialize?prefCd=44&kikanCd=2005400000&kikanKbn=3", "url2": "http://tomoden.jp/" }, "geometry": { "type": "Point", "coordinates": [ 131.652603, 33.225962 ] } },
{ "type": "Feature", "properties": { "内容": "医療法人山下歯科医院【3:歯科】大分県速見郡日出町３１８４番地", "url": "https://www.iryou.teikyouseido.mhlw.go.jp/znk-web/juminkanja/S2430/initialize?prefCd=44&kikanCd=2006000000&kikanKbn=3", "url2": "https://www.dental-yamashita.net/" }, "geometry": { "type": "Point", "coordinates": [ 131.530313, 33.370501 ] } },
{ "type": "Feature", "properties": { "内容": "安部徹歯科医院ＣＴインプラントオフィス【3:歯科】大分県別府市荘園", "url": "https://www.iryou.teikyouseido.mhlw.go.jp/znk-web/juminkanja/S2430/initialize?prefCd=44&kikanCd=2007800000&kikanKbn=3", "url2": "http://www.abetoru-do.jp/" }, "geometry": { "type": "Point", "coordinates": [ 131.484482, 33.293221 ] } },
{ "type": "Feature", "properties": { "内容": "ふくだ歯科クリニック【3:歯科】大分県大分市森５８２－１", "url": "https://www.iryou.teikyouseido.mhlw.go.jp/znk-web/juminkanja/S2430/initialize?prefCd=44&kikanCd=2008400000&kikanKbn=3", "url2": null }, "geometry": { "type": "Point", "coordinates": [ 131.681056, 33.220487 ] } },
{ "type": "Feature", "properties": { "内容": "ダイヤモンド歯科クリニック【3:歯科】大分県大分市中戸次字長新地４７８１", "url": "https://www.iryou.teikyouseido.mhlw.go.jp/znk-web/juminkanja/S2430/initialize?prefCd=44&kikanCd=2008700000&kikanKbn=3", "url2": null }, "geometry": { "type": "Point", "coordinates": [ 131.658631, 33.152279 ] } },
{ "type": "Feature", "properties": { "内容": "ファミリー歯科・こども歯科【3:歯科】大分県佐伯市中の島２丁目１９番３０号", "url": "https://www.iryou.teikyouseido.mhlw.go.jp/znk-web/juminkanja/S2430/initialize?prefCd=44&kikanCd=2009200000&kikanKbn=3", "url2": "https://family-m-clinic.ci-hp.jp/" }, "geometry": { "type": "Point", "coordinates": [ 131.896736, 32.953243 ] } },
{ "type": "Feature", "properties": { "内容": "小泉歯科口腔外科【3:歯科】大分県中津市大新田", "url": "https://www.iryou.teikyouseido.mhlw.go.jp/znk-web/juminkanja/S2430/initialize?prefCd=44&kikanCd=2010000000&kikanKbn=3", "url2": "http://www.musa-web.net/hp/kendental/" }, "geometry": { "type": "Point", "coordinates": [ 131.221272, 33.600224 ] } },
{ "type": "Feature", "properties": { "内容": "おぐし矯正歯科クリニック【3:歯科】大分県大分市中央町２丁目５ー３　セントポルタビル２Ｆ", "url": "https://www.iryou.teikyouseido.mhlw.go.jp/znk-web/juminkanja/S2430/initialize?prefCd=44&kikanCd=2010200000&kikanKbn=3", "url2": null }, "geometry": { "type": "Point", "coordinates": [ 131.606222, 33.236408 ] } },
{ "type": "Feature", "properties": { "内容": "きむら歯科クリニック【3:歯科】大分県大分市大字迫字迫谷５３番１", "url": "https://www.iryou.teikyouseido.mhlw.go.jp/znk-web/juminkanja/S2430/initialize?prefCd=44&kikanCd=2010600000&kikanKbn=3", "url2": "http://www.kimuradentalclinic.jp" }, "geometry": { "type": "Point", "coordinates": [ 131.699188, 33.223054 ] } },
{ "type": "Feature", "properties": { "内容": "高木歯科医院【3:歯科】大分県日田市三本松２－１－１１第一光ビル１Ｆ", "url": "https://www.iryou.teikyouseido.mhlw.go.jp/znk-web/juminkanja/S2430/initialize?prefCd=44&kikanCd=2011800000&kikanKbn=3", "url2": null }, "geometry": { "type": "Point", "coordinates": [ 130.931711, 33.321098 ] } },
{ "type": "Feature", "properties": { "内容": "ライフ歯科クリニック【3:歯科】大分県大分市大字松岡４７１３－１", "url": "https://www.iryou.teikyouseido.mhlw.go.jp/znk-web/juminkanja/S2430/initialize?prefCd=44&kikanCd=2012000000&kikanKbn=3", "url2": null }, "geometry": { "type": "Point", "coordinates": [ 131.668478, 33.185069 ] } },
{ "type": "Feature", "properties": { "内容": "医療法人　貞祥会　酒本歯科医院【3:歯科】大分県別府市青山町３１０９－２", "url": "https://www.iryou.teikyouseido.mhlw.go.jp/znk-web/juminkanja/S2430/initialize?prefCd=44&kikanCd=2012400000&kikanKbn=3", "url2": "https://www.sakamoto-shika-beppu.com/" }, "geometry": { "type": "Point", "coordinates": [ 131.493067, 33.277754 ] } },
{ "type": "Feature", "properties": { "内容": "たいよう歯科【3:歯科】大分県大分市牧３丁目１１－１６", "url": "https://www.iryou.teikyouseido.mhlw.go.jp/znk-web/juminkanja/S2430/initialize?prefCd=44&kikanCd=2013000000&kikanKbn=3", "url2": null }, "geometry": { "type": "Point", "coordinates": [ 131.644761, 33.24207 ] } },
{ "type": "Feature", "properties": { "内容": "はっぴぃー歯科・小児歯科【3:歯科】大分県大分市皆春１５７１－１　ぱせおビル２Ｆ（ふらいるコープ内）", "url": "https://www.iryou.teikyouseido.mhlw.go.jp/znk-web/juminkanja/S2430/initialize?prefCd=44&kikanCd=2013100000&kikanKbn=3", "url2": "http://www.dentdb.com/happy/" }, "geometry": { "type": "Point", "coordinates": [ 131.681516, 33.234972 ] } },
{ "type": "Feature", "properties": { "内容": "からしま歯科【3:歯科】大分県中津市島田４２７番地４", "url": "https://www.iryou.teikyouseido.mhlw.go.jp/znk-web/juminkanja/S2430/initialize?prefCd=44&kikanCd=2013400000&kikanKbn=3", "url2": null }, "geometry": { "type": "Point", "coordinates": [ 131.189855, 33.596744 ] } },
{ "type": "Feature", "properties": { "内容": "木下歯科医院【3:歯科】大分県中津市下宮永７６番地１３", "url": "https://www.iryou.teikyouseido.mhlw.go.jp/znk-web/juminkanja/S2430/initialize?prefCd=44&kikanCd=2013500000&kikanKbn=3", "url2": null }, "geometry": { "type": "Point", "coordinates": [ 131.185314, 33.595677 ] } },
{ "type": "Feature", "properties": { "内容": "はらおか歯科医院【3:歯科】大分県中津市永添", "url": "https://www.iryou.teikyouseido.mhlw.go.jp/znk-web/juminkanja/S2430/initialize?prefCd=44&kikanCd=2013600000&kikanKbn=3", "url2": null }, "geometry": { "type": "Point", "coordinates": [ 131.202278, 33.571054 ] } },
{ "type": "Feature", "properties": { "内容": "ふたば歯科クリニック【3:歯科】大分県大分市城原", "url": "https://www.iryou.teikyouseido.mhlw.go.jp/znk-web/juminkanja/S2430/initialize?prefCd=44&kikanCd=2013900000&kikanKbn=3", "url2": null }, "geometry": { "type": "Point", "coordinates": [ 131.726198, 33.237983 ] } },
{ "type": "Feature", "properties": { "内容": "Ｂ＆Ａ矯正歯科クリニック【3:歯科】大分県別府市南立石一区", "url": "https://www.iryou.teikyouseido.mhlw.go.jp/znk-web/juminkanja/S2430/initialize?prefCd=44&kikanCd=2014000000&kikanKbn=3", "url2": "http://www.b-and-a-kyousei.com" }, "geometry": { "type": "Point", "coordinates": [ 131.480513, 33.284835 ] } },
{ "type": "Feature", "properties": { "内容": "大谷歯科・こども歯科【3:歯科】大分県大分市田室町６－３", "url": "https://www.iryou.teikyouseido.mhlw.go.jp/znk-web/juminkanja/S2430/initialize?prefCd=44&kikanCd=2014900000&kikanKbn=3", "url2": "http://www.otanisika-kodomosika.com/" }, "geometry": { "type": "Point", "coordinates": [ 131.597816, 33.236417 ] } },
{ "type": "Feature", "properties": { "内容": "小林歯科クリニック【3:歯科】大分県中津市是則８５０－５", "url": "https://www.iryou.teikyouseido.mhlw.go.jp/znk-web/juminkanja/S2430/initialize?prefCd=44&kikanCd=2015200000&kikanKbn=3", "url2": null }, "geometry": { "type": "Point", "coordinates": [ 131.236146, 33.587809 ] } },
{ "type": "Feature", "properties": { "内容": "大分駅南口歯科【3:歯科】大分県大分市金池南１丁目１番５号　ＪＲおおいたシティ第２駐車場２階", "url": "https://www.iryou.teikyouseido.mhlw.go.jp/znk-web/juminkanja/S2430/initialize?prefCd=44&kikanCd=2015500000&kikanKbn=3", "url2": "http://www.oitaeki-dc.com/" }, "geometry": { "type": "Point", "coordinates": [ 131.606406, 33.231826 ] } },
{ "type": "Feature", "properties": { "内容": "さとう歯科医院【3:歯科】大分県大分市南２－１", "url": "https://www.iryou.teikyouseido.mhlw.go.jp/znk-web/juminkanja/S2430/initialize?prefCd=44&kikanCd=2016300000&kikanKbn=3", "url2": "http://www.dc-sato.com/" }, "geometry": { "type": "Point", "coordinates": [ 131.648398, 33.175699 ] } },
{ "type": "Feature", "properties": { "内容": "医療法人麻生歯科【3:歯科】大分県大分市浜町東", "url": "https://www.iryou.teikyouseido.mhlw.go.jp/znk-web/juminkanja/S2430/initialize?prefCd=44&kikanCd=2016400000&kikanKbn=3", "url2": "http://www.aso-implant.com/" }, "geometry": { "type": "Point", "coordinates": [ 131.602742, 33.246427 ] } },
{ "type": "Feature", "properties": { "内容": "すぎもと歯科こども歯科【3:歯科】大分県大分市庄境１０４", "url": "https://www.iryou.teikyouseido.mhlw.go.jp/znk-web/juminkanja/S2430/initialize?prefCd=44&kikanCd=2016500000&kikanKbn=3", "url2": null }, "geometry": { "type": "Point", "coordinates": [ 131.703919, 33.240258 ] } },
{ "type": "Feature", "properties": { "内容": "ねぎ歯科クリニック【3:歯科】大分県大分市畑中１ー２ー５１", "url": "https://www.iryou.teikyouseido.mhlw.go.jp/znk-web/juminkanja/S2430/initialize?prefCd=44&kikanCd=2017200000&kikanKbn=3", "url2": "http://www.negi-shika.com" }, "geometry": { "type": "Point", "coordinates": [ 131.603079, 33.206323 ] } },
{ "type": "Feature", "properties": { "内容": "こころデンタルクリニック【3:歯科】大分県大分市仲西町２丁目４－２８　ＹＵＫＯビル２Ｆ", "url": "https://www.iryou.teikyouseido.mhlw.go.jp/znk-web/juminkanja/S2430/initialize?prefCd=44&kikanCd=2017500000&kikanKbn=3", "url2": null }, "geometry": { "type": "Point", "coordinates": [ 131.662098, 33.244623 ] } },
{ "type": "Feature", "properties": { "内容": "フレンド歯科【3:歯科】大分県豊後大野市三重町赤嶺２０５６番地", "url": "https://www.iryou.teikyouseido.mhlw.go.jp/znk-web/juminkanja/S2430/initialize?prefCd=44&kikanCd=2018500000&kikanKbn=3", "url2": null }, "geometry": { "type": "Point", "coordinates": [ 131.595858, 32.984367 ] } },
{ "type": "Feature", "properties": { "内容": "だん歯科クリニック【3:歯科】大分県大分市生石１４５－４４", "url": "https://www.iryou.teikyouseido.mhlw.go.jp/znk-web/juminkanja/S2430/initialize?prefCd=44&kikanCd=2019100000&kikanKbn=3", "url2": "http://www.dan-dc.net/" }, "geometry": { "type": "Point", "coordinates": [ 131.576589, 33.244 ] } },
{ "type": "Feature", "properties": { "内容": "つちや歯科医院【3:歯科】大分県佐伯市長島町２ー２ー１０", "url": "https://www.iryou.teikyouseido.mhlw.go.jp/znk-web/juminkanja/S2430/initialize?prefCd=44&kikanCd=2019200000&kikanKbn=3", "url2": null }, "geometry": { "type": "Point", "coordinates": [ 131.907649, 32.961452 ] } },
{ "type": "Feature", "properties": { "内容": "かみやま歯科【3:歯科】大分県大分市森１２２９−１４", "url": "https://www.iryou.teikyouseido.mhlw.go.jp/znk-web/juminkanja/S2430/initialize?prefCd=44&kikanCd=2019700000&kikanKbn=3", "url2": null }, "geometry": { "type": "Point", "coordinates": [ 131.60724, 33.23902 ] } },
{ "type": "Feature", "properties": { "内容": "野上デンタルクリニック【3:歯科】大分県大分市生石", "url": "https://www.iryou.teikyouseido.mhlw.go.jp/znk-web/juminkanja/S2430/initialize?prefCd=44&kikanCd=2019800000&kikanKbn=3", "url2": null }, "geometry": { "type": "Point", "coordinates": [ 131.583508, 33.245851 ] } },
{ "type": "Feature", "properties": { "内容": "市場のはいしゃさん【3:歯科】大分県豊後大野市三重町市場１３９６番地１", "url": "https://www.iryou.teikyouseido.mhlw.go.jp/znk-web/juminkanja/S2430/initialize?prefCd=44&kikanCd=2019900000&kikanKbn=3", "url2": null }, "geometry": { "type": "Point", "coordinates": [ 131.581731, 32.978489 ] } },
{ "type": "Feature", "properties": { "内容": "ナチュラル・デンタルクリニック【3:歯科】大分県大分市高城本町５番１３", "url": "https://www.iryou.teikyouseido.mhlw.go.jp/znk-web/juminkanja/S2430/initialize?prefCd=44&kikanCd=2020200000&kikanKbn=3", "url2": null }, "geometry": { "type": "Point", "coordinates": [ 131.657632, 33.244531 ] } },
{ "type": "Feature", "properties": { "内容": "二宮歯科【3:歯科】大分県大分市寒田１０５８番地１８", "url": "https://www.iryou.teikyouseido.mhlw.go.jp/znk-web/juminkanja/S2430/initialize?prefCd=44&kikanCd=2021300000&kikanKbn=3", "url2": "Http://ninomiya-shiksa.jp" }, "geometry": { "type": "Point", "coordinates": [ 131.609924, 33.187645 ] } },
{ "type": "Feature", "properties": { "内容": "加納歯科医院【3:歯科】大分県津久見市中央町", "url": "https://www.iryou.teikyouseido.mhlw.go.jp/znk-web/juminkanja/S2430/initialize?prefCd=44&kikanCd=2021500000&kikanKbn=3", "url2": "https://kanoshikaiin.jimdo.com/" }, "geometry": { "type": "Point", "coordinates": [ 131.86158, 33.074064 ] } },
{ "type": "Feature", "properties": { "内容": "萩原かわの歯科【3:歯科】大分県大分市新栄町", "url": "https://www.iryou.teikyouseido.mhlw.go.jp/znk-web/juminkanja/S2430/initialize?prefCd=44&kikanCd=2022100000&kikanKbn=3", "url2": null }, "geometry": { "type": "Point", "coordinates": [ 131.648736, 33.244209 ] } },
{ "type": "Feature", "properties": { "内容": "カムカム歯科クリニック【3:歯科】大分県中津市中央町", "url": "https://www.iryou.teikyouseido.mhlw.go.jp/znk-web/juminkanja/S2430/initialize?prefCd=44&kikanCd=2022700000&kikanKbn=3", "url2": null }, "geometry": { "type": "Point", "coordinates": [ 131.195393, 33.593685 ] } },
{ "type": "Feature", "properties": { "内容": "飯田高原歯科診療所【3:歯科】大分県玖珠郡九重町大字田野１５８２－５メゾン九重１号棟", "url": "https://www.iryou.teikyouseido.mhlw.go.jp/znk-web/juminkanja/S2430/initialize?prefCd=44&kikanCd=2022800000&kikanKbn=3", "url2": null }, "geometry": { "type": "Point", "coordinates": [ 131.188795, 33.228519 ] } },
{ "type": "Feature", "properties": { "内容": "いまむら歯科クリニック【3:歯科】大分県大分市花園２－１－４４", "url": "https://www.iryou.teikyouseido.mhlw.go.jp/znk-web/juminkanja/S2430/initialize?prefCd=44&kikanCd=2023500000&kikanKbn=3", "url2": null }, "geometry": { "type": "Point", "coordinates": [ 131.608634, 33.211805 ] } },
{ "type": "Feature", "properties": { "内容": "大分みつば歯科口腔外科クリニック【3:歯科】大分県大分市長浜町３－６－２６", "url": "https://www.iryou.teikyouseido.mhlw.go.jp/znk-web/juminkanja/S2430/initialize?prefCd=44&kikanCd=2023900000&kikanKbn=3", "url2": null }, "geometry": { "type": "Point", "coordinates": [ 131.507447, 33.275119 ] } },
{ "type": "Feature", "properties": { "内容": "たきがみ歯科クリニック【3:歯科】大分県宇佐市大字辛島２０３番地", "url": "https://www.iryou.teikyouseido.mhlw.go.jp/znk-web/juminkanja/S2430/initialize?prefCd=44&kikanCd=2024000000&kikanKbn=3", "url2": "takigami-dc.com" }, "geometry": { "type": "Point", "coordinates": [ 131.339869, 33.531733 ] } },
{ "type": "Feature", "properties": { "内容": "前田歯科クリニック【3:歯科】大分県中津市大字下池永１０９番地４", "url": "https://www.iryou.teikyouseido.mhlw.go.jp/znk-web/juminkanja/S2430/initialize?prefCd=44&kikanCd=2024200000&kikanKbn=3", "url2": "https://maedad3560.wixsite.com/meadadentalclinic" }, "geometry": { "type": "Point", "coordinates": [ 131.2141, 33.590187 ] } },
{ "type": "Feature", "properties": { "内容": "フォレスト歯科口腔外科クリニック【3:歯科】大分県速見郡日出町３６４１の６", "url": "https://www.iryou.teikyouseido.mhlw.go.jp/znk-web/juminkanja/S2430/initialize?prefCd=44&kikanCd=2025000000&kikanKbn=3", "url2": "http://www.ooita-2015.com" }, "geometry": { "type": "Point", "coordinates": [ 131.5388, 33.377057 ] } },
{ "type": "Feature", "properties": { "内容": "おおしま歯科クリニック【3:歯科】大分県大分市碩田町２丁目２－２７　碩田ハイツ１階", "url": "https://www.iryou.teikyouseido.mhlw.go.jp/znk-web/juminkanja/S2430/initialize?prefCd=44&kikanCd=2025200000&kikanKbn=3", "url2": null }, "geometry": { "type": "Point", "coordinates": [ 131.612644, 33.246453 ] } },
{ "type": "Feature", "properties": { "内容": "ちよ歯科医院【3:歯科】大分県国東市武蔵町糸原", "url": "https://www.iryou.teikyouseido.mhlw.go.jp/znk-web/juminkanja/S2430/initialize?prefCd=44&kikanCd=2025800000&kikanKbn=3", "url2": null }, "geometry": { "type": "Point", "coordinates": [ 131.722652, 33.483785 ] } },
{ "type": "Feature", "properties": { "内容": "医療法人　角野歯科医院　いまづ歯科【3:歯科】大分県中津市今津１０４５－４", "url": "https://www.iryou.teikyouseido.mhlw.go.jp/znk-web/juminkanja/S2430/initialize?prefCd=44&kikanCd=2026100000&kikanKbn=3", "url2": null }, "geometry": { "type": "Point", "coordinates": [ 131.265885, 33.573329 ] } },
{ "type": "Feature", "properties": { "内容": "土屋デンタルクリニック　大分オフィス【3:歯科】大分県大分市金池南１丁目１１番３０号", "url": "https://www.iryou.teikyouseido.mhlw.go.jp/znk-web/juminkanja/S2430/initialize?prefCd=44&kikanCd=2026300000&kikanKbn=3", "url2": "http://www.tsuchiya-dc.com/" }, "geometry": { "type": "Point", "coordinates": [ 131.604623, 33.228836 ] } },
{ "type": "Feature", "properties": { "内容": "なないろ歯科【3:歯科】大分県大分市中戸次５１１１－９", "url": "https://www.iryou.teikyouseido.mhlw.go.jp/znk-web/juminkanja/S2430/initialize?prefCd=44&kikanCd=2026500000&kikanKbn=3", "url2": null }, "geometry": { "type": "Point", "coordinates": [ 131.656006, 33.15151 ] } },
{ "type": "Feature", "properties": { "内容": "大手町デンタルクリニック【3:歯科】大分県大分市大手町１－３－１５", "url": "https://www.iryou.teikyouseido.mhlw.go.jp/znk-web/juminkanja/S2430/initialize?prefCd=44&kikanCd=2026600000&kikanKbn=3", "url2": null }, "geometry": { "type": "Point", "coordinates": [ 131.60724, 33.23902 ] } },
{ "type": "Feature", "properties": { "内容": "さくら歯科クリニック【3:歯科】大分県大分市大字荏隈字中洲１２８４番２", "url": "https://www.iryou.teikyouseido.mhlw.go.jp/znk-web/juminkanja/S2430/initialize?prefCd=44&kikanCd=2027700000&kikanKbn=3", "url2": "http://oita-sakuradental.com" }, "geometry": { "type": "Point", "coordinates": [ 131.577051, 33.213275 ] } },
{ "type": "Feature", "properties": { "内容": "よしまさ歯科【3:歯科】大分県日田市田島１丁目７－１４", "url": "https://www.iryou.teikyouseido.mhlw.go.jp/znk-web/juminkanja/S2430/initialize?prefCd=44&kikanCd=2027900000&kikanKbn=3", "url2": null }, "geometry": { "type": "Point", "coordinates": [ 130.939875, 33.31785 ] } },
{ "type": "Feature", "properties": { "内容": "クローバー歯科【3:歯科】大分県大分市明野北", "url": "https://www.iryou.teikyouseido.mhlw.go.jp/znk-web/juminkanja/S2430/initialize?prefCd=44&kikanCd=2028300000&kikanKbn=3", "url2": "http://clove-oita.com/" }, "geometry": { "type": "Point", "coordinates": [ 131.651819, 33.234782 ] } },
{ "type": "Feature", "properties": { "内容": "たけお歯科クリニック【3:歯科】大分県大分市木上２０５９番", "url": "https://www.iryou.teikyouseido.mhlw.go.jp/znk-web/juminkanja/S2430/initialize?prefCd=44&kikanCd=2028400000&kikanKbn=3", "url2": "http://www.takeo-dc.com/" }, "geometry": { "type": "Point", "coordinates": [ 131.567068, 33.184806 ] } },
{ "type": "Feature", "properties": { "内容": "まつばらデンタルクリニック【3:歯科】大分県大分市椎迫２−１", "url": "https://www.iryou.teikyouseido.mhlw.go.jp/znk-web/juminkanja/S2430/initialize?prefCd=44&kikanCd=2029100000&kikanKbn=3", "url2": "https://matubara-dc.com/" }, "geometry": { "type": "Point", "coordinates": [ 131.587973, 33.225352 ] } },
{ "type": "Feature", "properties": { "内容": "どひ歯科医院【3:歯科】大分県臼杵市江無田２６６−５", "url": "https://www.iryou.teikyouseido.mhlw.go.jp/znk-web/juminkanja/S2430/initialize?prefCd=44&kikanCd=2029400000&kikanKbn=3", "url2": null }, "geometry": { "type": "Point", "coordinates": [ 131.790028, 33.125616 ] } },
{ "type": "Feature", "properties": { "内容": "陽だまり歯科医院【3:歯科】大分県臼杵市野津町野津市９７番地２", "url": "https://www.iryou.teikyouseido.mhlw.go.jp/znk-web/juminkanja/S2430/initialize?prefCd=44&kikanCd=2029500000&kikanKbn=3", "url2": null }, "geometry": { "type": "Point", "coordinates": [ 131.69271, 33.044052 ] } },
{ "type": "Feature", "properties": { "内容": "みどり歯科おとなこどもクリニック【3:歯科】大分県大分市常行１２９－１", "url": "https://www.iryou.teikyouseido.mhlw.go.jp/znk-web/juminkanja/S2430/initialize?prefCd=44&kikanCd=2031500000&kikanKbn=3", "url2": "http://www.midorishika.jp/" }, "geometry": { "type": "Point", "coordinates": [ 131.689741, 33.218768 ] } },
{ "type": "Feature", "properties": { "内容": "にじいろ歯科クリニック【3:歯科】大分県大分市田尻６０６－１", "url": "https://www.iryou.teikyouseido.mhlw.go.jp/znk-web/juminkanja/S2430/initialize?prefCd=44&kikanCd=2032100000&kikanKbn=3", "url2": "http://nijiiro-dc.jp/" }, "geometry": { "type": "Point", "coordinates": [ 131.593487, 33.18678 ] } },
{ "type": "Feature", "properties": { "内容": "はまわきマハロ歯科【3:歯科】大分県別府市浜脇", "url": "https://www.iryou.teikyouseido.mhlw.go.jp/znk-web/juminkanja/S2430/initialize?prefCd=44&kikanCd=2032800000&kikanKbn=3", "url2": "https://www.mahalo-dent.com/" }, "geometry": { "type": "Point", "coordinates": [ 131.507682, 33.269653 ] } },
{ "type": "Feature", "properties": { "内容": "大分県口腔保健センター【3:歯科】大分県大分市王子新町６番１号", "url": "https://www.iryou.teikyouseido.mhlw.go.jp/znk-web/juminkanja/S2430/initialize?prefCd=44&kikanCd=2033300000&kikanKbn=3", "url2": "http://www.oita-dental-a.or.jp/sika_center.php" }, "geometry": { "type": "Point", "coordinates": [ 131.590183, 33.236803 ] } },
{ "type": "Feature", "properties": { "内容": "イイダ歯科【3:歯科】大分県別府市上人仲町１－４", "url": "https://www.iryou.teikyouseido.mhlw.go.jp/znk-web/juminkanja/S2430/initialize?prefCd=44&kikanCd=2033400000&kikanKbn=3", "url2": null }, "geometry": { "type": "Point", "coordinates": [ 131.497053, 33.312792 ] } },
{ "type": "Feature", "properties": { "内容": "ふじわら歯科富士見が丘【3:歯科】大分県大分市富士見が丘東５丁目１０番１号", "url": "https://www.iryou.teikyouseido.mhlw.go.jp/znk-web/juminkanja/S2430/initialize?prefCd=44&kikanCd=2033600000&kikanKbn=3", "url2": "fujiwaradental.com" }, "geometry": { "type": "Point", "coordinates": [ 131.545437, 33.182008 ] } },
{ "type": "Feature", "properties": { "内容": "立花歯科医院【3:歯科】大分県大分市金池町２－１－３", "url": "https://www.iryou.teikyouseido.mhlw.go.jp/znk-web/juminkanja/S2430/initialize?prefCd=44&kikanCd=2034200000&kikanKbn=3", "url2": "http://www.tachibana-dc.site/" }, "geometry": { "type": "Point", "coordinates": [ 131.608164, 33.234766 ] } },
{ "type": "Feature", "properties": { "内容": "大分矯正歯科【3:歯科】大分県大分市末広町１－１－３２　末広ビル６Ｆ", "url": "https://www.iryou.teikyouseido.mhlw.go.jp/znk-web/juminkanja/S2430/initialize?prefCd=44&kikanCd=2034400000&kikanKbn=3", "url2": "https://oita-ortho.com/" }, "geometry": { "type": "Point", "coordinates": [ 131.606055, 33.234038 ] } },
{ "type": "Feature", "properties": { "内容": "かさき歯科【3:歯科】大分県大分市東鶴崎２－１－２", "url": "https://www.iryou.teikyouseido.mhlw.go.jp/znk-web/juminkanja/S2430/initialize?prefCd=44&kikanCd=2035000000&kikanKbn=3", "url2": "http://www.kasaki-dc.com/" }, "geometry": { "type": "Point", "coordinates": [ 131.69442, 33.239444 ] } },
{ "type": "Feature", "properties": { "内容": "ありさ歯科クリニック【3:歯科】大分県大分市賀来南２丁目１－２５", "url": "https://www.iryou.teikyouseido.mhlw.go.jp/znk-web/juminkanja/S2430/initialize?prefCd=44&kikanCd=2035200000&kikanKbn=3", "url2": "http://arisa-dental.clinic" }, "geometry": { "type": "Point", "coordinates": [ 131.564053, 33.211812 ] } },
{ "type": "Feature", "properties": { "内容": "医療法人Ｐｌａｎｔｒｅｅうえきデンタルクリニック【3:歯科】大分県豊後高田市新町２０１８－２", "url": "https://www.iryou.teikyouseido.mhlw.go.jp/znk-web/juminkanja/S2430/initialize?prefCd=44&kikanCd=2035800000&kikanKbn=3", "url2": null }, "geometry": { "type": "Point", "coordinates": [ 131.436083, 33.558532 ] } },
{ "type": "Feature", "properties": { "内容": "歯科医院　丸尾崎【3:歯科】大分県別府市西野口町１５−３６", "url": "https://www.iryou.teikyouseido.mhlw.go.jp/znk-web/juminkanja/S2430/initialize?prefCd=44&kikanCd=2036600000&kikanKbn=3", "url2": "https://www.maruozaki.com/" }, "geometry": { "type": "Point", "coordinates": [ 131.49403, 33.284064 ] } },
{ "type": "Feature", "properties": { "内容": "加賀谷歯科医院【3:歯科】大分県別府市千代町１１５－１", "url": "https://www.iryou.teikyouseido.mhlw.go.jp/znk-web/juminkanja/S2430/initialize?prefCd=44&kikanCd=2036800000&kikanKbn=3", "url2": "https://www.kagaya-dc.com" }, "geometry": { "type": "Point", "coordinates": [ 131.504391, 33.273442 ] } },
{ "type": "Feature", "properties": { "内容": "永井歯科医院【3:歯科】大分県大分市上宗方１２４１番地の２", "url": "https://www.iryou.teikyouseido.mhlw.go.jp/znk-web/juminkanja/S2430/initialize?prefCd=44&kikanCd=2037000000&kikanKbn=3", "url2": null }, "geometry": { "type": "Point", "coordinates": [ 131.580977, 33.200406 ] } },
{ "type": "Feature", "properties": { "内容": "医療法人　みのり歯科クリニック【3:歯科】大分県大分市上宗方１０８４", "url": "https://www.iryou.teikyouseido.mhlw.go.jp/znk-web/juminkanja/S2430/initialize?prefCd=44&kikanCd=2037200000&kikanKbn=3", "url2": "https://www.minorisika.jp" }, "geometry": { "type": "Point", "coordinates": [ 131.579733, 33.197126 ] } },
{ "type": "Feature", "properties": { "内容": "ワハハ総合デンタル大分駅北クリニック【3:歯科】大分県大分市府内町１－６－３８大分クリニックビル２Ｆ", "url": "https://www.iryou.teikyouseido.mhlw.go.jp/znk-web/juminkanja/S2430/initialize?prefCd=44&kikanCd=2037800000&kikanKbn=3", "url2": "https://wahaha-ooita.jp/" }, "geometry": { "type": "Point", "coordinates": [ 131.6108, 33.235848 ] } },
{ "type": "Feature", "properties": { "内容": "三ケ田町三浦歯科【3:歯科】大分県大分市三ケ田町", "url": "https://www.iryou.teikyouseido.mhlw.go.jp/znk-web/juminkanja/S2430/initialize?prefCd=44&kikanCd=2038000000&kikanKbn=3", "url2": "https://www.miketamachi-dc.com" }, "geometry": { "type": "Point", "coordinates": [ 131.593357, 33.217236 ] } },
{ "type": "Feature", "properties": { "内容": "医療法人Ｈ．Ｅ．Ｆしゅんたろう歯科クリニック【3:歯科】大分県別府市新港町２－８２", "url": "https://www.iryou.teikyouseido.mhlw.go.jp/znk-web/juminkanja/S2430/initialize?prefCd=44&kikanCd=2038200000&kikanKbn=3", "url2": null }, "geometry": { "type": "Point", "coordinates": [ 131.500593, 33.298175 ] } },
{ "type": "Feature", "properties": { "内容": "さくらの森デンタルケアクリニック【3:歯科】大分県大分市玉沢９６５－１", "url": "https://www.iryou.teikyouseido.mhlw.go.jp/znk-web/juminkanja/S2430/initialize?prefCd=44&kikanCd=2042900000&kikanKbn=3", "url2": "https://www.sakuranomori-dc.net/access.html" }, "geometry": { "type": "Point", "coordinates": [ 131.585049, 33.191086 ] } },
{ "type": "Feature", "properties": { "内容": "羽屋ながお歯科【3:歯科】大分県大分市羽屋２丁目５番５号", "url": "https://www.iryou.teikyouseido.mhlw.go.jp/znk-web/juminkanja/S2430/initialize?prefCd=44&kikanCd=2043000000&kikanKbn=3", "url2": "https://www.haya-nagao-dental.com/" }, "geometry": { "type": "Point", "coordinates": [ 131.599738, 33.214529 ] } },
{ "type": "Feature", "properties": { "内容": "そのぎ歯科クリニック【3:歯科】大分県大分市花江川１−１", "url": "https://www.iryou.teikyouseido.mhlw.go.jp/znk-web/juminkanja/S2430/initialize?prefCd=44&kikanCd=2045600000&kikanKbn=3", "url2": "https://sonogi-dental-clinic.com" }, "geometry": { "type": "Point", "coordinates": [ 131.703548, 33.24337 ] } },
{ "type": "Feature", "properties": { "内容": "大分ペリオデンタルオフィス【3:歯科】大分県大分市末広町一丁目１番３２号末広ビル８階", "url": "https://www.iryou.teikyouseido.mhlw.go.jp/znk-web/juminkanja/S2430/initialize?prefCd=44&kikanCd=2046200000&kikanKbn=3", "url2": "https://www.oita-perio.com/" }, "geometry": { "type": "Point", "coordinates": [ 131.606133, 33.234007 ] } },
{ "type": "Feature", "properties": { "内容": "つばさデンタルクリニック【3:歯科】大分県大分市上田町３丁目２版１５号　グランモールきたじま２階", "url": "https://www.iryou.teikyouseido.mhlw.go.jp/znk-web/juminkanja/S2430/initialize?prefCd=44&kikanCd=2047100000&kikanKbn=3", "url2": null }, "geometry": { "type": "Point", "coordinates": [ 131.60192, 33.215246 ] } },
{ "type": "Feature", "properties": { "内容": "弓崎歯科【3:歯科】大分県大分市王子町８－１", "url": "https://www.iryou.teikyouseido.mhlw.go.jp/znk-web/juminkanja/S2430/initialize?prefCd=44&kikanCd=2047200000&kikanKbn=3", "url2": "https://seisuikai-oita.com/" }, "geometry": { "type": "Point", "coordinates": [ 131.589454, 33.243254 ] } },
{ "type": "Feature", "properties": { "内容": "猪野歯科クリニック【3:歯科】大分県大分市猪野", "url": "https://www.iryou.teikyouseido.mhlw.go.jp/znk-web/juminkanja/S2430/initialize?prefCd=44&kikanCd=2048100000&kikanKbn=3", "url2": "https://www.inodc.com" }, "geometry": { "type": "Point", "coordinates": [ 131.664771, 33.225072 ] } },
{ "type": "Feature", "properties": { "内容": "髙田歯科醫院【3:歯科】大分県日田市三本松１丁目８－２８", "url": "https://www.iryou.teikyouseido.mhlw.go.jp/znk-web/juminkanja/S2430/initialize?prefCd=44&kikanCd=2048800000&kikanKbn=3", "url2": null }, "geometry": { "type": "Point", "coordinates": [ 130.9335, 33.31964 ] } },
{ "type": "Feature", "properties": { "内容": "ごとう歯科医院【3:歯科】大分県日田市東町３－１２", "url": "https://www.iryou.teikyouseido.mhlw.go.jp/znk-web/juminkanja/S2430/initialize?prefCd=44&kikanCd=2048900000&kikanKbn=3", "url2": "https://www.go-to-dentalclinic.com/" }, "geometry": { "type": "Point", "coordinates": [ 130.935592, 33.311469 ] } },
{ "type": "Feature", "properties": { "内容": "うえのまち歯科【3:歯科】大分県大分市上野町１－６　プリメーラコート神志那１０１", "url": "https://www.iryou.teikyouseido.mhlw.go.jp/znk-web/juminkanja/S2430/initialize?prefCd=44&kikanCd=2050100000&kikanKbn=3", "url2": "https://www.uenomachi-shika.com" }, "geometry": { "type": "Point", "coordinates": [ 131.611919, 33.229797 ] } },
{ "type": "Feature", "properties": { "内容": "医療法人　高翔　ひろ歯科クリニック【3:歯科】大分県大分市下郡北３丁目２６番７号", "url": "https://www.iryou.teikyouseido.mhlw.go.jp/znk-web/juminkanja/S2430/initialize?prefCd=44&kikanCd=2050600000&kikanKbn=3", "url2": "https://www.hirodc.net/" }, "geometry": { "type": "Point", "coordinates": [ 131.635099, 33.228917 ] } },
{ "type": "Feature", "properties": { "内容": "ひかりの森クリニック【3:歯科】大分県大分市萩原４丁目９番１号", "url": "https://www.iryou.teikyouseido.mhlw.go.jp/znk-web/juminkanja/S2430/initialize?prefCd=44&kikanCd=2051200000&kikanKbn=3", "url2": null }, "geometry": { "type": "Point", "coordinates": [ 131.642832, 33.248507 ] } },
{ "type": "Feature", "properties": { "内容": "ウェルデンタルクリニック【3:歯科】大分県宇佐市上田", "url": "https://www.iryou.teikyouseido.mhlw.go.jp/znk-web/juminkanja/S2430/initialize?prefCd=44&kikanCd=2051800000&kikanKbn=3", "url2": "http://www.ueldental.com" }, "geometry": { "type": "Point", "coordinates": [ 131.341231, 33.532309 ] } },
{ "type": "Feature", "properties": { "内容": "くわばら歯科【3:歯科】大分県大分市下郡南１－７－７", "url": "https://www.iryou.teikyouseido.mhlw.go.jp/znk-web/juminkanja/S2430/initialize?prefCd=44&kikanCd=2054000000&kikanKbn=3", "url2": "https://www.kuwabara-shika.com/" }, "geometry": { "type": "Point", "coordinates": [ 131.630203, 33.222336 ] } },
{ "type": "Feature", "properties": { "内容": "かなだ歯科医院【3:歯科】大分県大分市角子原９０７", "url": "https://www.iryou.teikyouseido.mhlw.go.jp/znk-web/juminkanja/S2430/initialize?prefCd=44&kikanCd=2057000000&kikanKbn=3", "url2": null }, "geometry": { "type": "Point", "coordinates": [ 131.713842, 33.245333 ] } },
{ "type": "Feature", "properties": { "内容": "センチュリーデンタルオフィス【3:歯科】大分県大分市玉沢８３６番地サテライト玉沢", "url": "https://www.iryou.teikyouseido.mhlw.go.jp/znk-web/juminkanja/S2430/initialize?prefCd=44&kikanCd=2057800000&kikanKbn=3", "url2": null }, "geometry": { "type": "Point", "coordinates": [ 131.583142, 33.1899 ] } }
]
}
